<?xml version="1.0" encoding="UTF-8"?>
<gpx xmlns="http://www.topografix.com/GPX/1/1" xmlns:xsi="http://www.w3.org/2001/XMLSchema-instance" xmlns:gpxtpx="http://www.garmin.com/xmlschemas/TrackPointExtension/v1" version="1.1" creator="Samsung Health_0.2" xsi:schemaLocation="http://www.topografix.com/GPX/1/1 http://www.topografix.com/GPX/1/1/gpx.xsd http://www.garmin.com/xmlschemas/TrackPointExtension/v1 http://www.garmin.com/xmlschemas/TrackPointExtensionv1.xsd">
<metadate>2026-05-08T06:22:04Z</metadate>
<trk>
<name>20260508_082203.gpx</name>
<trkseg>
<trkpt lat="45.95267566" lon="6.62858319">
<ele>533.9494</ele>
<time>2026-05-08T06:22:04Z</time>
</trkpt>
<trkpt lat="45.95267509" lon="6.62858344">
<ele>533.9388</ele>
<time>2026-05-08T06:22:05Z</time>
</trkpt>
<trkpt lat="45.95267466" lon="6.62858305">
<ele>533.923</ele>
<time>2026-05-08T06:22:06Z</time>
</trkpt>
<trkpt lat="45.95267395" lon="6.62858244">
<ele>533.9282</ele>
<time>2026-05-08T06:22:07Z</time>
</trkpt>
<trkpt lat="45.95267364" lon="6.62858226">
<ele>533.923</ele>
<time>2026-05-08T06:22:08Z</time>
</trkpt>
<trkpt lat="45.95267335" lon="6.62858226">
<ele>533.9124</ele>
<time>2026-05-08T06:22:09Z</time>
</trkpt>
<trkpt lat="45.95267298" lon="6.62858232">
<ele>533.91766</ele>
<time>2026-05-08T06:22:10Z</time>
</trkpt>
<trkpt lat="45.95267254" lon="6.62858252">
<ele>533.91766</ele>
<time>2026-05-08T06:22:11Z</time>
</trkpt>
<trkpt lat="45.95267231" lon="6.62858272">
<ele>533.923</ele>
<time>2026-05-08T06:22:12Z</time>
</trkpt>
<trkpt lat="45.95267228" lon="6.62858276">
<ele>533.923</ele>
<time>2026-05-08T06:22:13Z</time>
</trkpt>
<trkpt lat="45.95267234" lon="6.62858273">
<ele>533.93353</ele>
<time>2026-05-08T06:22:14Z</time>
</trkpt>
<trkpt lat="45.95267233" lon="6.62858275">
<ele>533.9282</ele>
<time>2026-05-08T06:22:15Z</time>
</trkpt>
<trkpt lat="45.95267235" lon="6.62858276">
<ele>533.93353</ele>
<time>2026-05-08T06:22:16Z</time>
</trkpt>
<trkpt lat="45.95267243" lon="6.62858279">
<ele>533.9441</ele>
<time>2026-05-08T06:22:17Z</time>
</trkpt>
<trkpt lat="45.95262369" lon="6.62872835">
<ele>534.0181</ele>
<time>2026-05-08T06:23:10Z</time>
</trkpt>
<trkpt lat="45.9526302" lon="6.62877508">
<ele>534.0445</ele>
<time>2026-05-08T06:23:11Z</time>
</trkpt>
<trkpt lat="45.95263792" lon="6.62882712">
<ele>534.0445</ele>
<time>2026-05-08T06:23:12Z</time>
</trkpt>
<trkpt lat="45.95264691" lon="6.62888402">
<ele>534.05505</ele>
<time>2026-05-08T06:23:13Z</time>
</trkpt>
<trkpt lat="45.9526537" lon="6.62893864">
<ele>534.0656</ele>
<time>2026-05-08T06:23:14Z</time>
</trkpt>
<trkpt lat="45.95266094" lon="6.62898597">
<ele>534.05505</ele>
<time>2026-05-08T06:23:15Z</time>
</trkpt>
<trkpt lat="45.95266756" lon="6.62903231">
<ele>534.0656</ele>
<time>2026-05-08T06:23:16Z</time>
</trkpt>
<trkpt lat="45.95267649" lon="6.62907667">
<ele>534.0709</ele>
<time>2026-05-08T06:23:17Z</time>
</trkpt>
<trkpt lat="45.952684" lon="6.6291057">
<ele>534.0656</ele>
<time>2026-05-08T06:23:18Z</time>
</trkpt>
<trkpt lat="45.95269636" lon="6.62915444">
<ele>534.0656</ele>
<time>2026-05-08T06:23:20Z</time>
</trkpt>
<trkpt lat="45.95270349" lon="6.629171">
<ele>534.0709</ele>
<time>2026-05-08T06:23:21Z</time>
</trkpt>
<trkpt lat="45.95271374" lon="6.62918858">
<ele>534.07623</ele>
<time>2026-05-08T06:23:22Z</time>
</trkpt>
<trkpt lat="45.95273262" lon="6.62922772">
<ele>534.0921</ele>
<time>2026-05-08T06:23:24Z</time>
</trkpt>
<trkpt lat="45.95274464" lon="6.6292495">
<ele>534.1132</ele>
<time>2026-05-08T06:23:25Z</time>
</trkpt>
<trkpt lat="45.95276801" lon="6.62927365">
<ele>534.1449</ele>
<time>2026-05-08T06:23:26Z</time>
</trkpt>
<trkpt lat="45.95279935" lon="6.62928735">
<ele>534.1819</ele>
<time>2026-05-08T06:23:27Z</time>
</trkpt>
<trkpt lat="45.95286395" lon="6.62925654">
<ele>534.2189</ele>
<time>2026-05-08T06:23:28Z</time>
</trkpt>
<trkpt lat="45.95291442" lon="6.62928067">
<ele>534.2665</ele>
<time>2026-05-08T06:23:29Z</time>
</trkpt>
<trkpt lat="45.95297329" lon="6.62925972">
<ele>534.29285</ele>
<time>2026-05-08T06:23:30Z</time>
</trkpt>
<trkpt lat="45.95301743" lon="6.62923162">
<ele>534.31934</ele>
<time>2026-05-08T06:23:31Z</time>
</trkpt>
<trkpt lat="45.95307874" lon="6.62924991">
<ele>534.34045</ele>
<time>2026-05-08T06:23:32Z</time>
</trkpt>
<trkpt lat="45.95313334" lon="6.62925369">
<ele>534.3457</ele>
<time>2026-05-08T06:23:33Z</time>
</trkpt>
<trkpt lat="45.95326061" lon="6.62920832">
<ele>534.3616</ele>
<time>2026-05-08T06:23:35Z</time>
</trkpt>
<trkpt lat="45.95338553" lon="6.62918921">
<ele>534.3722</ele>
<time>2026-05-08T06:23:37Z</time>
</trkpt>
<trkpt lat="45.95344941" lon="6.62920695">
<ele>534.388</ele>
<time>2026-05-08T06:23:38Z</time>
</trkpt>
<trkpt lat="45.95349973" lon="6.62918381">
<ele>534.39856</ele>
<time>2026-05-08T06:23:39Z</time>
</trkpt>
<trkpt lat="45.95355102" lon="6.62912841">
<ele>534.3933</ele>
<time>2026-05-08T06:23:40Z</time>
</trkpt>
<trkpt lat="45.95358012" lon="6.62906944">
<ele>534.38275</ele>
<time>2026-05-08T06:23:41Z</time>
</trkpt>
<trkpt lat="45.95357521" lon="6.62897498">
<ele>534.38275</ele>
<time>2026-05-08T06:23:42Z</time>
</trkpt>
<trkpt lat="45.95359004" lon="6.62890028">
<ele>534.38275</ele>
<time>2026-05-08T06:23:43Z</time>
</trkpt>
<trkpt lat="45.95359169" lon="6.62883554">
<ele>534.3669</ele>
<time>2026-05-08T06:23:44Z</time>
</trkpt>
<trkpt lat="45.95359447" lon="6.62880676">
<ele>534.3457</ele>
<time>2026-05-08T06:23:45Z</time>
</trkpt>
<trkpt lat="45.95355825" lon="6.62874063">
<ele>534.30347</ele>
<time>2026-05-08T06:23:47Z</time>
</trkpt>
<trkpt lat="45.95355766" lon="6.62871513">
<ele>534.2823</ele>
<time>2026-05-08T06:23:48Z</time>
</trkpt>
<trkpt lat="45.95355849" lon="6.62870257">
<ele>534.2717</ele>
<time>2026-05-08T06:23:49Z</time>
</trkpt>
<trkpt lat="45.9535893" lon="6.62867375">
<ele>534.24005</ele>
<time>2026-05-08T06:23:51Z</time>
</trkpt>
<trkpt lat="45.95361621" lon="6.62867063">
<ele>534.2242</ele>
<time>2026-05-08T06:23:52Z</time>
</trkpt>
<trkpt lat="45.95366155" lon="6.62867292">
<ele>534.2189</ele>
<time>2026-05-08T06:23:53Z</time>
</trkpt>
<trkpt lat="45.95371857" lon="6.62868426">
<ele>534.20306</ele>
<time>2026-05-08T06:23:54Z</time>
</trkpt>
<trkpt lat="45.95377907" lon="6.62868402">
<ele>534.1925</ele>
<time>2026-05-08T06:23:55Z</time>
</trkpt>
<trkpt lat="45.95383454" lon="6.62867803">
<ele>534.17664</ele>
<time>2026-05-08T06:23:56Z</time>
</trkpt>
<trkpt lat="45.95390046" lon="6.62865684">
<ele>534.16077</ele>
<time>2026-05-08T06:23:57Z</time>
</trkpt>
<trkpt lat="45.95404002" lon="6.62863414">
<ele>534.11847</ele>
<time>2026-05-08T06:23:59Z</time>
</trkpt>
<trkpt lat="45.95411643" lon="6.62861949">
<ele>534.07623</ele>
<time>2026-05-08T06:24:00Z</time>
</trkpt>
<trkpt lat="45.95419909" lon="6.62861623">
<ele>534.0498</ele>
<time>2026-05-08T06:24:01Z</time>
</trkpt>
<trkpt lat="45.95426476" lon="6.6286114">
<ele>534.0445</ele>
<time>2026-05-08T06:24:02Z</time>
</trkpt>
<trkpt lat="45.95433735" lon="6.62859597">
<ele>534.0656</ele>
<time>2026-05-08T06:24:03Z</time>
</trkpt>
<trkpt lat="45.95441314" lon="6.62858446">
<ele>534.0868</ele>
<time>2026-05-08T06:24:04Z</time>
</trkpt>
<trkpt lat="45.95447815" lon="6.62857785">
<ele>534.129</ele>
<time>2026-05-08T06:24:05Z</time>
</trkpt>
<trkpt lat="45.9545458" lon="6.62857198">
<ele>534.129</ele>
<time>2026-05-08T06:24:06Z</time>
</trkpt>
<trkpt lat="45.95457563" lon="6.62856317">
<ele>534.0815</ele>
<time>2026-05-08T06:24:07Z</time>
</trkpt>
<trkpt lat="45.95462599" lon="6.62856214">
<ele>534.03925</ele>
<time>2026-05-08T06:24:08Z</time>
</trkpt>
<trkpt lat="45.95463336" lon="6.6286195">
<ele>533.9864</ele>
<time>2026-05-08T06:24:09Z</time>
</trkpt>
<trkpt lat="45.95467344" lon="6.62863655">
<ele>533.9388</ele>
<time>2026-05-08T06:24:10Z</time>
</trkpt>
<trkpt lat="45.95474765" lon="6.628566">
<ele>533.90186</ele>
<time>2026-05-08T06:24:11Z</time>
</trkpt>
<trkpt lat="45.95480486" lon="6.62855041">
<ele>533.886</ele>
<time>2026-05-08T06:24:12Z</time>
</trkpt>
<trkpt lat="45.9548587" lon="6.62855382">
<ele>533.87537</ele>
<time>2026-05-08T06:24:13Z</time>
</trkpt>
<trkpt lat="45.9549177" lon="6.62856083">
<ele>533.8807</ele>
<time>2026-05-08T06:24:14Z</time>
</trkpt>
<trkpt lat="45.95497234" lon="6.62856864">
<ele>533.90186</ele>
<time>2026-05-08T06:24:15Z</time>
</trkpt>
<trkpt lat="45.95503389" lon="6.62862803">
<ele>533.91766</ele>
<time>2026-05-08T06:24:16Z</time>
</trkpt>
<trkpt lat="45.95504197" lon="6.62873505">
<ele>533.9547</ele>
<time>2026-05-08T06:24:17Z</time>
</trkpt>
<trkpt lat="45.95508618" lon="6.6287966">
<ele>533.9811</ele>
<time>2026-05-08T06:24:18Z</time>
</trkpt>
<trkpt lat="45.9551369" lon="6.62885529">
<ele>533.99164</ele>
<time>2026-05-08T06:24:19Z</time>
</trkpt>
<trkpt lat="45.95517535" lon="6.6289191">
<ele>534.0022</ele>
<time>2026-05-08T06:24:20Z</time>
</trkpt>
<trkpt lat="45.95524227" lon="6.62894">
<ele>534.0022</ele>
<time>2026-05-08T06:24:21Z</time>
</trkpt>
<trkpt lat="45.95526761" lon="6.62898934">
<ele>533.9864</ele>
<time>2026-05-08T06:24:22Z</time>
</trkpt>
<trkpt lat="45.95530174" lon="6.62904896">
<ele>533.9388</ele>
<time>2026-05-08T06:24:23Z</time>
</trkpt>
<trkpt lat="45.95532397" lon="6.62908537">
<ele>533.89124</ele>
<time>2026-05-08T06:24:24Z</time>
</trkpt>
<trkpt lat="45.95534499" lon="6.62910852">
<ele>533.849</ele>
<time>2026-05-08T06:24:25Z</time>
</trkpt>
<trkpt lat="45.95536871" lon="6.62913739">
<ele>533.8278</ele>
<time>2026-05-08T06:24:26Z</time>
</trkpt>
<trkpt lat="45.95539536" lon="6.62917669">
<ele>533.81726</ele>
<time>2026-05-08T06:24:27Z</time>
</trkpt>
<trkpt lat="45.95543196" lon="6.62922168">
<ele>533.8331</ele>
<time>2026-05-08T06:24:28Z</time>
</trkpt>
<trkpt lat="45.95550005" lon="6.62926744">
<ele>533.849</ele>
<time>2026-05-08T06:24:29Z</time>
</trkpt>
<trkpt lat="45.95555033" lon="6.62929769">
<ele>533.89124</ele>
<time>2026-05-08T06:24:30Z</time>
</trkpt>
<trkpt lat="45.9556225" lon="6.62933233">
<ele>533.9441</ele>
<time>2026-05-08T06:24:31Z</time>
</trkpt>
<trkpt lat="45.95569278" lon="6.62936071">
<ele>533.99695</ele>
<time>2026-05-08T06:24:32Z</time>
</trkpt>
<trkpt lat="45.95577454" lon="6.62938943">
<ele>534.03394</ele>
<time>2026-05-08T06:24:33Z</time>
</trkpt>
<trkpt lat="45.95584467" lon="6.62941715">
<ele>534.07623</ele>
<time>2026-05-08T06:24:34Z</time>
</trkpt>
<trkpt lat="45.9559146" lon="6.6294388">
<ele>534.0868</ele>
<time>2026-05-08T06:24:35Z</time>
</trkpt>
<trkpt lat="45.95597322" lon="6.62946031">
<ele>534.0445</ele>
<time>2026-05-08T06:24:36Z</time>
</trkpt>
<trkpt lat="45.95602155" lon="6.62948261">
<ele>533.9653</ele>
<time>2026-05-08T06:24:37Z</time>
</trkpt>
<trkpt lat="45.95605819" lon="6.62949311">
<ele>533.886</ele>
<time>2026-05-08T06:24:38Z</time>
</trkpt>
<trkpt lat="45.95610016" lon="6.62950824">
<ele>533.81726</ele>
<time>2026-05-08T06:24:39Z</time>
</trkpt>
<trkpt lat="45.95614784" lon="6.62951758">
<ele>533.77496</ele>
<time>2026-05-08T06:24:40Z</time>
</trkpt>
<trkpt lat="45.95620387" lon="6.62952026">
<ele>533.7433</ele>
<time>2026-05-08T06:24:41Z</time>
</trkpt>
<trkpt lat="45.95626552" lon="6.6295119">
<ele>533.71686</ele>
<time>2026-05-08T06:24:42Z</time>
</trkpt>
<trkpt lat="45.95632218" lon="6.62948904">
<ele>533.6904</ele>
<time>2026-05-08T06:24:43Z</time>
</trkpt>
<trkpt lat="45.95637655" lon="6.62947548">
<ele>533.6376</ele>
<time>2026-05-08T06:24:44Z</time>
</trkpt>
<trkpt lat="45.95642443" lon="6.62946105">
<ele>533.59</ele>
<time>2026-05-08T06:24:45Z</time>
</trkpt>
<trkpt lat="45.95647278" lon="6.62944796">
<ele>533.55835</ele>
<time>2026-05-08T06:24:46Z</time>
</trkpt>
<trkpt lat="45.95652672" lon="6.62943418">
<ele>533.5477</ele>
<time>2026-05-08T06:24:47Z</time>
</trkpt>
<trkpt lat="45.95659887" lon="6.62942189">
<ele>533.5689</ele>
<time>2026-05-08T06:24:48Z</time>
</trkpt>
<trkpt lat="45.95668173" lon="6.62940098">
<ele>533.627</ele>
<time>2026-05-08T06:24:49Z</time>
</trkpt>
<trkpt lat="45.95677523" lon="6.62938018">
<ele>533.701</ele>
<time>2026-05-08T06:24:50Z</time>
</trkpt>
<trkpt lat="45.95687517" lon="6.62936026">
<ele>533.8067</ele>
<time>2026-05-08T06:24:51Z</time>
</trkpt>
<trkpt lat="45.95698671" lon="6.6293317">
<ele>533.9388</ele>
<time>2026-05-08T06:24:52Z</time>
</trkpt>
<trkpt lat="45.95710143" lon="6.6293087">
<ele>534.06036</ele>
<time>2026-05-08T06:24:53Z</time>
</trkpt>
<trkpt lat="45.9572165" lon="6.62928445">
<ele>534.1713</ele>
<time>2026-05-08T06:24:54Z</time>
</trkpt>
<trkpt lat="45.95732977" lon="6.6292613">
<ele>534.2823</ele>
<time>2026-05-08T06:24:55Z</time>
</trkpt>
<trkpt lat="45.95743307" lon="6.62923711">
<ele>534.3722</ele>
<time>2026-05-08T06:24:56Z</time>
</trkpt>
<trkpt lat="45.95753674" lon="6.62921332">
<ele>534.425</ele>
<time>2026-05-08T06:24:57Z</time>
</trkpt>
<trkpt lat="45.95762947" lon="6.62920412">
<ele>534.47784</ele>
<time>2026-05-08T06:24:58Z</time>
</trkpt>
<trkpt lat="45.95770645" lon="6.62921313">
<ele>534.49896</ele>
<time>2026-05-08T06:24:59Z</time>
</trkpt>
<trkpt lat="45.95777736" lon="6.6292491">
<ele>534.52014</ele>
<time>2026-05-08T06:25:00Z</time>
</trkpt>
<trkpt lat="45.95783699" lon="6.62929898">
<ele>534.5307</ele>
<time>2026-05-08T06:25:01Z</time>
</trkpt>
<trkpt lat="45.95787809" lon="6.62935825">
<ele>534.5307</ele>
<time>2026-05-08T06:25:02Z</time>
</trkpt>
<trkpt lat="45.95791033" lon="6.62942497">
<ele>534.5254</ele>
<time>2026-05-08T06:25:03Z</time>
</trkpt>
<trkpt lat="45.95792573" lon="6.6294825">
<ele>534.51483</ele>
<time>2026-05-08T06:25:04Z</time>
</trkpt>
<trkpt lat="45.95793407" lon="6.6295538">
<ele>534.5043</ele>
<time>2026-05-08T06:25:05Z</time>
</trkpt>
<trkpt lat="45.95793086" lon="6.62961945">
<ele>534.49896</ele>
<time>2026-05-08T06:25:06Z</time>
</trkpt>
<trkpt lat="45.95792401" lon="6.62968103">
<ele>534.4937</ele>
<time>2026-05-08T06:25:07Z</time>
</trkpt>
<trkpt lat="45.95791586" lon="6.62975556">
<ele>534.5043</ele>
<time>2026-05-08T06:25:08Z</time>
</trkpt>
<trkpt lat="45.9579119" lon="6.62983">
<ele>534.5254</ele>
<time>2026-05-08T06:25:09Z</time>
</trkpt>
<trkpt lat="45.95792024" lon="6.62991038">
<ele>534.5518</ele>
<time>2026-05-08T06:25:10Z</time>
</trkpt>
<trkpt lat="45.95794477" lon="6.62998093">
<ele>534.58356</ele>
<time>2026-05-08T06:25:11Z</time>
</trkpt>
<trkpt lat="45.9579832" lon="6.63003716">
<ele>534.6258</ele>
<time>2026-05-08T06:25:12Z</time>
</trkpt>
<trkpt lat="45.95802914" lon="6.63007881">
<ele>534.6523</ele>
<time>2026-05-08T06:25:13Z</time>
</trkpt>
<trkpt lat="45.95808089" lon="6.63009183">
<ele>534.67865</ele>
<time>2026-05-08T06:25:14Z</time>
</trkpt>
<trkpt lat="45.95814424" lon="6.6300948">
<ele>534.69977</ele>
<time>2026-05-08T06:25:15Z</time>
</trkpt>
<trkpt lat="45.95821311" lon="6.63010403">
<ele>534.72626</ele>
<time>2026-05-08T06:25:16Z</time>
</trkpt>
<trkpt lat="45.95829273" lon="6.63011684">
<ele>534.75793</ele>
<time>2026-05-08T06:25:17Z</time>
</trkpt>
<trkpt lat="45.95838193" lon="6.63013412">
<ele>534.78436</ele>
<time>2026-05-08T06:25:18Z</time>
</trkpt>
<trkpt lat="45.95847219" lon="6.6301456">
<ele>534.82666</ele>
<time>2026-05-08T06:25:19Z</time>
</trkpt>
<trkpt lat="45.95857765" lon="6.63014636">
<ele>534.8901</ele>
<time>2026-05-08T06:25:20Z</time>
</trkpt>
<trkpt lat="45.95868996" lon="6.63014073">
<ele>534.9376</ele>
<time>2026-05-08T06:25:21Z</time>
</trkpt>
<trkpt lat="45.95880174" lon="6.63012889">
<ele>534.9957</ele>
<time>2026-05-08T06:25:22Z</time>
</trkpt>
<trkpt lat="45.95891132" lon="6.63011951">
<ele>535.0169</ele>
<time>2026-05-08T06:25:23Z</time>
</trkpt>
<trkpt lat="45.9590316" lon="6.63011155">
<ele>534.9957</ele>
<time>2026-05-08T06:25:24Z</time>
</trkpt>
<trkpt lat="45.95914635" lon="6.63010639">
<ele>534.9112</ele>
<time>2026-05-08T06:25:25Z</time>
</trkpt>
<trkpt lat="45.95925796" lon="6.63010004">
<ele>534.7526</ele>
<time>2026-05-08T06:25:26Z</time>
</trkpt>
<trkpt lat="45.95936508" lon="6.63009819">
<ele>534.5307</ele>
<time>2026-05-08T06:25:27Z</time>
</trkpt>
<trkpt lat="45.95946101" lon="6.63010473">
<ele>534.2506</ele>
<time>2026-05-08T06:25:28Z</time>
</trkpt>
<trkpt lat="45.95956084" lon="6.63012616">
<ele>533.9653</ele>
<time>2026-05-08T06:25:29Z</time>
</trkpt>
<trkpt lat="45.95966222" lon="6.63015948">
<ele>533.6429</ele>
<time>2026-05-08T06:25:30Z</time>
</trkpt>
<trkpt lat="45.95976357" lon="6.63020861">
<ele>533.30994</ele>
<time>2026-05-08T06:25:31Z</time>
</trkpt>
<trkpt lat="45.95986598" lon="6.63026883">
<ele>532.9559</ele>
<time>2026-05-08T06:25:32Z</time>
</trkpt>
<trkpt lat="45.95996997" lon="6.63033704">
<ele>532.6177</ele>
<time>2026-05-08T06:25:33Z</time>
</trkpt>
<trkpt lat="45.96007497" lon="6.63040591">
<ele>532.26886</ele>
<time>2026-05-08T06:25:34Z</time>
</trkpt>
<trkpt lat="45.9601828" lon="6.63047828">
<ele>531.9571</ele>
<time>2026-05-08T06:25:35Z</time>
</trkpt>
<trkpt lat="45.96029293" lon="6.63054124">
<ele>531.677</ele>
<time>2026-05-08T06:25:36Z</time>
</trkpt>
<trkpt lat="45.96040563" lon="6.63058778">
<ele>531.4128</ele>
<time>2026-05-08T06:25:37Z</time>
</trkpt>
<trkpt lat="45.96051877" lon="6.63061746">
<ele>531.212</ele>
<time>2026-05-08T06:25:38Z</time>
</trkpt>
<trkpt lat="45.96063205" lon="6.63063324">
<ele>531.07983</ele>
<time>2026-05-08T06:25:39Z</time>
</trkpt>
<trkpt lat="45.96074151" lon="6.63063392">
<ele>531.0111</ele>
<time>2026-05-08T06:25:40Z</time>
</trkpt>
<trkpt lat="45.96083489" lon="6.6306243">
<ele>530.9847</ele>
<time>2026-05-08T06:25:41Z</time>
</trkpt>
<trkpt lat="45.96091685" lon="6.63061218">
<ele>530.9847</ele>
<time>2026-05-08T06:25:42Z</time>
</trkpt>
<trkpt lat="45.96098972" lon="6.6306083">
<ele>531.027</ele>
<time>2026-05-08T06:25:43Z</time>
</trkpt>
<trkpt lat="45.96105948" lon="6.63061555">
<ele>531.0693</ele>
<time>2026-05-08T06:25:44Z</time>
</trkpt>
<trkpt lat="45.96112916" lon="6.63063417">
<ele>531.1221</ele>
<time>2026-05-08T06:25:45Z</time>
</trkpt>
<trkpt lat="45.9611916" lon="6.63066158">
<ele>531.1908</ele>
<time>2026-05-08T06:25:46Z</time>
</trkpt>
<trkpt lat="45.96125039" lon="6.63069607">
<ele>531.2542</ele>
<time>2026-05-08T06:25:47Z</time>
</trkpt>
<trkpt lat="45.96131444" lon="6.63072024">
<ele>531.33875</ele>
<time>2026-05-08T06:25:48Z</time>
</trkpt>
<trkpt lat="45.96137589" lon="6.63071846">
<ele>531.42865</ele>
<time>2026-05-08T06:25:49Z</time>
</trkpt>
<trkpt lat="45.96143047" lon="6.63068732">
<ele>531.51843</ele>
<time>2026-05-08T06:25:50Z</time>
</trkpt>
<trkpt lat="45.9614723" lon="6.6306331">
<ele>531.6083</ele>
<time>2026-05-08T06:25:51Z</time>
</trkpt>
<trkpt lat="45.96150775" lon="6.63057039">
<ele>531.7087</ele>
<time>2026-05-08T06:25:52Z</time>
</trkpt>
<trkpt lat="45.96153969" lon="6.63049886">
<ele>531.80383</ele>
<time>2026-05-08T06:25:53Z</time>
</trkpt>
<trkpt lat="45.96158351" lon="6.6304368">
<ele>531.8936</ele>
<time>2026-05-08T06:25:54Z</time>
</trkpt>
<trkpt lat="45.96164111" lon="6.63037972">
<ele>531.9835</ele>
<time>2026-05-08T06:25:55Z</time>
</trkpt>
<trkpt lat="45.96170486" lon="6.63032409">
<ele>532.0628</ele>
<time>2026-05-08T06:25:56Z</time>
</trkpt>
<trkpt lat="45.96178461" lon="6.63026638">
<ele>532.1579</ele>
<time>2026-05-08T06:25:57Z</time>
</trkpt>
<trkpt lat="45.96186868" lon="6.63021229">
<ele>532.2583</ele>
<time>2026-05-08T06:25:58Z</time>
</trkpt>
<trkpt lat="45.96195677" lon="6.63015572">
<ele>532.364</ele>
<time>2026-05-08T06:25:59Z</time>
</trkpt>
<trkpt lat="45.96205154" lon="6.63010201">
<ele>532.5014</ele>
<time>2026-05-08T06:26:00Z</time>
</trkpt>
<trkpt lat="45.96215103" lon="6.63004991">
<ele>532.61237</ele>
<time>2026-05-08T06:26:01Z</time>
</trkpt>
<trkpt lat="45.96226107" lon="6.63000083">
<ele>532.7392</ele>
<time>2026-05-08T06:26:02Z</time>
</trkpt>
<trkpt lat="45.96237236" lon="6.6299614">
<ele>532.8449</ele>
<time>2026-05-08T06:26:03Z</time>
</trkpt>
<trkpt lat="45.96249791" lon="6.62992664">
<ele>532.9242</ele>
<time>2026-05-08T06:26:04Z</time>
</trkpt>
<trkpt lat="45.96261979" lon="6.62990577">
<ele>533.0034</ele>
<time>2026-05-08T06:26:05Z</time>
</trkpt>
<trkpt lat="45.96274618" lon="6.62989488">
<ele>533.0827</ele>
<time>2026-05-08T06:26:06Z</time>
</trkpt>
<trkpt lat="45.96286793" lon="6.62989329">
<ele>533.162</ele>
<time>2026-05-08T06:26:07Z</time>
</trkpt>
<trkpt lat="45.96299614" lon="6.62989407">
<ele>533.2254</ele>
<time>2026-05-08T06:26:08Z</time>
</trkpt>
<trkpt lat="45.9631289" lon="6.62989609">
<ele>533.2835</ele>
<time>2026-05-08T06:26:09Z</time>
</trkpt>
<trkpt lat="45.96325778" lon="6.62989935">
<ele>533.3258</ele>
<time>2026-05-08T06:26:10Z</time>
</trkpt>
<trkpt lat="45.9633884" lon="6.62990271">
<ele>533.3469</ele>
<time>2026-05-08T06:26:11Z</time>
</trkpt>
<trkpt lat="45.96350923" lon="6.62990438">
<ele>533.36804</ele>
<time>2026-05-08T06:26:12Z</time>
</trkpt>
<trkpt lat="45.96363304" lon="6.62991323">
<ele>533.33636</ele>
<time>2026-05-08T06:26:13Z</time>
</trkpt>
<trkpt lat="45.96375294" lon="6.62993465">
<ele>533.2994</ele>
<time>2026-05-08T06:26:14Z</time>
</trkpt>
<trkpt lat="45.96385999" lon="6.62996674">
<ele>533.23065</ele>
<time>2026-05-08T06:26:15Z</time>
</trkpt>
<trkpt lat="45.96395162" lon="6.63000378">
<ele>533.13556</ele>
<time>2026-05-08T06:26:16Z</time>
</trkpt>
<trkpt lat="45.96404046" lon="6.63004809">
<ele>533.0087</ele>
<time>2026-05-08T06:26:17Z</time>
</trkpt>
<trkpt lat="45.96411672" lon="6.63009373">
<ele>532.866</ele>
<time>2026-05-08T06:26:18Z</time>
</trkpt>
<trkpt lat="45.96418617" lon="6.6301373">
<ele>532.7181</ele>
<time>2026-05-08T06:26:19Z</time>
</trkpt>
<trkpt lat="45.96425341" lon="6.63018451">
<ele>532.5807</ele>
<time>2026-05-08T06:26:20Z</time>
</trkpt>
<trkpt lat="45.96431077" lon="6.63022728">
<ele>532.4591</ele>
<time>2026-05-08T06:26:21Z</time>
</trkpt>
<trkpt lat="45.96436416" lon="6.63027199">
<ele>532.34283</ele>
<time>2026-05-08T06:26:22Z</time>
</trkpt>
<trkpt lat="45.96441523" lon="6.63031669">
<ele>532.253</ele>
<time>2026-05-08T06:26:23Z</time>
</trkpt>
<trkpt lat="45.96445886" lon="6.63036298">
<ele>532.1737</ele>
<time>2026-05-08T06:26:24Z</time>
</trkpt>
<trkpt lat="45.96449278" lon="6.63041522">
<ele>532.09973</ele>
<time>2026-05-08T06:26:25Z</time>
</trkpt>
<trkpt lat="45.96451331" lon="6.63046428">
<ele>532.04694</ele>
<time>2026-05-08T06:26:26Z</time>
</trkpt>
<trkpt lat="45.96452716" lon="6.6305121">
<ele>531.9835</ele>
<time>2026-05-08T06:26:27Z</time>
</trkpt>
<trkpt lat="45.96453528" lon="6.63056474">
<ele>531.9359</ele>
<time>2026-05-08T06:26:28Z</time>
</trkpt>
<trkpt lat="45.96453296" lon="6.63062018">
<ele>531.90955</ele>
<time>2026-05-08T06:26:29Z</time>
</trkpt>
<trkpt lat="45.96451885" lon="6.63068094">
<ele>531.8936</ele>
<time>2026-05-08T06:26:30Z</time>
</trkpt>
<trkpt lat="45.96449223" lon="6.63074404">
<ele>531.8725</ele>
<time>2026-05-08T06:26:31Z</time>
</trkpt>
<trkpt lat="45.96445586" lon="6.63080624">
<ele>531.8514</ele>
<time>2026-05-08T06:26:32Z</time>
</trkpt>
<trkpt lat="45.96440866" lon="6.63086135">
<ele>531.8408</ele>
<time>2026-05-08T06:26:33Z</time>
</trkpt>
<trkpt lat="45.96435194" lon="6.63090336">
<ele>531.8408</ele>
<time>2026-05-08T06:26:34Z</time>
</trkpt>
<trkpt lat="45.96428784" lon="6.63092956">
<ele>531.8461</ele>
<time>2026-05-08T06:26:35Z</time>
</trkpt>
<trkpt lat="45.96421651" lon="6.63094143">
<ele>531.86725</ele>
<time>2026-05-08T06:26:36Z</time>
</trkpt>
<trkpt lat="45.96414829" lon="6.63093912">
<ele>531.8936</ele>
<time>2026-05-08T06:26:37Z</time>
</trkpt>
<trkpt lat="45.96407731" lon="6.63090959">
<ele>531.93066</ele>
<time>2026-05-08T06:26:38Z</time>
</trkpt>
<trkpt lat="45.96400237" lon="6.63086489">
<ele>531.9782</ele>
<time>2026-05-08T06:26:39Z</time>
</trkpt>
<trkpt lat="45.96392516" lon="6.63080748">
<ele>532.0363</ele>
<time>2026-05-08T06:26:40Z</time>
</trkpt>
<trkpt lat="45.96384184" lon="6.63073455">
<ele>532.10504</ele>
<time>2026-05-08T06:26:41Z</time>
</trkpt>
<trkpt lat="45.96375613" lon="6.63065567">
<ele>532.16315</ele>
<time>2026-05-08T06:26:42Z</time>
</trkpt>
<trkpt lat="45.96366477" lon="6.63057279">
<ele>532.22656</ele>
<time>2026-05-08T06:26:43Z</time>
</trkpt>
<trkpt lat="45.96356671" lon="6.63048652">
<ele>532.2794</ele>
<time>2026-05-08T06:26:44Z</time>
</trkpt>
<trkpt lat="45.96346893" lon="6.63039909">
<ele>532.30585</ele>
<time>2026-05-08T06:26:45Z</time>
</trkpt>
<trkpt lat="45.9633704" lon="6.63031456">
<ele>532.34283</ele>
<time>2026-05-08T06:26:46Z</time>
</trkpt>
<trkpt lat="45.96327005" lon="6.63023927">
<ele>532.3957</ele>
<time>2026-05-08T06:26:47Z</time>
</trkpt>
<trkpt lat="45.96316251" lon="6.63017318">
<ele>532.4591</ele>
<time>2026-05-08T06:26:48Z</time>
</trkpt>
<trkpt lat="45.96304674" lon="6.63011874">
<ele>532.4961</ele>
<time>2026-05-08T06:26:49Z</time>
</trkpt>
<trkpt lat="45.96293098" lon="6.63007986">
<ele>532.5595</ele>
<time>2026-05-08T06:26:50Z</time>
</trkpt>
<trkpt lat="45.96281542" lon="6.63005654">
<ele>532.6229</ele>
<time>2026-05-08T06:26:51Z</time>
</trkpt>
<trkpt lat="45.96268798" lon="6.6300498">
<ele>532.69696</ele>
<time>2026-05-08T06:26:52Z</time>
</trkpt>
<trkpt lat="45.96256571" lon="6.63006572">
<ele>532.7815</ele>
<time>2026-05-08T06:26:53Z</time>
</trkpt>
<trkpt lat="45.96243938" lon="6.63009988">
<ele>532.8819</ele>
<time>2026-05-08T06:26:54Z</time>
</trkpt>
<trkpt lat="45.96231885" lon="6.63015631">
<ele>532.977</ele>
<time>2026-05-08T06:26:55Z</time>
</trkpt>
<trkpt lat="45.96220856" lon="6.63023046">
<ele>533.0774</ele>
<time>2026-05-08T06:26:56Z</time>
</trkpt>
<trkpt lat="45.96209286" lon="6.63032124">
<ele>533.1831</ele>
<time>2026-05-08T06:26:57Z</time>
</trkpt>
<trkpt lat="45.96198995" lon="6.63042134">
<ele>533.31525</ele>
<time>2026-05-08T06:26:58Z</time>
</trkpt>
<trkpt lat="45.96189687" lon="6.63053404">
<ele>533.47906</ele>
<time>2026-05-08T06:26:59Z</time>
</trkpt>
<trkpt lat="45.9618076" lon="6.63064786">
<ele>533.7063</ele>
<time>2026-05-08T06:27:00Z</time>
</trkpt>
<trkpt lat="45.96172231" lon="6.63076533">
<ele>533.95996</ele>
<time>2026-05-08T06:27:01Z</time>
</trkpt>
<trkpt lat="45.9616398" lon="6.63087816">
<ele>534.2136</ele>
<time>2026-05-08T06:27:02Z</time>
</trkpt>
<trkpt lat="45.96156265" lon="6.63099249">
<ele>534.47784</ele>
<time>2026-05-08T06:27:03Z</time>
</trkpt>
<trkpt lat="45.96148729" lon="6.63109661">
<ele>534.74207</ele>
<time>2026-05-08T06:27:04Z</time>
</trkpt>
<trkpt lat="45.96141404" lon="6.6312054">
<ele>535.00104</ele>
<time>2026-05-08T06:27:05Z</time>
</trkpt>
<trkpt lat="45.96133859" lon="6.63131275">
<ele>535.26526</ele>
<time>2026-05-08T06:27:06Z</time>
</trkpt>
<trkpt lat="45.96126598" lon="6.6314145">
<ele>535.5137</ele>
<time>2026-05-08T06:27:07Z</time>
</trkpt>
<trkpt lat="45.96118328" lon="6.63152955">
<ele>535.75146</ele>
<time>2026-05-08T06:27:08Z</time>
</trkpt>
<trkpt lat="45.96109433" lon="6.6316457">
<ele>535.9787</ele>
<time>2026-05-08T06:27:09Z</time>
</trkpt>
<trkpt lat="45.96100256" lon="6.63175885">
<ele>536.19006</ele>
<time>2026-05-08T06:27:10Z</time>
</trkpt>
<trkpt lat="45.96090943" lon="6.63186471">
<ele>536.37506</ele>
<time>2026-05-08T06:27:11Z</time>
</trkpt>
<trkpt lat="45.96080412" lon="6.63197438">
<ele>536.54944</ele>
<time>2026-05-08T06:27:12Z</time>
</trkpt>
<trkpt lat="45.96068937" lon="6.63209103">
<ele>536.71326</ele>
<time>2026-05-08T06:27:13Z</time>
</trkpt>
<trkpt lat="45.96056953" lon="6.63221092">
<ele>536.87177</ele>
<time>2026-05-08T06:27:14Z</time>
</trkpt>
<trkpt lat="45.96045033" lon="6.63233463">
<ele>537.0356</ele>
<time>2026-05-08T06:27:15Z</time>
</trkpt>
<trkpt lat="45.96031819" lon="6.63247174">
<ele>537.1836</ele>
<time>2026-05-08T06:27:16Z</time>
</trkpt>
<trkpt lat="45.96018546" lon="6.63260658">
<ele>537.321</ele>
<time>2026-05-08T06:27:17Z</time>
</trkpt>
<trkpt lat="45.96004179" lon="6.63274254">
<ele>537.45306</ele>
<time>2026-05-08T06:27:18Z</time>
</trkpt>
<trkpt lat="45.95989295" lon="6.63287749">
<ele>537.5641</ele>
<time>2026-05-08T06:27:19Z</time>
</trkpt>
<trkpt lat="45.95974403" lon="6.63300275">
<ele>537.67505</ele>
<time>2026-05-08T06:27:20Z</time>
</trkpt>
<trkpt lat="45.95958401" lon="6.6331341">
<ele>537.75433</ele>
<time>2026-05-08T06:27:21Z</time>
</trkpt>
<trkpt lat="45.95942151" lon="6.63326067">
<ele>537.82306</ele>
<time>2026-05-08T06:27:22Z</time>
</trkpt>
<trkpt lat="45.95925434" lon="6.63338604">
<ele>537.91815</ele>
<time>2026-05-08T06:27:23Z</time>
</trkpt>
<trkpt lat="45.95907814" lon="6.63351794">
<ele>538.01855</ele>
<time>2026-05-08T06:27:24Z</time>
</trkpt>
<trkpt lat="45.95890739" lon="6.6336386">
<ele>538.0925</ele>
<time>2026-05-08T06:27:25Z</time>
</trkpt>
<trkpt lat="45.95872385" lon="6.63376464">
<ele>538.1665</ele>
<time>2026-05-08T06:27:26Z</time>
</trkpt>
<trkpt lat="45.95854065" lon="6.63388658">
<ele>538.21936</ele>
<time>2026-05-08T06:27:27Z</time>
</trkpt>
<trkpt lat="45.9583557" lon="6.63400729">
<ele>538.2775</ele>
<time>2026-05-08T06:27:28Z</time>
</trkpt>
<trkpt lat="45.95815845" lon="6.63412908">
<ele>538.3462</ele>
<time>2026-05-08T06:27:29Z</time>
</trkpt>
<trkpt lat="45.95796119" lon="6.63424308">
<ele>538.42017</ele>
<time>2026-05-08T06:27:30Z</time>
</trkpt>
<trkpt lat="45.9577697" lon="6.63435245">
<ele>538.4836</ele>
<time>2026-05-08T06:27:31Z</time>
</trkpt>
<trkpt lat="45.95755837" lon="6.63446553">
<ele>538.5893</ele>
<time>2026-05-08T06:27:32Z</time>
</trkpt>
<trkpt lat="45.95735093" lon="6.63457168">
<ele>538.7584</ele>
<time>2026-05-08T06:27:33Z</time>
</trkpt>
<trkpt lat="45.95714316" lon="6.63467758">
<ele>538.9275</ele>
<time>2026-05-08T06:27:34Z</time>
</trkpt>
<trkpt lat="45.9569356" lon="6.6347785">
<ele>539.1019</ele>
<time>2026-05-08T06:27:35Z</time>
</trkpt>
<trkpt lat="45.95671509" lon="6.63488104">
<ele>539.26044</ele>
<time>2026-05-08T06:27:36Z</time>
</trkpt>
<trkpt lat="45.95648721" lon="6.6349814">
<ele>539.4507</ele>
<time>2026-05-08T06:27:37Z</time>
</trkpt>
<trkpt lat="45.95626494" lon="6.6350764">
<ele>539.6145</ele>
<time>2026-05-08T06:27:38Z</time>
</trkpt>
<trkpt lat="45.95604018" lon="6.63516923">
<ele>539.84174</ele>
<time>2026-05-08T06:27:39Z</time>
</trkpt>
<trkpt lat="45.95581056" lon="6.63525809">
<ele>540.0426</ele>
<time>2026-05-08T06:27:40Z</time>
</trkpt>
<trkpt lat="45.95558188" lon="6.63534457">
<ele>540.28564</ele>
<time>2026-05-08T06:27:41Z</time>
</trkpt>
<trkpt lat="45.95534706" lon="6.63543046">
<ele>540.5552</ele>
<time>2026-05-08T06:27:42Z</time>
</trkpt>
<trkpt lat="45.95511447" lon="6.63551593">
<ele>540.7983</ele>
<time>2026-05-08T06:27:43Z</time>
</trkpt>
<trkpt lat="45.95488615" lon="6.63559636">
<ele>541.0255</ele>
<time>2026-05-08T06:27:44Z</time>
</trkpt>
<trkpt lat="45.95464068" lon="6.63568372">
<ele>541.2369</ele>
<time>2026-05-08T06:27:45Z</time>
</trkpt>
<trkpt lat="45.95439937" lon="6.63576737">
<ele>541.4641</ele>
<time>2026-05-08T06:27:46Z</time>
</trkpt>
<trkpt lat="45.95415616" lon="6.63585066">
<ele>541.70197</ele>
<time>2026-05-08T06:27:47Z</time>
</trkpt>
<trkpt lat="45.95390379" lon="6.63593361">
<ele>541.9609</ele>
<time>2026-05-08T06:27:48Z</time>
</trkpt>
<trkpt lat="45.95366434" lon="6.63600992">
<ele>542.2093</ele>
<time>2026-05-08T06:27:49Z</time>
</trkpt>
<trkpt lat="45.95341279" lon="6.6360879">
<ele>542.4101</ele>
<time>2026-05-08T06:27:50Z</time>
</trkpt>
<trkpt lat="45.95317155" lon="6.63615932">
<ele>542.6215</ele>
<time>2026-05-08T06:27:51Z</time>
</trkpt>
<trkpt lat="45.9529216" lon="6.63623603">
<ele>542.82227</ele>
<time>2026-05-08T06:27:52Z</time>
</trkpt>
<trkpt lat="45.95266138" lon="6.63631814">
<ele>543.00195</ele>
<time>2026-05-08T06:27:53Z</time>
</trkpt>
<trkpt lat="45.9524078" lon="6.63639786">
<ele>543.2345</ele>
<time>2026-05-08T06:27:54Z</time>
</trkpt>
<trkpt lat="45.9521615" lon="6.63647467">
<ele>543.4564</ele>
<time>2026-05-08T06:27:55Z</time>
</trkpt>
<trkpt lat="45.95189862" lon="6.63656135">
<ele>543.652</ele>
<time>2026-05-08T06:27:56Z</time>
</trkpt>
<trkpt lat="45.95164232" lon="6.63664458">
<ele>543.8528</ele>
<time>2026-05-08T06:27:57Z</time>
</trkpt>
<trkpt lat="45.95138553" lon="6.63672542">
<ele>544.10645</ele>
<time>2026-05-08T06:27:58Z</time>
</trkpt>
<trkpt lat="45.95112416" lon="6.63680334">
<ele>544.3231</ele>
<time>2026-05-08T06:27:59Z</time>
</trkpt>
<trkpt lat="45.95087076" lon="6.63687745">
<ele>544.5609</ele>
<time>2026-05-08T06:28:00Z</time>
</trkpt>
<trkpt lat="45.9506006" lon="6.6369563">
<ele>544.8041</ele>
<time>2026-05-08T06:28:01Z</time>
</trkpt>
<trkpt lat="45.95033939" lon="6.63703415">
<ele>545.026</ele>
<time>2026-05-08T06:28:02Z</time>
</trkpt>
<trkpt lat="45.95007749" lon="6.63710872">
<ele>545.2056</ele>
<time>2026-05-08T06:28:03Z</time>
</trkpt>
<trkpt lat="45.94981635" lon="6.63718088">
<ele>545.39594</ele>
<time>2026-05-08T06:28:04Z</time>
</trkpt>
<trkpt lat="45.94955642" lon="6.63725006">
<ele>545.5756</ele>
<time>2026-05-08T06:28:05Z</time>
</trkpt>
<trkpt lat="45.94929541" lon="6.6373126">
<ele>545.79755</ele>
<time>2026-05-08T06:28:06Z</time>
</trkpt>
<trkpt lat="45.94903463" lon="6.63737407">
<ele>545.99835</ele>
<time>2026-05-08T06:28:07Z</time>
</trkpt>
<trkpt lat="45.94878255" lon="6.63743112">
<ele>546.1939</ele>
<time>2026-05-08T06:28:08Z</time>
</trkpt>
<trkpt lat="45.94851328" lon="6.63749169">
<ele>546.3736</ele>
<time>2026-05-08T06:28:09Z</time>
</trkpt>
<trkpt lat="45.94825284" lon="6.63755169">
<ele>546.5532</ele>
<time>2026-05-08T06:28:10Z</time>
</trkpt>
<trkpt lat="45.94799123" lon="6.63761024">
<ele>546.74347</ele>
<time>2026-05-08T06:28:11Z</time>
</trkpt>
<trkpt lat="45.94772521" lon="6.63766841">
<ele>546.8967</ele>
<time>2026-05-08T06:28:12Z</time>
</trkpt>
<trkpt lat="45.94746479" lon="6.63772557">
<ele>547.0553</ele>
<time>2026-05-08T06:28:13Z</time>
</trkpt>
<trkpt lat="45.94720805" lon="6.6377848">
<ele>547.1768</ele>
<time>2026-05-08T06:28:14Z</time>
</trkpt>
<trkpt lat="45.94695919" lon="6.63783946">
<ele>547.3142</ele>
<time>2026-05-08T06:28:15Z</time>
</trkpt>
<trkpt lat="45.94670373" lon="6.63789459">
<ele>547.42523</ele>
<time>2026-05-08T06:28:16Z</time>
</trkpt>
<trkpt lat="45.9464432" lon="6.63795265">
<ele>547.5309</ele>
<time>2026-05-08T06:28:17Z</time>
</trkpt>
<trkpt lat="45.94619058" lon="6.63800604">
<ele>547.65247</ele>
<time>2026-05-08T06:28:18Z</time>
</trkpt>
<trkpt lat="45.94594925" lon="6.63805983">
<ele>547.76874</ele>
<time>2026-05-08T06:28:19Z</time>
</trkpt>
<trkpt lat="45.94569634" lon="6.6381241">
<ele>547.8955</ele>
<time>2026-05-08T06:28:20Z</time>
</trkpt>
<trkpt lat="45.94545166" lon="6.63818933">
<ele>548.02765</ele>
<time>2026-05-08T06:28:21Z</time>
</trkpt>
<trkpt lat="45.94521098" lon="6.63826101">
<ele>548.1809</ele>
<time>2026-05-08T06:28:22Z</time>
</trkpt>
<trkpt lat="45.94497086" lon="6.63833657">
<ele>548.2972</ele>
<time>2026-05-08T06:28:23Z</time>
</trkpt>
<trkpt lat="45.94474134" lon="6.63841677">
<ele>548.4029</ele>
<time>2026-05-08T06:28:24Z</time>
</trkpt>
<trkpt lat="45.94449664" lon="6.63850919">
<ele>548.53503</ele>
<time>2026-05-08T06:28:25Z</time>
</trkpt>
<trkpt lat="45.94426333" lon="6.63861017">
<ele>548.65656</ele>
<time>2026-05-08T06:28:26Z</time>
</trkpt>
<trkpt lat="45.94402976" lon="6.63871771">
<ele>548.7834</ele>
<time>2026-05-08T06:28:27Z</time>
</trkpt>
<trkpt lat="45.94379934" lon="6.63883606">
<ele>548.926</ele>
<time>2026-05-08T06:28:28Z</time>
</trkpt>
<trkpt lat="45.94356895" lon="6.63896044">
<ele>549.0529</ele>
<time>2026-05-08T06:28:29Z</time>
</trkpt>
<trkpt lat="45.94334108" lon="6.63909554">
<ele>549.1903</ele>
<time>2026-05-08T06:28:30Z</time>
</trkpt>
<trkpt lat="45.94311619" lon="6.63923861">
<ele>549.34357</ele>
<time>2026-05-08T06:28:31Z</time>
</trkpt>
<trkpt lat="45.94289338" lon="6.63939138">
<ele>549.5338</ele>
<time>2026-05-08T06:28:32Z</time>
</trkpt>
<trkpt lat="45.94266848" lon="6.63955511">
<ele>549.71875</ele>
<time>2026-05-08T06:28:33Z</time>
</trkpt>
<trkpt lat="45.94245145" lon="6.63972595">
<ele>549.8931</ele>
<time>2026-05-08T06:28:34Z</time>
</trkpt>
<trkpt lat="45.9422419" lon="6.63989865">
<ele>550.08344</ele>
<time>2026-05-08T06:28:35Z</time>
</trkpt>
<trkpt lat="45.94201791" lon="6.6400835">
<ele>550.2472</ele>
<time>2026-05-08T06:28:36Z</time>
</trkpt>
<trkpt lat="45.94180132" lon="6.64026179">
<ele>550.411</ele>
<time>2026-05-08T06:28:37Z</time>
</trkpt>
<trkpt lat="45.94158405" lon="6.64043798">
<ele>550.5748</ele>
<time>2026-05-08T06:28:38Z</time>
</trkpt>
<trkpt lat="45.94137708" lon="6.6406088">
<ele>550.7334</ele>
<time>2026-05-08T06:28:39Z</time>
</trkpt>
<trkpt lat="45.94116445" lon="6.64078267">
<ele>550.8761</ele>
<time>2026-05-08T06:28:40Z</time>
</trkpt>
<trkpt lat="45.94094644" lon="6.64096032">
<ele>551.0029</ele>
<time>2026-05-08T06:28:41Z</time>
</trkpt>
<trkpt lat="45.94073265" lon="6.64112677">
<ele>551.1456</ele>
<time>2026-05-08T06:28:42Z</time>
</trkpt>
<trkpt lat="45.94051748" lon="6.64128585">
<ele>551.32526</ele>
<time>2026-05-08T06:28:43Z</time>
</trkpt>
<trkpt lat="45.94029969" lon="6.64143787">
<ele>551.47327</ele>
<time>2026-05-08T06:28:44Z</time>
</trkpt>
<trkpt lat="45.94007953" lon="6.64158138">
<ele>551.60535</ele>
<time>2026-05-08T06:28:45Z</time>
</trkpt>
<trkpt lat="45.93985575" lon="6.64172254">
<ele>551.76917</ele>
<time>2026-05-08T06:28:46Z</time>
</trkpt>
<trkpt lat="45.93963296" lon="6.64186268">
<ele>551.9647</ele>
<time>2026-05-08T06:28:47Z</time>
</trkpt>
<trkpt lat="45.93941581" lon="6.64199621">
<ele>552.1391</ele>
<time>2026-05-08T06:28:48Z</time>
</trkpt>
<trkpt lat="45.93918117" lon="6.6421361">
<ele>552.3188</ele>
<time>2026-05-08T06:28:49Z</time>
</trkpt>
<trkpt lat="45.93895632" lon="6.6422675">
<ele>552.46674</ele>
<time>2026-05-08T06:28:50Z</time>
</trkpt>
<trkpt lat="45.93872979" lon="6.64239917">
<ele>552.62006</ele>
<time>2026-05-08T06:28:51Z</time>
</trkpt>
<trkpt lat="45.93849403" lon="6.64253598">
<ele>552.8208</ele>
<time>2026-05-08T06:28:52Z</time>
</trkpt>
<trkpt lat="45.93827207" lon="6.64266518">
<ele>553.01105</ele>
<time>2026-05-08T06:28:53Z</time>
</trkpt>
<trkpt lat="45.93804511" lon="6.64280224">
<ele>553.2119</ele>
<time>2026-05-08T06:28:54Z</time>
</trkpt>
<trkpt lat="45.93781829" lon="6.64293692">
<ele>553.381</ele>
<time>2026-05-08T06:28:55Z</time>
</trkpt>
<trkpt lat="45.93758992" lon="6.64307199">
<ele>553.53955</ele>
<time>2026-05-08T06:28:56Z</time>
</trkpt>
<trkpt lat="45.93735445" lon="6.64321238">
<ele>553.68225</ele>
<time>2026-05-08T06:28:57Z</time>
</trkpt>
<trkpt lat="45.93712276" lon="6.6433465">
<ele>553.84076</ele>
<time>2026-05-08T06:28:58Z</time>
</trkpt>
<trkpt lat="45.93690113" lon="6.64347894">
<ele>553.97815</ele>
<time>2026-05-08T06:28:59Z</time>
</trkpt>
<trkpt lat="45.93666675" lon="6.64361837">
<ele>554.12616</ele>
<time>2026-05-08T06:29:00Z</time>
</trkpt>
<trkpt lat="45.93643911" lon="6.64375761">
<ele>554.3058</ele>
<time>2026-05-08T06:29:01Z</time>
</trkpt>
<trkpt lat="45.93622693" lon="6.64390587">
<ele>554.5225</ele>
<time>2026-05-08T06:29:02Z</time>
</trkpt>
<trkpt lat="45.93598318" lon="6.64403959">
<ele>554.6969</ele>
<time>2026-05-08T06:29:03Z</time>
</trkpt>
<trkpt lat="45.93574514" lon="6.64416743">
<ele>554.90295</ele>
<time>2026-05-08T06:29:04Z</time>
</trkpt>
<trkpt lat="45.93551211" lon="6.64430355">
<ele>555.1196</ele>
<time>2026-05-08T06:29:05Z</time>
</trkpt>
<trkpt lat="45.93527012" lon="6.64443323">
<ele>555.3205</ele>
<time>2026-05-08T06:29:06Z</time>
</trkpt>
<trkpt lat="45.93503899" lon="6.64457331">
<ele>555.5001</ele>
<time>2026-05-08T06:29:07Z</time>
</trkpt>
<trkpt lat="45.93483025" lon="6.64469427">
<ele>555.664</ele>
<time>2026-05-08T06:29:08Z</time>
</trkpt>
<trkpt lat="45.93458969" lon="6.64482451">
<ele>555.8278</ele>
<time>2026-05-08T06:29:09Z</time>
</trkpt>
<trkpt lat="45.93434494" lon="6.6449641">
<ele>555.9969</ele>
<time>2026-05-08T06:29:10Z</time>
</trkpt>
<trkpt lat="45.93410754" lon="6.64510644">
<ele>556.1607</ele>
<time>2026-05-08T06:29:11Z</time>
</trkpt>
<trkpt lat="45.93387888" lon="6.6452391">
<ele>556.27167</ele>
<time>2026-05-08T06:29:12Z</time>
</trkpt>
<trkpt lat="45.93364428" lon="6.64537342">
<ele>556.35626</ele>
<time>2026-05-08T06:29:13Z</time>
</trkpt>
<trkpt lat="45.93340748" lon="6.64550954">
<ele>556.3985</ele>
<time>2026-05-08T06:29:14Z</time>
</trkpt>
<trkpt lat="45.93317177" lon="6.64564434">
<ele>556.63104</ele>
<time>2026-05-08T06:29:15Z</time>
</trkpt>
<trkpt lat="45.93293877" lon="6.6457813">
<ele>556.7262</ele>
<time>2026-05-08T06:29:16Z</time>
</trkpt>
<trkpt lat="45.93270923" lon="6.6459091">
<ele>556.77374</ele>
<time>2026-05-08T06:29:17Z</time>
</trkpt>
<trkpt lat="45.93249263" lon="6.64604896">
<ele>556.7632</ele>
<time>2026-05-08T06:29:18Z</time>
</trkpt>
<trkpt lat="45.93225864" lon="6.64617101">
<ele>556.6099</ele>
<time>2026-05-08T06:29:19Z</time>
</trkpt>
<trkpt lat="45.93204015" lon="6.64629884">
<ele>557.21765</ele>
<time>2026-05-08T06:29:20Z</time>
</trkpt>
<trkpt lat="45.93180741" lon="6.64644308">
<ele>557.3445</ele>
<time>2026-05-08T06:29:21Z</time>
</trkpt>
<trkpt lat="45.93157312" lon="6.64659002">
<ele>557.18066</ele>
<time>2026-05-08T06:29:22Z</time>
</trkpt>
<trkpt lat="45.93135597" lon="6.64673578">
<ele>557.15955</ele>
<time>2026-05-08T06:29:23Z</time>
</trkpt>
<trkpt lat="45.93113665" lon="6.6468834">
<ele>557.1648</ele>
<time>2026-05-08T06:29:24Z</time>
</trkpt>
<trkpt lat="45.93091703" lon="6.64704839">
<ele>557.20184</ele>
<time>2026-05-08T06:29:25Z</time>
</trkpt>
<trkpt lat="45.9306826" lon="6.6472011">
<ele>557.28107</ele>
<time>2026-05-08T06:29:26Z</time>
</trkpt>
<trkpt lat="45.93046417" lon="6.64736343">
<ele>557.35504</ele>
<time>2026-05-08T06:29:27Z</time>
</trkpt>
<trkpt lat="45.93023943" lon="6.64753186">
<ele>557.4132</ele>
<time>2026-05-08T06:29:28Z</time>
</trkpt>
<trkpt lat="45.9300238" lon="6.64769849">
<ele>557.5083</ele>
<time>2026-05-08T06:29:29Z</time>
</trkpt>
<trkpt lat="45.92980925" lon="6.64787645">
<ele>557.6246</ele>
<time>2026-05-08T06:29:30Z</time>
</trkpt>
<trkpt lat="45.92959733" lon="6.64805914">
<ele>557.7144</ele>
<time>2026-05-08T06:29:31Z</time>
</trkpt>
<trkpt lat="45.92938856" lon="6.64824678">
<ele>557.8518</ele>
<time>2026-05-08T06:29:32Z</time>
</trkpt>
<trkpt lat="45.92917263" lon="6.64842073">
<ele>558.0579</ele>
<time>2026-05-08T06:29:33Z</time>
</trkpt>
<trkpt lat="45.92896606" lon="6.64863106">
<ele>558.2006</ele>
<time>2026-05-08T06:29:34Z</time>
</trkpt>
<trkpt lat="45.92876001" lon="6.64884071">
<ele>558.338</ele>
<time>2026-05-08T06:29:35Z</time>
</trkpt>
<trkpt lat="45.92855106" lon="6.64904975">
<ele>558.48596</ele>
<time>2026-05-08T06:29:36Z</time>
</trkpt>
<trkpt lat="45.92835002" lon="6.64927351">
<ele>558.62866</ele>
<time>2026-05-08T06:29:37Z</time>
</trkpt>
<trkpt lat="45.92815474" lon="6.6494916">
<ele>558.7449</ele>
<time>2026-05-08T06:29:38Z</time>
</trkpt>
<trkpt lat="45.92794827" lon="6.64971975">
<ele>558.8559</ele>
<time>2026-05-08T06:29:39Z</time>
</trkpt>
<trkpt lat="45.9277633" lon="6.64995948">
<ele>558.9563</ele>
<time>2026-05-08T06:29:40Z</time>
</trkpt>
<trkpt lat="45.92758494" lon="6.65021704">
<ele>559.06726</ele>
<time>2026-05-08T06:29:41Z</time>
</trkpt>
<trkpt lat="45.92740012" lon="6.650471">
<ele>559.20465</ele>
<time>2026-05-08T06:29:42Z</time>
</trkpt>
<trkpt lat="45.92723424" lon="6.65073615">
<ele>559.4002</ele>
<time>2026-05-08T06:29:43Z</time>
</trkpt>
<trkpt lat="45.92706567" lon="6.65099285">
<ele>559.564</ele>
<time>2026-05-08T06:29:44Z</time>
</trkpt>
<trkpt lat="45.92690897" lon="6.65126037">
<ele>559.72253</ele>
<time>2026-05-08T06:29:45Z</time>
</trkpt>
<trkpt lat="45.92675431" lon="6.65154953">
<ele>559.87054</ele>
<time>2026-05-08T06:29:46Z</time>
</trkpt>
<trkpt lat="45.92660118" lon="6.65182829">
<ele>560.03436</ele>
<time>2026-05-08T06:29:47Z</time>
</trkpt>
<trkpt lat="45.92645273" lon="6.65210991">
<ele>560.1823</ele>
<time>2026-05-08T06:29:48Z</time>
</trkpt>
<trkpt lat="45.92630676" lon="6.65238715">
<ele>560.3884</ele>
<time>2026-05-08T06:29:49Z</time>
</trkpt>
<trkpt lat="45.92616426" lon="6.65268258">
<ele>560.621</ele>
<time>2026-05-08T06:29:50Z</time>
</trkpt>
<trkpt lat="45.92603037" lon="6.65298382">
<ele>560.77423</ele>
<time>2026-05-08T06:29:51Z</time>
</trkpt>
<trkpt lat="45.9259033" lon="6.65328335">
<ele>560.95917</ele>
<time>2026-05-08T06:29:52Z</time>
</trkpt>
<trkpt lat="45.92578713" lon="6.653588">
<ele>561.1494</ele>
<time>2026-05-08T06:29:53Z</time>
</trkpt>
<trkpt lat="45.9256447" lon="6.65390214">
<ele>561.3555</ele>
<time>2026-05-08T06:29:54Z</time>
</trkpt>
<trkpt lat="45.92551415" lon="6.65419832">
<ele>561.5722</ele>
<time>2026-05-08T06:29:55Z</time>
</trkpt>
<trkpt lat="45.92538601" lon="6.6544989">
<ele>561.79944</ele>
<time>2026-05-08T06:29:56Z</time>
</trkpt>
<trkpt lat="45.92526557" lon="6.6548126">
<ele>562.0161</ele>
<time>2026-05-08T06:29:57Z</time>
</trkpt>
<trkpt lat="45.92514424" lon="6.65512987">
<ele>562.2169</ele>
<time>2026-05-08T06:29:58Z</time>
</trkpt>
<trkpt lat="45.9250276" lon="6.65544758">
<ele>562.4389</ele>
<time>2026-05-08T06:29:59Z</time>
</trkpt>
<trkpt lat="45.9248968" lon="6.65575588">
<ele>562.66614</ele>
<time>2026-05-08T06:30:00Z</time>
</trkpt>
<trkpt lat="45.9247853" lon="6.65607605">
<ele>562.8511</ele>
<time>2026-05-08T06:30:01Z</time>
</trkpt>
<trkpt lat="45.92467795" lon="6.65638174">
<ele>563.02545</ele>
<time>2026-05-08T06:30:02Z</time>
</trkpt>
<trkpt lat="45.92454654" lon="6.65669389">
<ele>563.1999</ele>
<time>2026-05-08T06:30:03Z</time>
</trkpt>
<trkpt lat="45.92444134" lon="6.6570247">
<ele>563.40063</ele>
<time>2026-05-08T06:30:04Z</time>
</trkpt>
<trkpt lat="45.92433438" lon="6.65734764">
<ele>563.55396</ele>
<time>2026-05-08T06:30:05Z</time>
</trkpt>
<trkpt lat="45.92421867" lon="6.65766954">
<ele>563.723</ele>
<time>2026-05-08T06:30:06Z</time>
</trkpt>
<trkpt lat="45.92410522" lon="6.65798036">
<ele>563.8816</ele>
<time>2026-05-08T06:30:07Z</time>
</trkpt>
<trkpt lat="45.92399332" lon="6.65830357">
<ele>564.0665</ele>
<time>2026-05-08T06:30:08Z</time>
</trkpt>
<trkpt lat="45.92386947" lon="6.65862379">
<ele>564.19336</ele>
<time>2026-05-08T06:30:09Z</time>
</trkpt>
<trkpt lat="45.92375814" lon="6.65893739">
<ele>564.3255</ele>
<time>2026-05-08T06:30:10Z</time>
</trkpt>
<trkpt lat="45.92364275" lon="6.65925225">
<ele>564.45233</ele>
<time>2026-05-08T06:30:11Z</time>
</trkpt>
<trkpt lat="45.92352461" lon="6.65956248">
<ele>564.5686</ele>
<time>2026-05-08T06:30:12Z</time>
</trkpt>
<trkpt lat="45.92340818" lon="6.65988351">
<ele>564.69543</ele>
<time>2026-05-08T06:30:13Z</time>
</trkpt>
<trkpt lat="45.92328705" lon="6.66019193">
<ele>564.8328</ele>
<time>2026-05-08T06:30:14Z</time>
</trkpt>
<trkpt lat="45.92317499" lon="6.6605042">
<ele>564.99664</ele>
<time>2026-05-08T06:30:15Z</time>
</trkpt>
<trkpt lat="45.92306459" lon="6.66081557">
<ele>565.15515</ele>
<time>2026-05-08T06:30:16Z</time>
</trkpt>
<trkpt lat="45.92293951" lon="6.66112644">
<ele>565.29254</ele>
<time>2026-05-08T06:30:17Z</time>
</trkpt>
<trkpt lat="45.9228307" lon="6.66146021">
<ele>565.38245</ele>
<time>2026-05-08T06:30:18Z</time>
</trkpt>
<trkpt lat="45.92272384" lon="6.66177047">
<ele>565.4881</ele>
<time>2026-05-08T06:30:19Z</time>
</trkpt>
<trkpt lat="45.92262669" lon="6.66210805">
<ele>565.62024</ele>
<time>2026-05-08T06:30:20Z</time>
</trkpt>
<trkpt lat="45.92251155" lon="6.66242277">
<ele>565.7576</ele>
<time>2026-05-08T06:30:21Z</time>
</trkpt>
<trkpt lat="45.92239857" lon="6.66274336">
<ele>565.88446</ele>
<time>2026-05-08T06:30:22Z</time>
</trkpt>
<trkpt lat="45.92227783" lon="6.66306552">
<ele>566.04297</ele>
<time>2026-05-08T06:30:23Z</time>
</trkpt>
<trkpt lat="45.92216495" lon="6.6633788">
<ele>566.1962</ele>
<time>2026-05-08T06:30:24Z</time>
</trkpt>
<trkpt lat="45.92204605" lon="6.6637069">
<ele>566.3389</ele>
<time>2026-05-08T06:30:25Z</time>
</trkpt>
<trkpt lat="45.92193694" lon="6.66402349">
<ele>566.4605</ele>
<time>2026-05-08T06:30:26Z</time>
</trkpt>
<trkpt lat="45.92182599" lon="6.6643459">
<ele>566.6243</ele>
<time>2026-05-08T06:30:27Z</time>
</trkpt>
<trkpt lat="45.92170439" lon="6.66465327">
<ele>566.73</ele>
<time>2026-05-08T06:30:28Z</time>
</trkpt>
<trkpt lat="45.92159877" lon="6.66497343">
<ele>566.8357</ele>
<time>2026-05-08T06:30:29Z</time>
</trkpt>
<trkpt lat="45.92148754" lon="6.66528937">
<ele>566.915</ele>
<time>2026-05-08T06:30:30Z</time>
</trkpt>
<trkpt lat="45.92136223" lon="6.66558338">
<ele>567.2426</ele>
<time>2026-05-08T06:30:31Z</time>
</trkpt>
<trkpt lat="45.9212357" lon="6.66584798">
<ele>567.343</ele>
<time>2026-05-08T06:30:32Z</time>
</trkpt>
<trkpt lat="45.92112935" lon="6.66617752">
<ele>567.46454</ele>
<time>2026-05-08T06:30:33Z</time>
</trkpt>
<trkpt lat="45.92098744" lon="6.66651906">
<ele>567.5914</ele>
<time>2026-05-08T06:30:34Z</time>
</trkpt>
<trkpt lat="45.92086465" lon="6.66684817">
<ele>567.7869</ele>
<time>2026-05-08T06:30:35Z</time>
</trkpt>
<trkpt lat="45.92074502" lon="6.66715366">
<ele>567.9243</ele>
<time>2026-05-08T06:30:36Z</time>
</trkpt>
<trkpt lat="45.92061326" lon="6.66745489">
<ele>568.04584</ele>
<time>2026-05-08T06:30:37Z</time>
</trkpt>
<trkpt lat="45.92049068" lon="6.66778438">
<ele>568.1674</ele>
<time>2026-05-08T06:30:38Z</time>
</trkpt>
<trkpt lat="45.92035353" lon="6.66810111">
<ele>568.289</ele>
<time>2026-05-08T06:30:39Z</time>
</trkpt>
<trkpt lat="45.92021375" lon="6.66839658">
<ele>568.39465</ele>
<time>2026-05-08T06:30:40Z</time>
</trkpt>
<trkpt lat="45.92010268" lon="6.66870335">
<ele>568.4898</ele>
<time>2026-05-08T06:30:41Z</time>
</trkpt>
<trkpt lat="45.91998163" lon="6.66898576">
<ele>568.5585</ele>
<time>2026-05-08T06:30:42Z</time>
</trkpt>
<trkpt lat="45.91987522" lon="6.66926619">
<ele>568.6272</ele>
<time>2026-05-08T06:30:43Z</time>
</trkpt>
<trkpt lat="45.91976804" lon="6.66955107">
<ele>568.6536</ele>
<time>2026-05-08T06:30:44Z</time>
</trkpt>
<trkpt lat="45.91963803" lon="6.66981473">
<ele>568.7065</ele>
<time>2026-05-08T06:30:45Z</time>
</trkpt>
<trkpt lat="45.91952773" lon="6.67011211">
<ele>568.7276</ele>
<time>2026-05-08T06:30:46Z</time>
</trkpt>
<trkpt lat="45.91942264" lon="6.67037427">
<ele>568.7487</ele>
<time>2026-05-08T06:30:47Z</time>
</trkpt>
<trkpt lat="45.91930126" lon="6.67063189">
<ele>568.7857</ele>
<time>2026-05-08T06:30:48Z</time>
</trkpt>
<trkpt lat="45.91919986" lon="6.67089833">
<ele>568.8069</ele>
<time>2026-05-08T06:30:49Z</time>
</trkpt>
<trkpt lat="45.91909473" lon="6.67117502">
<ele>568.81213</ele>
<time>2026-05-08T06:30:50Z</time>
</trkpt>
<trkpt lat="45.91897067" lon="6.67143332">
<ele>568.791</ele>
<time>2026-05-08T06:30:51Z</time>
</trkpt>
<trkpt lat="45.91885737" lon="6.67168959">
<ele>568.9443</ele>
<time>2026-05-08T06:30:52Z</time>
</trkpt>
<trkpt lat="45.91874537" lon="6.67194151">
<ele>568.9918</ele>
<time>2026-05-08T06:30:53Z</time>
</trkpt>
<trkpt lat="45.91864113" lon="6.67219072">
<ele>569.0711</ele>
<time>2026-05-08T06:30:54Z</time>
</trkpt>
<trkpt lat="45.91853262" lon="6.67244139">
<ele>569.1451</ele>
<time>2026-05-08T06:30:55Z</time>
</trkpt>
<trkpt lat="45.91842862" lon="6.67270551">
<ele>569.21906</ele>
<time>2026-05-08T06:30:56Z</time>
</trkpt>
<trkpt lat="45.91831688" lon="6.67297145">
<ele>569.2772</ele>
<time>2026-05-08T06:30:57Z</time>
</trkpt>
<trkpt lat="45.91820759" lon="6.67322478">
<ele>569.3723</ele>
<time>2026-05-08T06:30:58Z</time>
</trkpt>
<trkpt lat="45.9180995" lon="6.67348151">
<ele>569.46747</ele>
<time>2026-05-08T06:30:59Z</time>
</trkpt>
<trkpt lat="45.91800093" lon="6.67373319">
<ele>569.5573</ele>
<time>2026-05-08T06:31:00Z</time>
</trkpt>
<trkpt lat="45.91789907" lon="6.67400236">
<ele>569.66296</ele>
<time>2026-05-08T06:31:01Z</time>
</trkpt>
<trkpt lat="45.91780364" lon="6.67426248">
<ele>569.76337</ele>
<time>2026-05-08T06:31:02Z</time>
</trkpt>
<trkpt lat="45.91770587" lon="6.6745283">
<ele>569.8638</ele>
<time>2026-05-08T06:31:03Z</time>
</trkpt>
<trkpt lat="45.91760178" lon="6.67479003">
<ele>569.9748</ele>
<time>2026-05-08T06:31:04Z</time>
</trkpt>
<trkpt lat="45.91749758" lon="6.6750446">
<ele>570.08044</ele>
<time>2026-05-08T06:31:05Z</time>
</trkpt>
<trkpt lat="45.91740631" lon="6.67531722">
<ele>570.1809</ele>
<time>2026-05-08T06:31:06Z</time>
</trkpt>
<trkpt lat="45.91734811" lon="6.67558716">
<ele>570.276</ele>
<time>2026-05-08T06:31:07Z</time>
</trkpt>
<trkpt lat="45.91727559" lon="6.67583045">
<ele>570.3923</ele>
<time>2026-05-08T06:31:08Z</time>
</trkpt>
<trkpt lat="45.91720463" lon="6.67608934">
<ele>570.5085</ele>
<time>2026-05-08T06:31:09Z</time>
</trkpt>
<trkpt lat="45.91714845" lon="6.67635157">
<ele>570.6353</ele>
<time>2026-05-08T06:31:10Z</time>
</trkpt>
<trkpt lat="45.91702751" lon="6.67665544">
<ele>570.74634</ele>
<time>2026-05-08T06:31:11Z</time>
</trkpt>
<trkpt lat="45.91691043" lon="6.67690467">
<ele>570.852</ele>
<time>2026-05-08T06:31:12Z</time>
</trkpt>
<trkpt lat="45.91683334" lon="6.67717649">
<ele>570.9419</ele>
<time>2026-05-08T06:31:13Z</time>
</trkpt>
<trkpt lat="45.91673727" lon="6.67743717">
<ele>570.9947</ele>
<time>2026-05-08T06:31:14Z</time>
</trkpt>
<trkpt lat="45.9166395" lon="6.67772223">
<ele>571.01587</ele>
<time>2026-05-08T06:31:15Z</time>
</trkpt>
<trkpt lat="45.91654583" lon="6.67799117">
<ele>571.1955</ele>
<time>2026-05-08T06:31:16Z</time>
</trkpt>
<trkpt lat="45.91646313" lon="6.67826154">
<ele>571.2748</ele>
<time>2026-05-08T06:31:17Z</time>
</trkpt>
<trkpt lat="45.91639376" lon="6.67851973">
<ele>571.36993</ele>
<time>2026-05-08T06:31:18Z</time>
</trkpt>
<trkpt lat="45.91631043" lon="6.67879991">
<ele>571.47034</ele>
<time>2026-05-08T06:31:19Z</time>
</trkpt>
<trkpt lat="45.91622822" lon="6.67906965">
<ele>571.5813</ele>
<time>2026-05-08T06:31:20Z</time>
</trkpt>
<trkpt lat="45.91615806" lon="6.67935712">
<ele>571.67645</ele>
<time>2026-05-08T06:31:21Z</time>
</trkpt>
<trkpt lat="45.91609137" lon="6.67963276">
<ele>571.7927</ele>
<time>2026-05-08T06:31:22Z</time>
</trkpt>
<trkpt lat="45.91599552" lon="6.67990857">
<ele>571.8878</ele>
<time>2026-05-08T06:31:23Z</time>
</trkpt>
<trkpt lat="45.91592402" lon="6.68019178">
<ele>572.00934</ele>
<time>2026-05-08T06:31:24Z</time>
</trkpt>
<trkpt lat="45.9158474" lon="6.68045617">
<ele>572.13086</ele>
<time>2026-05-08T06:31:25Z</time>
</trkpt>
<trkpt lat="45.91578647" lon="6.68075183">
<ele>572.2789</ele>
<time>2026-05-08T06:31:26Z</time>
</trkpt>
<trkpt lat="45.91570627" lon="6.68101916">
<ele>572.4269</ele>
<time>2026-05-08T06:31:27Z</time>
</trkpt>
<trkpt lat="45.91564021" lon="6.68130825">
<ele>572.55896</ele>
<time>2026-05-08T06:31:28Z</time>
</trkpt>
<trkpt lat="45.91557123" lon="6.6815752">
<ele>572.6805</ele>
<time>2026-05-08T06:31:29Z</time>
</trkpt>
<trkpt lat="45.91550963" lon="6.6818519">
<ele>572.8232</ele>
<time>2026-05-08T06:31:30Z</time>
</trkpt>
<trkpt lat="45.91544096" lon="6.682135">
<ele>572.9606</ele>
<time>2026-05-08T06:31:31Z</time>
</trkpt>
<trkpt lat="45.91536861" lon="6.68241614">
<ele>573.0927</ele>
<time>2026-05-08T06:31:32Z</time>
</trkpt>
<trkpt lat="45.91530602" lon="6.6826992">
<ele>573.2301</ele>
<time>2026-05-08T06:31:33Z</time>
</trkpt>
<trkpt lat="45.91522714" lon="6.68296558">
<ele>573.3728</ele>
<time>2026-05-08T06:31:34Z</time>
</trkpt>
<trkpt lat="45.91514323" lon="6.68324688">
<ele>573.52606</ele>
<time>2026-05-08T06:31:35Z</time>
</trkpt>
<trkpt lat="45.91507496" lon="6.68353523">
<ele>573.6899</ele>
<time>2026-05-08T06:31:36Z</time>
</trkpt>
<trkpt lat="45.91500221" lon="6.68381698">
<ele>573.8378</ele>
<time>2026-05-08T06:31:37Z</time>
</trkpt>
<trkpt lat="45.91493352" lon="6.6840963">
<ele>573.9911</ele>
<time>2026-05-08T06:31:38Z</time>
</trkpt>
<trkpt lat="45.91486389" lon="6.68438115">
<ele>574.16547</ele>
<time>2026-05-08T06:31:39Z</time>
</trkpt>
<trkpt lat="45.91479185" lon="6.68463278">
<ele>574.30817</ele>
<time>2026-05-08T06:31:40Z</time>
</trkpt>
<trkpt lat="45.91471447" lon="6.68489445">
<ele>574.46674</ele>
<time>2026-05-08T06:31:41Z</time>
</trkpt>
<trkpt lat="45.91462794" lon="6.68517088">
<ele>574.6358</ele>
<time>2026-05-08T06:31:42Z</time>
</trkpt>
<trkpt lat="45.91455736" lon="6.68543644">
<ele>574.8102</ele>
<time>2026-05-08T06:31:43Z</time>
</trkpt>
<trkpt lat="45.9144675" lon="6.68570759">
<ele>574.97406</ele>
<time>2026-05-08T06:31:44Z</time>
</trkpt>
<trkpt lat="45.91438642" lon="6.68599389">
<ele>575.1802</ele>
<time>2026-05-08T06:31:45Z</time>
</trkpt>
<trkpt lat="45.91427477" lon="6.68625509">
<ele>575.34924</ele>
<time>2026-05-08T06:31:46Z</time>
</trkpt>
<trkpt lat="45.91416025" lon="6.68655189">
<ele>575.624</ele>
<time>2026-05-08T06:31:47Z</time>
</trkpt>
<trkpt lat="45.91407535" lon="6.68680555">
<ele>575.7667</ele>
<time>2026-05-08T06:31:48Z</time>
</trkpt>
<trkpt lat="45.91397289" lon="6.68709739">
<ele>575.9517</ele>
<time>2026-05-08T06:31:49Z</time>
</trkpt>
<trkpt lat="45.91386746" lon="6.68739684">
<ele>576.1895</ele>
<time>2026-05-08T06:31:50Z</time>
</trkpt>
<trkpt lat="45.91375275" lon="6.68766607">
<ele>576.4009</ele>
<time>2026-05-08T06:31:51Z</time>
</trkpt>
<trkpt lat="45.91364572" lon="6.68796543">
<ele>576.65454</ele>
<time>2026-05-08T06:31:52Z</time>
</trkpt>
<trkpt lat="45.91353464" lon="6.68824434">
<ele>576.9293</ele>
<time>2026-05-08T06:31:53Z</time>
</trkpt>
<trkpt lat="45.91344336" lon="6.68845776">
<ele>577.18304</ele>
<time>2026-05-08T06:31:54Z</time>
</trkpt>
<trkpt lat="45.91331489" lon="6.68873892">
<ele>577.42084</ele>
<time>2026-05-08T06:31:55Z</time>
</trkpt>
<trkpt lat="45.91320818" lon="6.6890118">
<ele>577.6534</ele>
<time>2026-05-08T06:31:56Z</time>
</trkpt>
<trkpt lat="45.91309425" lon="6.68928325">
<ele>577.9176</ele>
<time>2026-05-08T06:31:57Z</time>
</trkpt>
<trkpt lat="45.91294284" lon="6.68963487">
<ele>578.1501</ele>
<time>2026-05-08T06:31:58Z</time>
</trkpt>
<trkpt lat="45.912837" lon="6.68990825">
<ele>578.3721</ele>
<time>2026-05-08T06:31:59Z</time>
</trkpt>
<trkpt lat="45.912729" lon="6.69018438">
<ele>578.594</ele>
<time>2026-05-08T06:32:00Z</time>
</trkpt>
<trkpt lat="45.91261499" lon="6.69046952">
<ele>578.8212</ele>
<time>2026-05-08T06:32:01Z</time>
</trkpt>
<trkpt lat="45.91250082" lon="6.69074681">
<ele>579.0432</ele>
<time>2026-05-08T06:32:02Z</time>
</trkpt>
<trkpt lat="45.91238051" lon="6.69102898">
<ele>579.2652</ele>
<time>2026-05-08T06:32:03Z</time>
</trkpt>
<trkpt lat="45.91225626" lon="6.69129453">
<ele>579.46594</ele>
<time>2026-05-08T06:32:04Z</time>
</trkpt>
<trkpt lat="45.91214555" lon="6.69156304">
<ele>579.6615</ele>
<time>2026-05-08T06:32:05Z</time>
</trkpt>
<trkpt lat="45.91202535" lon="6.69183425">
<ele>579.85175</ele>
<time>2026-05-08T06:32:06Z</time>
</trkpt>
<trkpt lat="45.91191207" lon="6.69210315">
<ele>580.01556</ele>
<time>2026-05-08T06:32:07Z</time>
</trkpt>
<trkpt lat="45.91181214" lon="6.69240357">
<ele>580.19</ele>
<time>2026-05-08T06:32:08Z</time>
</trkpt>
<trkpt lat="45.91170412" lon="6.69265689">
<ele>580.3644</ele>
<time>2026-05-08T06:32:09Z</time>
</trkpt>
<trkpt lat="45.91159675" lon="6.69290784">
<ele>580.5229</ele>
<time>2026-05-08T06:32:10Z</time>
</trkpt>
<trkpt lat="45.91148213" lon="6.69318833">
<ele>580.6656</ele>
<time>2026-05-08T06:32:11Z</time>
</trkpt>
<trkpt lat="45.91137631" lon="6.6934619">
<ele>580.82416</ele>
<time>2026-05-08T06:32:12Z</time>
</trkpt>
<trkpt lat="45.91127529" lon="6.69375414">
<ele>580.94037</ele>
<time>2026-05-08T06:32:13Z</time>
</trkpt>
<trkpt lat="45.91122951" lon="6.69393729">
<ele>581.05664</ele>
<time>2026-05-08T06:32:14Z</time>
</trkpt>
<trkpt lat="45.91115203" lon="6.69416702">
<ele>581.1835</ele>
<time>2026-05-08T06:32:15Z</time>
</trkpt>
<trkpt lat="45.91104772" lon="6.69453299">
<ele>581.3209</ele>
<time>2026-05-08T06:32:16Z</time>
</trkpt>
<trkpt lat="45.91095529" lon="6.69481721">
<ele>581.4741</ele>
<time>2026-05-08T06:32:17Z</time>
</trkpt>
<trkpt lat="45.91088504" lon="6.69510981">
<ele>581.6485</ele>
<time>2026-05-08T06:32:18Z</time>
</trkpt>
<trkpt lat="45.91080925" lon="6.69539896">
<ele>581.80707</ele>
<time>2026-05-08T06:32:19Z</time>
</trkpt>
<trkpt lat="45.91075304" lon="6.69567247">
<ele>581.98145</ele>
<time>2026-05-08T06:32:20Z</time>
</trkpt>
<trkpt lat="45.91068052" lon="6.69595973">
<ele>582.1929</ele>
<time>2026-05-08T06:32:21Z</time>
</trkpt>
<trkpt lat="45.91061398" lon="6.69623557">
<ele>582.40424</ele>
<time>2026-05-08T06:32:22Z</time>
</trkpt>
<trkpt lat="45.91056484" lon="6.69653229">
<ele>582.6209</ele>
<time>2026-05-08T06:32:23Z</time>
</trkpt>
<trkpt lat="45.91052406" lon="6.69682274">
<ele>582.85345</ele>
<time>2026-05-08T06:32:24Z</time>
</trkpt>
<trkpt lat="45.91048992" lon="6.69712028">
<ele>583.11237</ele>
<time>2026-05-08T06:32:25Z</time>
</trkpt>
<trkpt lat="45.91045001" lon="6.69742173">
<ele>583.37134</ele>
<time>2026-05-08T06:32:26Z</time>
</trkpt>
<trkpt lat="45.91042555" lon="6.69771543">
<ele>583.63556</ele>
<time>2026-05-08T06:32:27Z</time>
</trkpt>
<trkpt lat="45.91040517" lon="6.6980481">
<ele>583.9421</ele>
<time>2026-05-08T06:32:28Z</time>
</trkpt>
<trkpt lat="45.91037467" lon="6.69835351">
<ele>584.26447</ele>
<time>2026-05-08T06:32:29Z</time>
</trkpt>
<trkpt lat="45.91036411" lon="6.69866894">
<ele>584.63965</ele>
<time>2026-05-08T06:32:30Z</time>
</trkpt>
<trkpt lat="45.91034443" lon="6.69895784">
<ele>585.01483</ele>
<time>2026-05-08T06:32:31Z</time>
</trkpt>
<trkpt lat="45.9103358" lon="6.69926961">
<ele>585.3901</ele>
<time>2026-05-08T06:32:32Z</time>
</trkpt>
<trkpt lat="45.91033404" lon="6.69956342">
<ele>585.7864</ele>
<time>2026-05-08T06:32:33Z</time>
</trkpt>
<trkpt lat="45.91034088" lon="6.69989744">
<ele>586.18274</ele>
<time>2026-05-08T06:32:34Z</time>
</trkpt>
<trkpt lat="45.91033168" lon="6.70020345">
<ele>586.5738</ele>
<time>2026-05-08T06:32:35Z</time>
</trkpt>
<trkpt lat="45.91032706" lon="6.70052312">
<ele>587.0019</ele>
<time>2026-05-08T06:32:36Z</time>
</trkpt>
<trkpt lat="45.91031037" lon="6.70083656">
<ele>587.4458</ele>
<time>2026-05-08T06:32:37Z</time>
</trkpt>
<trkpt lat="45.91029749" lon="6.70114505">
<ele>587.9108</ele>
<time>2026-05-08T06:32:38Z</time>
</trkpt>
<trkpt lat="45.91028807" lon="6.70145698">
<ele>588.3865</ele>
<time>2026-05-08T06:32:39Z</time>
</trkpt>
<trkpt lat="45.91027628" lon="6.70177674">
<ele>588.8674</ele>
<time>2026-05-08T06:32:40Z</time>
</trkpt>
<trkpt lat="45.91026487" lon="6.70207196">
<ele>589.3324</ele>
<time>2026-05-08T06:32:41Z</time>
</trkpt>
<trkpt lat="45.91025278" lon="6.70235244">
<ele>589.7922</ele>
<time>2026-05-08T06:32:42Z</time>
</trkpt>
<trkpt lat="45.91023838" lon="6.70261059">
<ele>590.2678</ele>
<time>2026-05-08T06:32:43Z</time>
</trkpt>
<trkpt lat="45.91021328" lon="6.70293312">
<ele>590.7064</ele>
<time>2026-05-08T06:32:44Z</time>
</trkpt>
<trkpt lat="45.9102098" lon="6.70323235">
<ele>591.1873</ele>
<time>2026-05-08T06:32:45Z</time>
</trkpt>
<trkpt lat="45.91020107" lon="6.7035376">
<ele>591.6682</ele>
<time>2026-05-08T06:32:46Z</time>
</trkpt>
<trkpt lat="45.91019267" lon="6.70381882">
<ele>592.13855</ele>
<time>2026-05-08T06:32:47Z</time>
</trkpt>
<trkpt lat="45.91017224" lon="6.70410515">
<ele>592.5455</ele>
<time>2026-05-08T06:32:48Z</time>
</trkpt>
<trkpt lat="45.91015888" lon="6.70440717">
<ele>592.9524</ele>
<time>2026-05-08T06:32:49Z</time>
</trkpt>
<trkpt lat="45.91013794" lon="6.7046992">
<ele>593.36456</ele>
<time>2026-05-08T06:32:50Z</time>
</trkpt>
<trkpt lat="45.91011021" lon="6.70499259">
<ele>593.7662</ele>
<time>2026-05-08T06:32:51Z</time>
</trkpt>
<trkpt lat="45.91007908" lon="6.70526272">
<ele>594.1731</ele>
<time>2026-05-08T06:32:52Z</time>
</trkpt>
<trkpt lat="45.91005513" lon="6.70554602">
<ele>594.51135</ele>
<time>2026-05-08T06:32:53Z</time>
</trkpt>
<trkpt lat="45.91003234" lon="6.70580808">
<ele>594.8284</ele>
<time>2026-05-08T06:32:54Z</time>
</trkpt>
<trkpt lat="45.9099973" lon="6.70607554">
<ele>595.12964</ele>
<time>2026-05-08T06:32:55Z</time>
</trkpt>
<trkpt lat="45.90996813" lon="6.70635594">
<ele>595.4045</ele>
<time>2026-05-08T06:32:56Z</time>
</trkpt>
<trkpt lat="45.90993824" lon="6.70663387">
<ele>595.6475</ele>
<time>2026-05-08T06:32:57Z</time>
</trkpt>
<trkpt lat="45.90991407" lon="6.70691041">
<ele>595.8484</ele>
<time>2026-05-08T06:32:58Z</time>
</trkpt>
<trkpt lat="45.90988704" lon="6.70718825">
<ele>596.05975</ele>
<time>2026-05-08T06:32:59Z</time>
</trkpt>
<trkpt lat="45.90985111" lon="6.70745723">
<ele>596.2764</ele>
<time>2026-05-08T06:33:00Z</time>
</trkpt>
<trkpt lat="45.9098304" lon="6.70773833">
<ele>596.48254</ele>
<time>2026-05-08T06:33:01Z</time>
</trkpt>
<trkpt lat="45.90980661" lon="6.708015">
<ele>596.6569</ele>
<time>2026-05-08T06:33:02Z</time>
</trkpt>
<trkpt lat="45.90977973" lon="6.70830385">
<ele>596.84717</ele>
<time>2026-05-08T06:33:03Z</time>
</trkpt>
<trkpt lat="45.90975539" lon="6.70857963">
<ele>597.02155</ele>
<time>2026-05-08T06:33:04Z</time>
</trkpt>
<trkpt lat="45.90973753" lon="6.70886307">
<ele>597.1907</ele>
<time>2026-05-08T06:33:05Z</time>
</trkpt>
<trkpt lat="45.90974559" lon="6.70917027">
<ele>597.3545</ele>
<time>2026-05-08T06:33:06Z</time>
</trkpt>
<trkpt lat="45.90973934" lon="6.70944296">
<ele>597.50244</ele>
<time>2026-05-08T06:33:07Z</time>
</trkpt>
<trkpt lat="45.90973367" lon="6.70972803">
<ele>597.64514</ele>
<time>2026-05-08T06:33:08Z</time>
</trkpt>
<trkpt lat="45.90973296" lon="6.71000719">
<ele>597.7614</ele>
<time>2026-05-08T06:33:09Z</time>
</trkpt>
<trkpt lat="45.90973987" lon="6.71028996">
<ele>597.8671</ele>
<time>2026-05-08T06:33:10Z</time>
</trkpt>
<trkpt lat="45.90974769" lon="6.71057812">
<ele>597.92523</ele>
<time>2026-05-08T06:33:11Z</time>
</trkpt>
<trkpt lat="45.90976585" lon="6.71087673">
<ele>598.0151</ele>
<time>2026-05-08T06:33:12Z</time>
</trkpt>
<trkpt lat="45.90979957" lon="6.71115716">
<ele>598.0996</ele>
<time>2026-05-08T06:33:13Z</time>
</trkpt>
<trkpt lat="45.90986753" lon="6.71147554">
<ele>598.15247</ele>
<time>2026-05-08T06:33:14Z</time>
</trkpt>
<trkpt lat="45.90993731" lon="6.71173474">
<ele>598.1789</ele>
<time>2026-05-08T06:33:15Z</time>
</trkpt>
<trkpt lat="45.91003661" lon="6.71201846">
<ele>598.18945</ele>
<time>2026-05-08T06:33:16Z</time>
</trkpt>
<trkpt lat="45.91013038" lon="6.7122673">
<ele>598.18945</ele>
<time>2026-05-08T06:33:17Z</time>
</trkpt>
<trkpt lat="45.91024409" lon="6.7124911">
<ele>598.1789</ele>
<time>2026-05-08T06:33:18Z</time>
</trkpt>
<trkpt lat="45.91036824" lon="6.71270648">
<ele>598.16833</ele>
<time>2026-05-08T06:33:19Z</time>
</trkpt>
<trkpt lat="45.910489" lon="6.71288335">
<ele>598.1472</ele>
<time>2026-05-08T06:33:20Z</time>
</trkpt>
<trkpt lat="45.91061456" lon="6.71303523">
<ele>598.1419</ele>
<time>2026-05-08T06:33:21Z</time>
</trkpt>
<trkpt lat="45.91077802" lon="6.71323606">
<ele>598.12604</ele>
<time>2026-05-08T06:33:22Z</time>
</trkpt>
<trkpt lat="45.9109527" lon="6.71344922">
<ele>598.12604</ele>
<time>2026-05-08T06:33:23Z</time>
</trkpt>
<trkpt lat="45.91110198" lon="6.71360189">
<ele>598.11017</ele>
<time>2026-05-08T06:33:24Z</time>
</trkpt>
<trkpt lat="45.91124991" lon="6.71376684">
<ele>598.12604</ele>
<time>2026-05-08T06:33:25Z</time>
</trkpt>
<trkpt lat="45.91141757" lon="6.71394775">
<ele>598.1049</ele>
<time>2026-05-08T06:33:26Z</time>
</trkpt>
<trkpt lat="45.91158312" lon="6.71409964">
<ele>598.0573</ele>
<time>2026-05-08T06:33:27Z</time>
</trkpt>
<trkpt lat="45.91175112" lon="6.71424424">
<ele>598.00977</ele>
<time>2026-05-08T06:33:28Z</time>
</trkpt>
<trkpt lat="45.91190534" lon="6.71441054">
<ele>597.9569</ele>
<time>2026-05-08T06:33:29Z</time>
</trkpt>
<trkpt lat="45.91205714" lon="6.7146038">
<ele>597.88824</ele>
<time>2026-05-08T06:33:30Z</time>
</trkpt>
<trkpt lat="45.91219831" lon="6.71478599">
<ele>597.8037</ele>
<time>2026-05-08T06:33:31Z</time>
</trkpt>
<trkpt lat="45.91235405" lon="6.71497689">
<ele>597.70856</ele>
<time>2026-05-08T06:33:32Z</time>
</trkpt>
<trkpt lat="45.91250218" lon="6.715146">
<ele>597.5817</ele>
<time>2026-05-08T06:33:33Z</time>
</trkpt>
<trkpt lat="45.91265924" lon="6.7153249">
<ele>597.4549</ele>
<time>2026-05-08T06:33:34Z</time>
</trkpt>
<trkpt lat="45.91279282" lon="6.71551588">
<ele>597.3386</ele>
<time>2026-05-08T06:33:35Z</time>
</trkpt>
<trkpt lat="45.91291679" lon="6.71570644">
<ele>597.22766</ele>
<time>2026-05-08T06:33:36Z</time>
</trkpt>
<trkpt lat="45.91306652" lon="6.71594417">
<ele>597.0744</ele>
<time>2026-05-08T06:33:37Z</time>
</trkpt>
<trkpt lat="45.91320732" lon="6.7161637">
<ele>596.9581</ele>
<time>2026-05-08T06:33:38Z</time>
</trkpt>
<trkpt lat="45.91333436" lon="6.71638152">
<ele>596.8524</ele>
<time>2026-05-08T06:33:39Z</time>
</trkpt>
<trkpt lat="45.91346239" lon="6.71660175">
<ele>596.7362</ele>
<time>2026-05-08T06:33:40Z</time>
</trkpt>
<trkpt lat="45.91358287" lon="6.71682533">
<ele>596.6305</ele>
<time>2026-05-08T06:33:41Z</time>
</trkpt>
<trkpt lat="45.91370295" lon="6.71707444">
<ele>596.5354</ele>
<time>2026-05-08T06:33:42Z</time>
</trkpt>
<trkpt lat="45.91382184" lon="6.7173241">
<ele>596.4667</ele>
<time>2026-05-08T06:33:43Z</time>
</trkpt>
<trkpt lat="45.91393504" lon="6.71757352">
<ele>596.43494</ele>
<time>2026-05-08T06:33:44Z</time>
</trkpt>
<trkpt lat="45.91402824" lon="6.71781105">
<ele>596.44025</ele>
<time>2026-05-08T06:33:45Z</time>
</trkpt>
<trkpt lat="45.91413194" lon="6.71807813">
<ele>596.4667</ele>
<time>2026-05-08T06:33:46Z</time>
</trkpt>
<trkpt lat="45.91422717" lon="6.71833367">
<ele>596.49835</ele>
<time>2026-05-08T06:33:47Z</time>
</trkpt>
<trkpt lat="45.9142981" lon="6.71856571">
<ele>596.5301</ele>
<time>2026-05-08T06:33:48Z</time>
</trkpt>
<trkpt lat="45.91439564" lon="6.71884442">
<ele>596.57764</ele>
<time>2026-05-08T06:33:49Z</time>
</trkpt>
<trkpt lat="45.91451721" lon="6.71918094">
<ele>596.6675</ele>
<time>2026-05-08T06:33:50Z</time>
</trkpt>
<trkpt lat="45.91460962" lon="6.71944982">
<ele>596.8049</ele>
<time>2026-05-08T06:33:51Z</time>
</trkpt>
<trkpt lat="45.914705" lon="6.71974501">
<ele>596.92114</ele>
<time>2026-05-08T06:33:52Z</time>
</trkpt>
<trkpt lat="45.91479205" lon="6.72001956">
<ele>597.0533</ele>
<time>2026-05-08T06:33:53Z</time>
</trkpt>
<trkpt lat="45.91488394" lon="6.72027598">
<ele>597.21704</ele>
<time>2026-05-08T06:33:54Z</time>
</trkpt>
<trkpt lat="45.91495365" lon="6.72051168">
<ele>597.3756</ele>
<time>2026-05-08T06:33:55Z</time>
</trkpt>
<trkpt lat="45.91504753" lon="6.72077153">
<ele>597.51306</ele>
<time>2026-05-08T06:33:56Z</time>
</trkpt>
<trkpt lat="45.91515288" lon="6.72102968">
<ele>597.6716</ele>
<time>2026-05-08T06:33:57Z</time>
</trkpt>
<trkpt lat="45.91526813" lon="6.72128786">
<ele>597.8301</ele>
<time>2026-05-08T06:33:58Z</time>
</trkpt>
<trkpt lat="45.91538212" lon="6.72153345">
<ele>597.9992</ele>
<time>2026-05-08T06:33:59Z</time>
</trkpt>
<trkpt lat="45.91550962" lon="6.72177104">
<ele>598.18414</ele>
<time>2026-05-08T06:34:00Z</time>
</trkpt>
<trkpt lat="45.91564658" lon="6.72200021">
<ele>598.36914</ele>
<time>2026-05-08T06:34:01Z</time>
</trkpt>
<trkpt lat="45.915773" lon="6.72219683">
<ele>598.5224</ele>
<time>2026-05-08T06:34:02Z</time>
</trkpt>
<trkpt lat="45.9158955" lon="6.72239537">
<ele>598.71265</ele>
<time>2026-05-08T06:34:03Z</time>
</trkpt>
<trkpt lat="45.91604824" lon="6.72259574">
<ele>598.9029</ele>
<time>2026-05-08T06:34:04Z</time>
</trkpt>
<trkpt lat="45.91620755" lon="6.722787">
<ele>599.0826</ele>
<time>2026-05-08T06:34:05Z</time>
</trkpt>
<trkpt lat="45.91636482" lon="6.72296974">
<ele>599.2728</ele>
<time>2026-05-08T06:34:06Z</time>
</trkpt>
<trkpt lat="45.91654344" lon="6.72315378">
<ele>599.4683</ele>
<time>2026-05-08T06:34:07Z</time>
</trkpt>
<trkpt lat="45.91669625" lon="6.72331806">
<ele>599.65857</ele>
<time>2026-05-08T06:34:08Z</time>
</trkpt>
<trkpt lat="45.91685626" lon="6.72349957">
<ele>599.8647</ele>
<time>2026-05-08T06:34:09Z</time>
</trkpt>
<trkpt lat="45.91700616" lon="6.72365104">
<ele>600.05493</ele>
<time>2026-05-08T06:34:10Z</time>
</trkpt>
<trkpt lat="45.91715649" lon="6.72382959">
<ele>600.26636</ele>
<time>2026-05-08T06:34:11Z</time>
</trkpt>
<trkpt lat="45.9173184" lon="6.72400054">
<ele>600.4936</ele>
<time>2026-05-08T06:34:12Z</time>
</trkpt>
<trkpt lat="45.91746843" lon="6.72418314">
<ele>600.7261</ele>
<time>2026-05-08T06:34:13Z</time>
</trkpt>
<trkpt lat="45.91762952" lon="6.72437031">
<ele>600.9956</ele>
<time>2026-05-08T06:34:14Z</time>
</trkpt>
<trkpt lat="45.9177485" lon="6.72457537">
<ele>601.2915</ele>
<time>2026-05-08T06:34:15Z</time>
</trkpt>
<trkpt lat="45.91788462" lon="6.72477319">
<ele>601.635</ele>
<time>2026-05-08T06:34:16Z</time>
</trkpt>
<trkpt lat="45.91803128" lon="6.72498948">
<ele>602.01025</ele>
<time>2026-05-08T06:34:17Z</time>
</trkpt>
<trkpt lat="45.91815535" lon="6.72518763">
<ele>602.4436</ele>
<time>2026-05-08T06:34:18Z</time>
</trkpt>
<trkpt lat="45.91828646" lon="6.72540915">
<ele>602.9192</ele>
<time>2026-05-08T06:34:19Z</time>
</trkpt>
<trkpt lat="45.9184177" lon="6.7256446">
<ele>603.45825</ele>
<time>2026-05-08T06:34:20Z</time>
</trkpt>
<trkpt lat="45.91854272" lon="6.72586411">
<ele>604.03955</ele>
<time>2026-05-08T06:34:21Z</time>
</trkpt>
<trkpt lat="45.91867213" lon="6.72609177">
<ele>604.68427</ele>
<time>2026-05-08T06:34:22Z</time>
</trkpt>
<trkpt lat="45.9188061" lon="6.72630363">
<ele>605.42944</ele>
<time>2026-05-08T06:34:23Z</time>
</trkpt>
<trkpt lat="45.91894561" lon="6.72651525">
<ele>606.21155</ele>
<time>2026-05-08T06:34:24Z</time>
</trkpt>
<trkpt lat="45.91907247" lon="6.72671943">
<ele>607.0782</ele>
<time>2026-05-08T06:34:25Z</time>
</trkpt>
<trkpt lat="45.91920903" lon="6.72692528">
<ele>607.9819</ele>
<time>2026-05-08T06:34:26Z</time>
</trkpt>
<trkpt lat="45.91935529" lon="6.72712587">
<ele>608.9226</ele>
<time>2026-05-08T06:34:27Z</time>
</trkpt>
<trkpt lat="45.91950343" lon="6.72731609">
<ele>609.9214</ele>
<time>2026-05-08T06:34:28Z</time>
</trkpt>
<trkpt lat="45.9196515" lon="6.72748726">
<ele>610.95715</ele>
<time>2026-05-08T06:34:29Z</time>
</trkpt>
<trkpt lat="45.91980977" lon="6.72765439">
<ele>612.01404</ele>
<time>2026-05-08T06:34:30Z</time>
</trkpt>
<trkpt lat="45.91997707" lon="6.72783268">
<ele>613.1027</ele>
<time>2026-05-08T06:34:31Z</time>
</trkpt>
<trkpt lat="45.92013039" lon="6.72797825">
<ele>614.2231</ele>
<time>2026-05-08T06:34:32Z</time>
</trkpt>
<trkpt lat="45.92029279" lon="6.72812033">
<ele>615.3751</ele>
<time>2026-05-08T06:34:33Z</time>
</trkpt>
<trkpt lat="45.92046055" lon="6.72825246">
<ele>616.5166</ele>
<time>2026-05-08T06:34:34Z</time>
</trkpt>
<trkpt lat="45.92061861" lon="6.72837841">
<ele>617.7162</ele>
<time>2026-05-08T06:34:35Z</time>
</trkpt>
<trkpt lat="45.92077552" lon="6.72850611">
<ele>618.93695</ele>
<time>2026-05-08T06:34:36Z</time>
</trkpt>
<trkpt lat="45.92094458" lon="6.72865738">
<ele>620.18414</ele>
<time>2026-05-08T06:34:37Z</time>
</trkpt>
<trkpt lat="45.92109781" lon="6.72879652">
<ele>621.43134</ele>
<time>2026-05-08T06:34:38Z</time>
</trkpt>
<trkpt lat="45.92126247" lon="6.72895094">
<ele>622.69965</ele>
<time>2026-05-08T06:34:39Z</time>
</trkpt>
<trkpt lat="45.92142629" lon="6.72911435">
<ele>623.9785</ele>
<time>2026-05-08T06:34:40Z</time>
</trkpt>
<trkpt lat="45.92158669" lon="6.72928036">
<ele>625.2785</ele>
<time>2026-05-08T06:34:41Z</time>
</trkpt>
<trkpt lat="45.92173547" lon="6.72944205">
<ele>626.5891</ele>
<time>2026-05-08T06:34:42Z</time>
</trkpt>
<trkpt lat="45.92188306" lon="6.7296108">
<ele>627.9209</ele>
<time>2026-05-08T06:34:43Z</time>
</trkpt>
<trkpt lat="45.92203227" lon="6.72978801">
<ele>629.25256</ele>
<time>2026-05-08T06:34:44Z</time>
</trkpt>
<trkpt lat="45.92217169" lon="6.72994762">
<ele>630.5949</ele>
<time>2026-05-08T06:34:45Z</time>
</trkpt>
<trkpt lat="45.92232417" lon="6.73013216">
<ele>631.953</ele>
<time>2026-05-08T06:34:46Z</time>
</trkpt>
<trkpt lat="45.92247047" lon="6.73029912">
<ele>633.29535</ele>
<time>2026-05-08T06:34:47Z</time>
</trkpt>
<trkpt lat="45.92261955" lon="6.73045389">
<ele>634.664</ele>
<time>2026-05-08T06:34:48Z</time>
</trkpt>
<trkpt lat="45.92275634" lon="6.73059571">
<ele>636.038</ele>
<time>2026-05-08T06:34:49Z</time>
</trkpt>
<trkpt lat="45.92289809" lon="6.73071546">
<ele>637.41205</ele>
<time>2026-05-08T06:34:50Z</time>
</trkpt>
<trkpt lat="45.92308032" lon="6.73083975">
<ele>638.79663</ele>
<time>2026-05-08T06:34:51Z</time>
</trkpt>
<trkpt lat="45.92326264" lon="6.73094549">
<ele>640.1918</ele>
<time>2026-05-08T06:34:52Z</time>
</trkpt>
<trkpt lat="45.92343421" lon="6.7310444">
<ele>641.5552</ele>
<time>2026-05-08T06:34:53Z</time>
</trkpt>
<trkpt lat="45.92359452" lon="6.73111507">
<ele>642.9134</ele>
<time>2026-05-08T06:34:54Z</time>
</trkpt>
<trkpt lat="45.9237711" lon="6.7312023">
<ele>644.298</ele>
<time>2026-05-08T06:34:55Z</time>
</trkpt>
<trkpt lat="45.92394674" lon="6.73128499">
<ele>645.68256</ele>
<time>2026-05-08T06:34:56Z</time>
</trkpt>
<trkpt lat="45.92413058" lon="6.7313949">
<ele>647.0565</ele>
<time>2026-05-08T06:34:57Z</time>
</trkpt>
<trkpt lat="45.92431118" lon="6.73148363">
<ele>648.44635</ele>
<time>2026-05-08T06:34:58Z</time>
</trkpt>
<trkpt lat="45.92446821" lon="6.73156257">
<ele>649.83624</ele>
<time>2026-05-08T06:34:59Z</time>
</trkpt>
<trkpt lat="45.92464631" lon="6.73166562">
<ele>651.1944</ele>
<time>2026-05-08T06:35:00Z</time>
</trkpt>
<trkpt lat="45.92482284" lon="6.73177584">
<ele>652.5578</ele>
<time>2026-05-08T06:35:01Z</time>
</trkpt>
<trkpt lat="45.92500215" lon="6.73189227">
<ele>654.0322</ele>
<time>2026-05-08T06:35:02Z</time>
</trkpt>
<trkpt lat="45.92520349" lon="6.73205953">
<ele>655.46967</ele>
<time>2026-05-08T06:35:03Z</time>
</trkpt>
<trkpt lat="45.92536754" lon="6.73216326">
<ele>656.84894</ele>
<time>2026-05-08T06:35:04Z</time>
</trkpt>
<trkpt lat="45.92552021" lon="6.73228138">
<ele>658.2547</ele>
<time>2026-05-08T06:35:05Z</time>
</trkpt>
<trkpt lat="45.92569042" lon="6.73242307">
<ele>659.6551</ele>
<time>2026-05-08T06:35:06Z</time>
</trkpt>
<trkpt lat="45.92586732" lon="6.73257402">
<ele>661.045</ele>
<time>2026-05-08T06:35:07Z</time>
</trkpt>
<trkpt lat="45.9260237" lon="6.73271596">
<ele>662.46124</ele>
<time>2026-05-08T06:35:08Z</time>
</trkpt>
<trkpt lat="45.92620069" lon="6.73286467">
<ele>663.87756</ele>
<time>2026-05-08T06:35:09Z</time>
</trkpt>
<trkpt lat="45.92637448" lon="6.73300919">
<ele>665.31494</ele>
<time>2026-05-08T06:35:10Z</time>
</trkpt>
<trkpt lat="45.92654688" lon="6.73314302">
<ele>666.7154</ele>
<time>2026-05-08T06:35:11Z</time>
</trkpt>
<trkpt lat="45.92671526" lon="6.73326436">
<ele>668.1475</ele>
<time>2026-05-08T06:35:12Z</time>
</trkpt>
<trkpt lat="45.92688704" lon="6.73338727">
<ele>669.5691</ele>
<time>2026-05-08T06:35:13Z</time>
</trkpt>
<trkpt lat="45.92708335" lon="6.73349068">
<ele>671.0065</ele>
<time>2026-05-08T06:35:14Z</time>
</trkpt>
<trkpt lat="45.92725342" lon="6.73354267">
<ele>672.4492</ele>
<time>2026-05-08T06:35:15Z</time>
</trkpt>
<trkpt lat="45.92742997" lon="6.73359296">
<ele>673.8496</ele>
<time>2026-05-08T06:35:16Z</time>
</trkpt>
<trkpt lat="45.92760734" lon="6.73360806">
<ele>675.3558</ele>
<time>2026-05-08T06:35:17Z</time>
</trkpt>
<trkpt lat="45.92780164" lon="6.73362329">
<ele>676.75616</ele>
<time>2026-05-08T06:35:18Z</time>
</trkpt>
<trkpt lat="45.92799021" lon="6.73360725">
<ele>678.14606</ele>
<time>2026-05-08T06:35:19Z</time>
</trkpt>
<trkpt lat="45.92817388" lon="6.73356347">
<ele>679.5201</ele>
<time>2026-05-08T06:35:20Z</time>
</trkpt>
<trkpt lat="45.92833986" lon="6.73351526">
<ele>680.88873</ele>
<time>2026-05-08T06:35:21Z</time>
</trkpt>
<trkpt lat="45.92853682" lon="6.73344256">
<ele>682.2311</ele>
<time>2026-05-08T06:35:22Z</time>
</trkpt>
<trkpt lat="45.92870388" lon="6.73335474">
<ele>683.5575</ele>
<time>2026-05-08T06:35:23Z</time>
</trkpt>
<trkpt lat="45.92888166" lon="6.73326011">
<ele>684.91565</ele>
<time>2026-05-08T06:35:24Z</time>
</trkpt>
<trkpt lat="45.929053" lon="6.73315851">
<ele>686.3901</ele>
<time>2026-05-08T06:35:25Z</time>
</trkpt>
<trkpt lat="45.92919489" lon="6.73303983">
<ele>687.67957</ele>
<time>2026-05-08T06:35:26Z</time>
</trkpt>
<trkpt lat="45.92936778" lon="6.73294874">
<ele>688.969</ele>
<time>2026-05-08T06:35:27Z</time>
</trkpt>
<trkpt lat="45.9295592" lon="6.7328661">
<ele>690.24786</ele>
<time>2026-05-08T06:35:28Z</time>
</trkpt>
<trkpt lat="45.92974015" lon="6.73279892">
<ele>691.53204</ele>
<time>2026-05-08T06:35:29Z</time>
</trkpt>
<trkpt lat="45.92987473" lon="6.73274491">
<ele>692.7898</ele>
<time>2026-05-08T06:35:30Z</time>
</trkpt>
<trkpt lat="45.93007085" lon="6.73270531">
<ele>694.04755</ele>
<time>2026-05-08T06:35:31Z</time>
</trkpt>
<trkpt lat="45.93024265" lon="6.73270478">
<ele>695.337</ele>
<time>2026-05-08T06:35:32Z</time>
</trkpt>
<trkpt lat="45.93037944" lon="6.73272309">
<ele>696.70575</ele>
<time>2026-05-08T06:35:33Z</time>
</trkpt>
<trkpt lat="45.93061817" lon="6.73276266">
<ele>698.1009</ele>
<time>2026-05-08T06:35:34Z</time>
</trkpt>
<trkpt lat="45.93079606" lon="6.73283111">
<ele>699.47485</ele>
<time>2026-05-08T06:35:35Z</time>
</trkpt>
<trkpt lat="45.93098912" lon="6.73291194">
<ele>700.74316</ele>
<time>2026-05-08T06:35:36Z</time>
</trkpt>
<trkpt lat="45.93115754" lon="6.73303619">
<ele>702.0009</ele>
<time>2026-05-08T06:35:37Z</time>
</trkpt>
<trkpt lat="45.93133632" lon="6.73316535">
<ele>703.2481</ele>
<time>2026-05-08T06:35:38Z</time>
</trkpt>
<trkpt lat="45.93150612" lon="6.73331709">
<ele>704.49524</ele>
<time>2026-05-08T06:35:39Z</time>
</trkpt>
<trkpt lat="45.9316553" lon="6.73349359">
<ele>705.74243</ele>
<time>2026-05-08T06:35:40Z</time>
</trkpt>
<trkpt lat="45.93180742" lon="6.73366461">
<ele>707.01074</ele>
<time>2026-05-08T06:35:41Z</time>
</trkpt>
<trkpt lat="45.93193162" lon="6.73388139">
<ele>708.27905</ele>
<time>2026-05-08T06:35:42Z</time>
</trkpt>
<trkpt lat="45.93204406" lon="6.73409017">
<ele>709.52625</ele>
<time>2026-05-08T06:35:43Z</time>
</trkpt>
<trkpt lat="45.93216012" lon="6.73432759">
<ele>710.79456</ele>
<time>2026-05-08T06:35:44Z</time>
</trkpt>
<trkpt lat="45.93226846" lon="6.73461638">
<ele>712.06287</ele>
<time>2026-05-08T06:35:45Z</time>
</trkpt>
<trkpt lat="45.9322959" lon="6.73481839">
<ele>713.33124</ele>
<time>2026-05-08T06:35:46Z</time>
</trkpt>
<trkpt lat="45.93235609" lon="6.73509361">
<ele>714.6048</ele>
<time>2026-05-08T06:35:47Z</time>
</trkpt>
<trkpt lat="45.93241113" lon="6.73536847">
<ele>715.86786</ele>
<time>2026-05-08T06:35:48Z</time>
</trkpt>
<trkpt lat="45.93244632" lon="6.73567042">
<ele>717.1149</ele>
<time>2026-05-08T06:35:49Z</time>
</trkpt>
<trkpt lat="45.93246475" lon="6.73593383">
<ele>718.3569</ele>
<time>2026-05-08T06:35:50Z</time>
</trkpt>
<trkpt lat="45.93247546" lon="6.73619148">
<ele>719.59875</ele>
<time>2026-05-08T06:35:51Z</time>
</trkpt>
<trkpt lat="45.9324641" lon="6.73644819">
<ele>720.8935</ele>
<time>2026-05-08T06:35:52Z</time>
</trkpt>
<trkpt lat="45.93240985" lon="6.7367044">
<ele>722.2833</ele>
<time>2026-05-08T06:35:53Z</time>
</trkpt>
<trkpt lat="45.93235858" lon="6.73695752">
<ele>723.56226</ele>
<time>2026-05-08T06:35:54Z</time>
</trkpt>
<trkpt lat="45.93229724" lon="6.73724127">
<ele>724.81995</ele>
<time>2026-05-08T06:35:55Z</time>
</trkpt>
<trkpt lat="45.93222084" lon="6.7374743">
<ele>726.06714</ele>
<time>2026-05-08T06:35:56Z</time>
</trkpt>
<trkpt lat="45.93212144" lon="6.73768633">
<ele>727.2932</ele>
<time>2026-05-08T06:35:57Z</time>
</trkpt>
<trkpt lat="45.93201576" lon="6.73790807">
<ele>728.5404</ele>
<time>2026-05-08T06:35:58Z</time>
</trkpt>
<trkpt lat="45.93188631" lon="6.73811582">
<ele>729.78754</ele>
<time>2026-05-08T06:35:59Z</time>
</trkpt>
<trkpt lat="45.93174793" lon="6.7383154">
<ele>731.05054</ele>
<time>2026-05-08T06:36:00Z</time>
</trkpt>
<trkpt lat="45.93159046" lon="6.73850988">
<ele>732.3136</ele>
<time>2026-05-08T06:36:01Z</time>
</trkpt>
<trkpt lat="45.93144446" lon="6.73870638">
<ele>733.5766</ele>
<time>2026-05-08T06:36:02Z</time>
</trkpt>
<trkpt lat="45.93128536" lon="6.73887577">
<ele>734.8238</ele>
<time>2026-05-08T06:36:03Z</time>
</trkpt>
<trkpt lat="45.93114039" lon="6.73903268">
<ele>736.071</ele>
<time>2026-05-08T06:36:04Z</time>
</trkpt>
<trkpt lat="45.931003" lon="6.73919808">
<ele>737.3234</ele>
<time>2026-05-08T06:36:05Z</time>
</trkpt>
<trkpt lat="45.93087672" lon="6.73940177">
<ele>738.59174</ele>
<time>2026-05-08T06:36:06Z</time>
</trkpt>
<trkpt lat="45.93075591" lon="6.73959601">
<ele>739.87067</ele>
<time>2026-05-08T06:36:07Z</time>
</trkpt>
<trkpt lat="45.9306341" lon="6.73985045">
<ele>741.1759</ele>
<time>2026-05-08T06:36:08Z</time>
</trkpt>
<trkpt lat="45.93053985" lon="6.7400857">
<ele>742.4919</ele>
<time>2026-05-08T06:36:09Z</time>
</trkpt>
<trkpt lat="45.93042963" lon="6.74029753">
<ele>743.82355</ele>
<time>2026-05-08T06:36:10Z</time>
</trkpt>
<trkpt lat="45.93036389" lon="6.74050946">
<ele>745.17645</ele>
<time>2026-05-08T06:36:11Z</time>
</trkpt>
<trkpt lat="45.93024763" lon="6.74073001">
<ele>746.5081</ele>
<time>2026-05-08T06:36:12Z</time>
</trkpt>
<trkpt lat="45.93012941" lon="6.74096154">
<ele>747.85046</ele>
<time>2026-05-08T06:36:13Z</time>
</trkpt>
<trkpt lat="45.93000868" lon="6.741187">
<ele>749.198</ele>
<time>2026-05-08T06:36:14Z</time>
</trkpt>
<trkpt lat="45.92993175" lon="6.74142098">
<ele>750.572</ele>
<time>2026-05-08T06:36:15Z</time>
</trkpt>
<trkpt lat="45.92981911" lon="6.74164932">
<ele>751.9355</ele>
<time>2026-05-08T06:36:16Z</time>
</trkpt>
<trkpt lat="45.92971736" lon="6.74189087">
<ele>753.3042</ele>
<time>2026-05-08T06:36:17Z</time>
</trkpt>
<trkpt lat="45.92962771" lon="6.74213644">
<ele>754.69934</ele>
<time>2026-05-08T06:36:18Z</time>
</trkpt>
<trkpt lat="45.92951102" lon="6.74237678">
<ele>756.0786</ele>
<time>2026-05-08T06:36:19Z</time>
</trkpt>
<trkpt lat="45.92939906" lon="6.7425986">
<ele>757.5055</ele>
<time>2026-05-08T06:36:20Z</time>
</trkpt>
<trkpt lat="45.92929145" lon="6.74285784">
<ele>758.92175</ele>
<time>2026-05-08T06:36:21Z</time>
</trkpt>
<trkpt lat="45.92917274" lon="6.74308478">
<ele>760.3539</ele>
<time>2026-05-08T06:36:22Z</time>
</trkpt>
<trkpt lat="45.92906797" lon="6.74333222">
<ele>761.79663</ele>
<time>2026-05-08T06:36:23Z</time>
</trkpt>
<trkpt lat="45.92894857" lon="6.74357778">
<ele>763.26044</ele>
<time>2026-05-08T06:36:24Z</time>
</trkpt>
<trkpt lat="45.92880074" lon="6.74384359">
<ele>764.72955</ele>
<time>2026-05-08T06:36:25Z</time>
</trkpt>
<trkpt lat="45.92871471" lon="6.7440783">
<ele>766.2357</ele>
<time>2026-05-08T06:36:26Z</time>
</trkpt>
<trkpt lat="45.92859787" lon="6.74431891">
<ele>767.73126</ele>
<time>2026-05-08T06:36:27Z</time>
</trkpt>
<trkpt lat="45.92849771" lon="6.74459537">
<ele>769.21625</ele>
<time>2026-05-08T06:36:28Z</time>
</trkpt>
<trkpt lat="45.92840955" lon="6.74489109">
<ele>770.72766</ele>
<time>2026-05-08T06:36:29Z</time>
</trkpt>
<trkpt lat="45.92835836" lon="6.74519856">
<ele>772.2444</ele>
<time>2026-05-08T06:36:30Z</time>
</trkpt>
<trkpt lat="45.92828571" lon="6.74544973">
<ele>773.7663</ele>
<time>2026-05-08T06:36:31Z</time>
</trkpt>
<trkpt lat="45.92825545" lon="6.74570438">
<ele>775.30414</ele>
<time>2026-05-08T06:36:32Z</time>
</trkpt>
<trkpt lat="45.92819155" lon="6.74598853">
<ele>776.8367</ele>
<time>2026-05-08T06:36:33Z</time>
</trkpt>
<trkpt lat="45.92811429" lon="6.74625726">
<ele>778.3481</ele>
<time>2026-05-08T06:36:34Z</time>
</trkpt>
<trkpt lat="45.9280353" lon="6.74653134">
<ele>779.8172</ele>
<time>2026-05-08T06:36:35Z</time>
</trkpt>
<trkpt lat="45.92796597" lon="6.74683334">
<ele>781.49243</ele>
<time>2026-05-08T06:36:36Z</time>
</trkpt>
<trkpt lat="45.92790882" lon="6.74710101">
<ele>782.9563</ele>
<time>2026-05-08T06:36:37Z</time>
</trkpt>
<trkpt lat="45.92784807" lon="6.74739536">
<ele>784.41486</ele>
<time>2026-05-08T06:36:38Z</time>
</trkpt>
<trkpt lat="45.92782477" lon="6.74763311">
<ele>785.8523</ele>
<time>2026-05-08T06:36:39Z</time>
</trkpt>
<trkpt lat="45.92781888" lon="6.74794292">
<ele>787.2738</ele>
<time>2026-05-08T06:36:40Z</time>
</trkpt>
<trkpt lat="45.92780123" lon="6.74824052">
<ele>788.6848</ele>
<time>2026-05-08T06:36:41Z</time>
</trkpt>
<trkpt lat="45.9278097" lon="6.74850903">
<ele>790.0747</ele>
<time>2026-05-08T06:36:42Z</time>
</trkpt>
<trkpt lat="45.92777506" lon="6.74879928">
<ele>791.4857</ele>
<time>2026-05-08T06:36:43Z</time>
</trkpt>
<trkpt lat="45.9276965" lon="6.74905882">
<ele>792.8439</ele>
<time>2026-05-08T06:36:44Z</time>
</trkpt>
<trkpt lat="45.92763193" lon="6.74930054">
<ele>794.12805</ele>
<time>2026-05-08T06:36:45Z</time>
</trkpt>
<trkpt lat="45.92754715" lon="6.74952983">
<ele>795.4227</ele>
<time>2026-05-08T06:36:46Z</time>
</trkpt>
<trkpt lat="45.92745581" lon="6.74969165">
<ele>796.7704</ele>
<time>2026-05-08T06:36:47Z</time>
</trkpt>
<trkpt lat="45.92731995" lon="6.74989634">
<ele>798.0704</ele>
<time>2026-05-08T06:36:48Z</time>
</trkpt>
<trkpt lat="45.92719924" lon="6.7500645">
<ele>799.3651</ele>
<time>2026-05-08T06:36:49Z</time>
</trkpt>
<trkpt lat="45.92706318" lon="6.75020595">
<ele>800.644</ele>
<time>2026-05-08T06:36:50Z</time>
</trkpt>
<trkpt lat="45.92693486" lon="6.75038513">
<ele>801.84894</ele>
<time>2026-05-08T06:36:51Z</time>
</trkpt>
<trkpt lat="45.92684825" lon="6.75053224">
<ele>803.0538</ele>
<time>2026-05-08T06:36:52Z</time>
</trkpt>
<trkpt lat="45.92675899" lon="6.75071113">
<ele>804.2323</ele>
<time>2026-05-08T06:36:53Z</time>
</trkpt>
<trkpt lat="45.92668325" lon="6.75090367">
<ele>805.36847</ele>
<time>2026-05-08T06:36:54Z</time>
</trkpt>
<trkpt lat="45.92661799" lon="6.7511108">
<ele>806.4783</ele>
<time>2026-05-08T06:36:55Z</time>
</trkpt>
<trkpt lat="45.92656088" lon="6.75132044">
<ele>807.5193</ele>
<time>2026-05-08T06:36:56Z</time>
</trkpt>
<trkpt lat="45.92652301" lon="6.75156651">
<ele>808.53925</ele>
<time>2026-05-08T06:36:57Z</time>
</trkpt>
<trkpt lat="45.92650408" lon="6.75182638">
<ele>809.4958</ele>
<time>2026-05-08T06:36:58Z</time>
</trkpt>
<trkpt lat="45.92647666" lon="6.7520814">
<ele>810.41534</ele>
<time>2026-05-08T06:36:59Z</time>
</trkpt>
<trkpt lat="45.92647783" lon="6.75235456">
<ele>811.27673</ele>
<time>2026-05-08T06:37:00Z</time>
</trkpt>
<trkpt lat="45.92646044" lon="6.75263219">
<ele>812.11694</ele>
<time>2026-05-08T06:37:01Z</time>
</trkpt>
<trkpt lat="45.92642436" lon="6.75290563">
<ele>812.9255</ele>
<time>2026-05-08T06:37:02Z</time>
</trkpt>
<trkpt lat="45.92641713" lon="6.75318928">
<ele>813.67065</ele>
<time>2026-05-08T06:37:03Z</time>
</trkpt>
<trkpt lat="45.92641431" lon="6.75346237">
<ele>814.3999</ele>
<time>2026-05-08T06:37:04Z</time>
</trkpt>
<trkpt lat="45.92640573" lon="6.75373488">
<ele>815.0658</ele>
<time>2026-05-08T06:37:05Z</time>
</trkpt>
<trkpt lat="45.92644345" lon="6.7540375">
<ele>815.66296</ele>
<time>2026-05-08T06:37:06Z</time>
</trkpt>
<trkpt lat="45.92647044" lon="6.75431581">
<ele>816.3076</ele>
<time>2026-05-08T06:37:07Z</time>
</trkpt>
<trkpt lat="45.92650517" lon="6.75458897">
<ele>816.5455</ele>
<time>2026-05-08T06:37:08Z</time>
</trkpt>
<trkpt lat="45.92640517" lon="6.76085539">
<ele>824.0285</ele>
<time>2026-05-08T06:37:27Z</time>
</trkpt>
<trkpt lat="45.92622031" lon="6.76112828">
<ele>824.1659</ele>
<time>2026-05-08T06:37:28Z</time>
</trkpt>
<trkpt lat="45.92605991" lon="6.76132062">
<ele>824.2716</ele>
<time>2026-05-08T06:37:29Z</time>
</trkpt>
<trkpt lat="45.92590036" lon="6.76152972">
<ele>824.3667</ele>
<time>2026-05-08T06:37:30Z</time>
</trkpt>
<trkpt lat="45.92571104" lon="6.76168582">
<ele>824.4724</ele>
<time>2026-05-08T06:37:31Z</time>
</trkpt>
<trkpt lat="45.9255598" lon="6.76187149">
<ele>824.54114</ele>
<time>2026-05-08T06:37:32Z</time>
</trkpt>
<trkpt lat="45.9253717" lon="6.7620204">
<ele>824.60455</ele>
<time>2026-05-08T06:37:33Z</time>
</trkpt>
<trkpt lat="45.9251359" lon="6.76214226">
<ele>824.6362</ele>
<time>2026-05-08T06:37:34Z</time>
</trkpt>
<trkpt lat="45.92495391" lon="6.76221772">
<ele>824.6891</ele>
<time>2026-05-08T06:37:35Z</time>
</trkpt>
<trkpt lat="45.92473413" lon="6.76230299">
<ele>824.77893</ele>
<time>2026-05-08T06:37:36Z</time>
</trkpt>
<trkpt lat="45.92451755" lon="6.76238027">
<ele>824.9163</ele>
<time>2026-05-08T06:37:37Z</time>
</trkpt>
<trkpt lat="45.92432134" lon="6.76244324">
<ele>825.09076</ele>
<time>2026-05-08T06:37:38Z</time>
</trkpt>
<trkpt lat="45.92410919" lon="6.76250156">
<ele>825.3867</ele>
<time>2026-05-08T06:37:39Z</time>
</trkpt>
<trkpt lat="45.92392159" lon="6.76256122">
<ele>825.7831</ele>
<time>2026-05-08T06:37:40Z</time>
</trkpt>
<trkpt lat="45.92369608" lon="6.7625966">
<ele>826.25336</ele>
<time>2026-05-08T06:37:41Z</time>
</trkpt>
<trkpt lat="45.92351112" lon="6.76265112">
<ele>826.8452</ele>
<time>2026-05-08T06:37:42Z</time>
</trkpt>
<trkpt lat="45.92330921" lon="6.76270439">
<ele>827.5322</ele>
<time>2026-05-08T06:37:43Z</time>
</trkpt>
<trkpt lat="45.92310695" lon="6.76273745">
<ele>828.309</ele>
<time>2026-05-08T06:37:44Z</time>
</trkpt>
<trkpt lat="45.92290715" lon="6.76276337">
<ele>829.1282</ele>
<time>2026-05-08T06:37:45Z</time>
</trkpt>
<trkpt lat="45.9227265" lon="6.76277344">
<ele>830.01074</ele>
<time>2026-05-08T06:37:46Z</time>
</trkpt>
<trkpt lat="45.92252446" lon="6.76279515">
<ele>830.9461</ele>
<time>2026-05-08T06:37:47Z</time>
</trkpt>
<trkpt lat="45.92230283" lon="6.76282219">
<ele>831.8868</ele>
<time>2026-05-08T06:37:48Z</time>
</trkpt>
<trkpt lat="45.92209019" lon="6.76283356">
<ele>832.83276</ele>
<time>2026-05-08T06:37:49Z</time>
</trkpt>
<trkpt lat="45.92186045" lon="6.76285308">
<ele>833.74695</ele>
<time>2026-05-08T06:37:50Z</time>
</trkpt>
<trkpt lat="45.92163555" lon="6.76286876">
<ele>834.63477</ele>
<time>2026-05-08T06:37:51Z</time>
</trkpt>
<trkpt lat="45.92141597" lon="6.76289068">
<ele>835.4856</ele>
<time>2026-05-08T06:37:52Z</time>
</trkpt>
<trkpt lat="45.92118218" lon="6.76289531">
<ele>836.2941</ele>
<time>2026-05-08T06:37:53Z</time>
</trkpt>
<trkpt lat="45.9210051" lon="6.76292272">
<ele>837.0605</ele>
<time>2026-05-08T06:37:54Z</time>
</trkpt>
<trkpt lat="45.9208113" lon="6.76292798">
<ele>837.90076</ele>
<time>2026-05-08T06:37:55Z</time>
</trkpt>
<trkpt lat="45.92061396" lon="6.76294594">
<ele>838.73566</ele>
<time>2026-05-08T06:37:56Z</time>
</trkpt>
<trkpt lat="45.92038912" lon="6.76299141">
<ele>839.5812</ele>
<time>2026-05-08T06:37:57Z</time>
</trkpt>
<trkpt lat="45.92020307" lon="6.76300816">
<ele>840.4109</ele>
<time>2026-05-08T06:37:58Z</time>
</trkpt>
<trkpt lat="45.91999873" lon="6.76301751">
<ele>841.2406</ele>
<time>2026-05-08T06:37:59Z</time>
</trkpt>
<trkpt lat="45.91978467" lon="6.76303955">
<ele>842.04913</ele>
<time>2026-05-08T06:38:00Z</time>
</trkpt>
<trkpt lat="45.91958697" lon="6.76306113">
<ele>842.84717</ele>
<time>2026-05-08T06:38:01Z</time>
</trkpt>
<trkpt lat="45.91937816" lon="6.76307048">
<ele>843.59753</ele>
<time>2026-05-08T06:38:02Z</time>
</trkpt>
<trkpt lat="45.91915547" lon="6.76311844">
<ele>844.3004</ele>
<time>2026-05-08T06:38:03Z</time>
</trkpt>
<trkpt lat="45.91896196" lon="6.76316938">
<ele>844.9821</ele>
<time>2026-05-08T06:38:04Z</time>
</trkpt>
<trkpt lat="45.91874289" lon="6.7632159">
<ele>845.6639</ele>
<time>2026-05-08T06:38:05Z</time>
</trkpt>
<trkpt lat="45.91853776" lon="6.76331002">
<ele>846.31384</ele>
<time>2026-05-08T06:38:06Z</time>
</trkpt>
<trkpt lat="45.91835337" lon="6.76339578">
<ele>846.9744</ele>
<time>2026-05-08T06:38:07Z</time>
</trkpt>
<trkpt lat="45.91816709" lon="6.76348508">
<ele>847.57684</ele>
<time>2026-05-08T06:38:08Z</time>
</trkpt>
<trkpt lat="45.91795715" lon="6.76358469">
<ele>848.1476</ele>
<time>2026-05-08T06:38:09Z</time>
</trkpt>
<trkpt lat="45.91776283" lon="6.76367943">
<ele>848.68665</ele>
<time>2026-05-08T06:38:10Z</time>
</trkpt>
<trkpt lat="45.91755541" lon="6.76375721">
<ele>849.2415</ele>
<time>2026-05-08T06:38:11Z</time>
</trkpt>
<trkpt lat="45.91735055" lon="6.76382956">
<ele>849.79645</ele>
<time>2026-05-08T06:38:12Z</time>
</trkpt>
<trkpt lat="45.91716762" lon="6.76390439">
<ele>850.3883</ele>
<time>2026-05-08T06:38:13Z</time>
</trkpt>
<trkpt lat="45.9169501" lon="6.76392569">
<ele>850.9696</ele>
<time>2026-05-08T06:38:14Z</time>
</trkpt>
<trkpt lat="45.91675615" lon="6.76399652">
<ele>851.5192</ele>
<time>2026-05-08T06:38:15Z</time>
</trkpt>
<trkpt lat="45.91656013" lon="6.76408499">
<ele>852.0952</ele>
<time>2026-05-08T06:38:16Z</time>
</trkpt>
<trkpt lat="45.91635937" lon="6.76416619">
<ele>852.6818</ele>
<time>2026-05-08T06:38:17Z</time>
</trkpt>
<trkpt lat="45.91617081" lon="6.76428544">
<ele>853.27905</ele>
<time>2026-05-08T06:38:18Z</time>
</trkpt>
<trkpt lat="45.91598877" lon="6.76442397">
<ele>853.91315</ele>
<time>2026-05-08T06:38:19Z</time>
</trkpt>
<trkpt lat="45.91582943" lon="6.76459255">
<ele>854.5843</ele>
<time>2026-05-08T06:38:20Z</time>
</trkpt>
<trkpt lat="45.915661" lon="6.76478396">
<ele>855.26074</ele>
<time>2026-05-08T06:38:21Z</time>
</trkpt>
<trkpt lat="45.91551715" lon="6.76500057">
<ele>855.95306</ele>
<time>2026-05-08T06:38:22Z</time>
</trkpt>
<trkpt lat="45.91538579" lon="6.76521948">
<ele>856.6612</ele>
<time>2026-05-08T06:38:23Z</time>
</trkpt>
<trkpt lat="45.91526084" lon="6.76545382">
<ele>857.35876</ele>
<time>2026-05-08T06:38:24Z</time>
</trkpt>
<trkpt lat="45.91515383" lon="6.76570578">
<ele>858.05634</ele>
<time>2026-05-08T06:38:25Z</time>
</trkpt>
<trkpt lat="45.91507649" lon="6.76597311">
<ele>858.7433</ele>
<time>2026-05-08T06:38:26Z</time>
</trkpt>
<trkpt lat="45.91500552" lon="6.76623996">
<ele>859.41974</ele>
<time>2026-05-08T06:38:27Z</time>
</trkpt>
<trkpt lat="45.91493342" lon="6.76651646">
<ele>860.0751</ele>
<time>2026-05-08T06:38:28Z</time>
</trkpt>
<trkpt lat="45.9148949" lon="6.76678325">
<ele>860.73035</ele>
<time>2026-05-08T06:38:29Z</time>
</trkpt>
<trkpt lat="45.91487397" lon="6.7670567">
<ele>861.3962</ele>
<time>2026-05-08T06:38:30Z</time>
</trkpt>
<trkpt lat="45.91486484" lon="6.76733609">
<ele>862.0673</ele>
<time>2026-05-08T06:38:31Z</time>
</trkpt>
<trkpt lat="45.91483661" lon="6.76759508">
<ele>862.7702</ele>
<time>2026-05-08T06:38:32Z</time>
</trkpt>
<trkpt lat="45.91479456" lon="6.76786338">
<ele>863.4889</ele>
<time>2026-05-08T06:38:33Z</time>
</trkpt>
<trkpt lat="45.91476822" lon="6.76814761">
<ele>864.2129</ele>
<time>2026-05-08T06:38:34Z</time>
</trkpt>
<trkpt lat="45.91475746" lon="6.76841377">
<ele>864.9845</ele>
<time>2026-05-08T06:38:35Z</time>
</trkpt>
<trkpt lat="45.91473994" lon="6.7687005">
<ele>865.77185</ele>
<time>2026-05-08T06:38:36Z</time>
</trkpt>
<trkpt lat="45.91471746" lon="6.76899807">
<ele>866.5699</ele>
<time>2026-05-08T06:38:37Z</time>
</trkpt>
<trkpt lat="45.91467218" lon="6.76926256">
<ele>867.39954</ele>
<time>2026-05-08T06:38:38Z</time>
</trkpt>
<trkpt lat="45.91459749" lon="6.76951579">
<ele>868.2451</ele>
<time>2026-05-08T06:38:39Z</time>
</trkpt>
<trkpt lat="45.91453921" lon="6.76978599">
<ele>869.13293</ele>
<time>2026-05-08T06:38:40Z</time>
</trkpt>
<trkpt lat="45.91445271" lon="6.77008615">
<ele>870.06305</ele>
<time>2026-05-08T06:38:41Z</time>
</trkpt>
<trkpt lat="45.91436785" lon="6.77037208">
<ele>871.0196</ele>
<time>2026-05-08T06:38:42Z</time>
</trkpt>
<trkpt lat="45.91426522" lon="6.77062607">
<ele>872.0078</ele>
<time>2026-05-08T06:38:43Z</time>
</trkpt>
<trkpt lat="45.91413976" lon="6.77088973">
<ele>873.01715</ele>
<time>2026-05-08T06:38:44Z</time>
</trkpt>
<trkpt lat="45.91402066" lon="6.77112795">
<ele>874.111</ele>
<time>2026-05-08T06:38:45Z</time>
</trkpt>
<trkpt lat="45.91389748" lon="6.77133982">
<ele>875.2261</ele>
<time>2026-05-08T06:38:46Z</time>
</trkpt>
<trkpt lat="45.91375934" lon="6.77156328">
<ele>876.3359</ele>
<time>2026-05-08T06:38:47Z</time>
</trkpt>
<trkpt lat="45.91360519" lon="6.77177527">
<ele>877.4668</ele>
<time>2026-05-08T06:38:48Z</time>
</trkpt>
<trkpt lat="45.91344951" lon="6.7719568">
<ele>878.59766</ele>
<time>2026-05-08T06:38:49Z</time>
</trkpt>
<trkpt lat="45.91329116" lon="6.77213595">
<ele>879.7286</ele>
<time>2026-05-08T06:38:50Z</time>
</trkpt>
<trkpt lat="45.91311348" lon="6.77231912">
<ele>880.87537</ele>
<time>2026-05-08T06:38:51Z</time>
</trkpt>
<trkpt lat="45.91294245" lon="6.77247202">
<ele>882.038</ele>
<time>2026-05-08T06:38:52Z</time>
</trkpt>
<trkpt lat="45.91277804" lon="6.77263686">
<ele>883.1954</ele>
<time>2026-05-08T06:38:53Z</time>
</trkpt>
<trkpt lat="45.91261423" lon="6.77280206">
<ele>884.3632</ele>
<time>2026-05-08T06:38:54Z</time>
</trkpt>
<trkpt lat="45.91246203" lon="6.77294442">
<ele>885.52057</ele>
<time>2026-05-08T06:38:55Z</time>
</trkpt>
<trkpt lat="45.91229429" lon="6.77310329">
<ele>886.67267</ele>
<time>2026-05-08T06:38:56Z</time>
</trkpt>
<trkpt lat="45.91213618" lon="6.77326031">
<ele>887.8036</ele>
<time>2026-05-08T06:38:57Z</time>
</trkpt>
<trkpt lat="45.91197487" lon="6.77342051">
<ele>888.97675</ele>
<time>2026-05-08T06:38:58Z</time>
</trkpt>
<trkpt lat="45.91179896" lon="6.7735688">
<ele>890.1552</ele>
<time>2026-05-08T06:38:59Z</time>
</trkpt>
<trkpt lat="45.91164367" lon="6.77371045">
<ele>891.34955</ele>
<time>2026-05-08T06:39:00Z</time>
</trkpt>
<trkpt lat="45.91147363" lon="6.77383442">
<ele>892.51215</ele>
<time>2026-05-08T06:39:01Z</time>
</trkpt>
<trkpt lat="45.91132542" lon="6.7739295">
<ele>893.68005</ele>
<time>2026-05-08T06:39:02Z</time>
</trkpt>
<trkpt lat="45.91114376" lon="6.77400387">
<ele>894.86914</ele>
<time>2026-05-08T06:39:03Z</time>
</trkpt>
<trkpt lat="45.91092432" lon="6.77406204">
<ele>896.0264</ele>
<time>2026-05-08T06:39:04Z</time>
</trkpt>
<trkpt lat="45.91075342" lon="6.77407315">
<ele>897.2102</ele>
<time>2026-05-08T06:39:05Z</time>
</trkpt>
<trkpt lat="45.91056426" lon="6.77404946">
<ele>898.3887</ele>
<time>2026-05-08T06:39:06Z</time>
</trkpt>
<trkpt lat="45.91035905" lon="6.77401868">
<ele>899.546</ele>
<time>2026-05-08T06:39:07Z</time>
</trkpt>
<trkpt lat="45.91019193" lon="6.77397028">
<ele>900.7192</ele>
<time>2026-05-08T06:39:08Z</time>
</trkpt>
<trkpt lat="45.90996442" lon="6.77391464">
<ele>901.903</ele>
<time>2026-05-08T06:39:09Z</time>
</trkpt>
<trkpt lat="45.90976991" lon="6.77385336">
<ele>903.092</ele>
<time>2026-05-08T06:39:10Z</time>
</trkpt>
<trkpt lat="45.90958739" lon="6.77378608">
<ele>904.2916</ele>
<time>2026-05-08T06:39:11Z</time>
</trkpt>
<trkpt lat="45.90940767" lon="6.7737149">
<ele>905.4912</ele>
<time>2026-05-08T06:39:12Z</time>
</trkpt>
<trkpt lat="45.90921415" lon="6.77364048">
<ele>906.7067</ele>
<time>2026-05-08T06:39:13Z</time>
</trkpt>
<trkpt lat="45.9090104" lon="6.77357345">
<ele>907.9221</ele>
<time>2026-05-08T06:39:14Z</time>
</trkpt>
<trkpt lat="45.90883612" lon="6.77352195">
<ele>909.15875</ele>
<time>2026-05-08T06:39:15Z</time>
</trkpt>
<trkpt lat="45.90864549" lon="6.77350515">
<ele>910.3901</ele>
<time>2026-05-08T06:39:16Z</time>
</trkpt>
<trkpt lat="45.90844965" lon="6.77349861">
<ele>911.6478</ele>
<time>2026-05-08T06:39:17Z</time>
</trkpt>
<trkpt lat="45.908256" lon="6.77352038">
<ele>912.91614</ele>
<time>2026-05-08T06:39:18Z</time>
</trkpt>
<trkpt lat="45.90806979" lon="6.77357498">
<ele>914.18976</ele>
<time>2026-05-08T06:39:19Z</time>
</trkpt>
<trkpt lat="45.9078824" lon="6.77365527">
<ele>915.4686</ele>
<time>2026-05-08T06:39:20Z</time>
</trkpt>
<trkpt lat="45.90767149" lon="6.7737587">
<ele>916.74225</ele>
<time>2026-05-08T06:39:21Z</time>
</trkpt>
<trkpt lat="45.90749957" lon="6.77386047">
<ele>918.00525</ele>
<time>2026-05-08T06:39:22Z</time>
</trkpt>
<trkpt lat="45.90733978" lon="6.77400215">
<ele>919.2683</ele>
<time>2026-05-08T06:39:23Z</time>
</trkpt>
<trkpt lat="45.90719572" lon="6.77415612">
<ele>920.5472</ele>
<time>2026-05-08T06:39:24Z</time>
</trkpt>
<trkpt lat="45.90704699" lon="6.77433765">
<ele>921.8102</ele>
<time>2026-05-08T06:39:25Z</time>
</trkpt>
<trkpt lat="45.90689141" lon="6.77451787">
<ele>923.06793</ele>
<time>2026-05-08T06:39:26Z</time>
</trkpt>
<trkpt lat="45.90674781" lon="6.77470336">
<ele>924.2728</ele>
<time>2026-05-08T06:39:27Z</time>
</trkpt>
<trkpt lat="45.90659942" lon="6.77489086">
<ele>925.49884</ele>
<time>2026-05-08T06:39:28Z</time>
</trkpt>
<trkpt lat="45.90645586" lon="6.77508318">
<ele>926.71436</ele>
<time>2026-05-08T06:39:29Z</time>
</trkpt>
<trkpt lat="45.90631088" lon="6.77527794">
<ele>927.93506</ele>
<time>2026-05-08T06:39:30Z</time>
</trkpt>
<trkpt lat="45.90615981" lon="6.77544548">
<ele>929.16113</ele>
<time>2026-05-08T06:39:31Z</time>
</trkpt>
<trkpt lat="45.90599162" lon="6.77560685">
<ele>930.4083</ele>
<time>2026-05-08T06:39:32Z</time>
</trkpt>
<trkpt lat="45.9058349" lon="6.77575808">
<ele>931.6713</ele>
<time>2026-05-08T06:39:33Z</time>
</trkpt>
<trkpt lat="45.90567156" lon="6.77589305">
<ele>932.9502</ele>
<time>2026-05-08T06:39:34Z</time>
</trkpt>
<trkpt lat="45.90550354" lon="6.7760106">
<ele>934.2555</ele>
<time>2026-05-08T06:39:35Z</time>
</trkpt>
<trkpt lat="45.90532294" lon="6.77613387">
<ele>935.53436</ele>
<time>2026-05-08T06:39:36Z</time>
</trkpt>
<trkpt lat="45.90513254" lon="6.7762657">
<ele>936.78156</ele>
<time>2026-05-08T06:39:37Z</time>
</trkpt>
<trkpt lat="45.90496258" lon="6.77639554">
<ele>938.0023</ele>
<time>2026-05-08T06:39:38Z</time>
</trkpt>
<trkpt lat="45.90479495" lon="6.77653297">
<ele>939.21246</ele>
<time>2026-05-08T06:39:39Z</time>
</trkpt>
<trkpt lat="45.90463783" lon="6.77666193">
<ele>940.3646</ele>
<time>2026-05-08T06:39:40Z</time>
</trkpt>
<trkpt lat="45.90446571" lon="6.77680689">
<ele>941.4479</ele>
<time>2026-05-08T06:39:41Z</time>
</trkpt>
<trkpt lat="45.90427483" lon="6.77694618">
<ele>942.47314</ele>
<time>2026-05-08T06:39:42Z</time>
</trkpt>
<trkpt lat="45.90410666" lon="6.77707081">
<ele>943.4244</ele>
<time>2026-05-08T06:39:43Z</time>
</trkpt>
<trkpt lat="45.90393576" lon="6.77719593">
<ele>944.3175</ele>
<time>2026-05-08T06:39:44Z</time>
</trkpt>
<trkpt lat="45.90376674" lon="6.77731963">
<ele>945.13654</ele>
<time>2026-05-08T06:39:45Z</time>
</trkpt>
<trkpt lat="45.90359973" lon="6.77745027">
<ele>945.87646</ele>
<time>2026-05-08T06:39:46Z</time>
</trkpt>
<trkpt lat="45.90344308" lon="6.77757565">
<ele>946.5582</ele>
<time>2026-05-08T06:39:47Z</time>
</trkpt>
<trkpt lat="45.90327261" lon="6.7777314">
<ele>947.1712</ele>
<time>2026-05-08T06:39:48Z</time>
</trkpt>
<trkpt lat="45.90312022" lon="6.77790246">
<ele>947.73663</ele>
<time>2026-05-08T06:39:49Z</time>
</trkpt>
<trkpt lat="45.90296608" lon="6.77807837">
<ele>948.23334</ele>
<time>2026-05-08T06:39:50Z</time>
</trkpt>
<trkpt lat="45.90281448" lon="6.77825764">
<ele>948.6932</ele>
<time>2026-05-08T06:39:51Z</time>
</trkpt>
<trkpt lat="45.90266581" lon="6.77844225">
<ele>949.11597</ele>
<time>2026-05-08T06:39:52Z</time>
</trkpt>
<trkpt lat="45.90252297" lon="6.77863064">
<ele>949.52814</ele>
<time>2026-05-08T06:39:53Z</time>
</trkpt>
<trkpt lat="45.90237153" lon="6.77882142">
<ele>949.92975</ele>
<time>2026-05-08T06:39:54Z</time>
</trkpt>
<trkpt lat="45.90222615" lon="6.77900577">
<ele>950.31024</ele>
<time>2026-05-08T06:39:55Z</time>
</trkpt>
<trkpt lat="45.90206928" lon="6.77919238">
<ele>950.7119</ele>
<time>2026-05-08T06:39:56Z</time>
</trkpt>
<trkpt lat="45.90191483" lon="6.77937076">
<ele>951.13464</ele>
<time>2026-05-08T06:39:57Z</time>
</trkpt>
<trkpt lat="45.90175994" lon="6.77954799">
<ele>951.642</ele>
<time>2026-05-08T06:39:58Z</time>
</trkpt>
<trkpt lat="45.89370293" lon="6.7874356">
<ele>969.9903</ele>
<time>2026-05-08T06:40:41Z</time>
</trkpt>
<trkpt lat="45.89352359" lon="6.78769151">
<ele>970.27563</ele>
<time>2026-05-08T06:40:42Z</time>
</trkpt>
<trkpt lat="45.8933814" lon="6.78792971">
<ele>970.5504</ele>
<time>2026-05-08T06:40:43Z</time>
</trkpt>
<trkpt lat="45.89322385" lon="6.78819292">
<ele>970.7882</ele>
<time>2026-05-08T06:40:44Z</time>
</trkpt>
<trkpt lat="45.89306193" lon="6.78842483">
<ele>971.0419</ele>
<time>2026-05-08T06:40:45Z</time>
</trkpt>
<trkpt lat="45.89292858" lon="6.78866805">
<ele>971.359</ele>
<time>2026-05-08T06:40:46Z</time>
</trkpt>
<trkpt lat="45.8928062" lon="6.78890966">
<ele>971.6972</ele>
<time>2026-05-08T06:40:47Z</time>
</trkpt>
<trkpt lat="45.89267109" lon="6.78916727">
<ele>972.06714</ele>
<time>2026-05-08T06:40:48Z</time>
</trkpt>
<trkpt lat="45.8925456" lon="6.78940662">
<ele>972.4476</ele>
<time>2026-05-08T06:40:49Z</time>
</trkpt>
<trkpt lat="45.89240672" lon="6.78962508">
<ele>972.8757</ele>
<time>2026-05-08T06:40:50Z</time>
</trkpt>
<trkpt lat="45.89226619" lon="6.78987374">
<ele>973.3248</ele>
<time>2026-05-08T06:40:51Z</time>
</trkpt>
<trkpt lat="45.89214265" lon="6.79010112">
<ele>973.8005</ele>
<time>2026-05-08T06:40:52Z</time>
</trkpt>
<trkpt lat="45.89202017" lon="6.79034821">
<ele>974.2972</ele>
<time>2026-05-08T06:40:53Z</time>
</trkpt>
<trkpt lat="45.8919065" lon="6.79060521">
<ele>974.82043</ele>
<time>2026-05-08T06:40:54Z</time>
</trkpt>
<trkpt lat="45.89179387" lon="6.79087667">
<ele>975.36475</ele>
<time>2026-05-08T06:40:55Z</time>
</trkpt>
<trkpt lat="45.89168304" lon="6.79115745">
<ele>975.91437</ele>
<time>2026-05-08T06:40:56Z</time>
</trkpt>
<trkpt lat="45.89158928" lon="6.79142571">
<ele>976.4587</ele>
<time>2026-05-08T06:40:57Z</time>
</trkpt>
<trkpt lat="45.89150709" lon="6.7916915">
<ele>976.9765</ele>
<time>2026-05-08T06:40:58Z</time>
</trkpt>
<trkpt lat="45.89144949" lon="6.79197769">
<ele>977.49445</ele>
<time>2026-05-08T06:40:59Z</time>
</trkpt>
<trkpt lat="45.89138935" lon="6.7922604">
<ele>978.02295</ele>
<time>2026-05-08T06:41:00Z</time>
</trkpt>
<trkpt lat="45.89134406" lon="6.79250999">
<ele>978.5778</ele>
<time>2026-05-08T06:41:01Z</time>
</trkpt>
<trkpt lat="45.8913066" lon="6.79277199">
<ele>979.1062</ele>
<time>2026-05-08T06:41:02Z</time>
</trkpt>
<trkpt lat="45.89128478" lon="6.79304295">
<ele>979.64</ele>
<time>2026-05-08T06:41:03Z</time>
</trkpt>
<trkpt lat="45.89126064" lon="6.79330475">
<ele>980.1896</ele>
<time>2026-05-08T06:41:04Z</time>
</trkpt>
<trkpt lat="45.89125869" lon="6.7935549">
<ele>980.75507</ele>
<time>2026-05-08T06:41:05Z</time>
</trkpt>
<trkpt lat="45.89125691" lon="6.79383787">
<ele>981.31525</ele>
<time>2026-05-08T06:41:06Z</time>
</trkpt>
<trkpt lat="45.89126844" lon="6.79411178">
<ele>981.85425</ele>
<time>2026-05-08T06:41:07Z</time>
</trkpt>
<trkpt lat="45.89128451" lon="6.79437426">
<ele>982.38275</ele>
<time>2026-05-08T06:41:08Z</time>
</trkpt>
<trkpt lat="45.89132519" lon="6.79462682">
<ele>982.92706</ele>
<time>2026-05-08T06:41:09Z</time>
</trkpt>
<trkpt lat="45.89136384" lon="6.79488096">
<ele>983.4291</ele>
<time>2026-05-08T06:41:10Z</time>
</trkpt>
<trkpt lat="45.89141763" lon="6.79513883">
<ele>983.9206</ele>
<time>2026-05-08T06:41:11Z</time>
</trkpt>
<trkpt lat="45.89147174" lon="6.7953848">
<ele>984.41205</ele>
<time>2026-05-08T06:41:12Z</time>
</trkpt>
<trkpt lat="45.89154562" lon="6.7956298">
<ele>984.9088</ele>
<time>2026-05-08T06:41:13Z</time>
</trkpt>
<trkpt lat="45.89162131" lon="6.79587136">
<ele>985.40027</ele>
<time>2026-05-08T06:41:14Z</time>
</trkpt>
<trkpt lat="45.89170508" lon="6.79610707">
<ele>985.8759</ele>
<time>2026-05-08T06:41:15Z</time>
</trkpt>
<trkpt lat="45.89179999" lon="6.79634969">
<ele>986.34625</ele>
<time>2026-05-08T06:41:16Z</time>
</trkpt>
<trkpt lat="45.89189832" lon="6.79657704">
<ele>986.82184</ele>
<time>2026-05-08T06:41:17Z</time>
</trkpt>
<trkpt lat="45.89199789" lon="6.79680828">
<ele>987.3133</ele>
<time>2026-05-08T06:41:18Z</time>
</trkpt>
<trkpt lat="45.89210397" lon="6.79703816">
<ele>987.7995</ele>
<time>2026-05-08T06:41:19Z</time>
</trkpt>
<trkpt lat="45.89220391" lon="6.79726283">
<ele>988.3016</ele>
<time>2026-05-08T06:41:20Z</time>
</trkpt>
<trkpt lat="45.89231203" lon="6.79749507">
<ele>988.8035</ele>
<time>2026-05-08T06:41:21Z</time>
</trkpt>
<trkpt lat="45.89243128" lon="6.79772706">
<ele>989.33734</ele>
<time>2026-05-08T06:41:22Z</time>
</trkpt>
<trkpt lat="45.89254214" lon="6.79794633">
<ele>989.84467</ele>
<time>2026-05-08T06:41:23Z</time>
</trkpt>
<trkpt lat="45.89265123" lon="6.79817381">
<ele>990.389</ele>
<time>2026-05-08T06:41:24Z</time>
</trkpt>
<trkpt lat="45.89277002" lon="6.79840543">
<ele>990.93854</ele>
<time>2026-05-08T06:41:25Z</time>
</trkpt>
<trkpt lat="45.89287758" lon="6.79864073">
<ele>991.50934</ele>
<time>2026-05-08T06:41:26Z</time>
</trkpt>
<trkpt lat="45.89297504" lon="6.79886228">
<ele>992.1065</ele>
<time>2026-05-08T06:41:27Z</time>
</trkpt>
<trkpt lat="45.89309179" lon="6.79908558">
<ele>992.73004</ele>
<time>2026-05-08T06:41:28Z</time>
</trkpt>
<trkpt lat="45.89322997" lon="6.79929881">
<ele>993.4065</ele>
<time>2026-05-08T06:41:29Z</time>
</trkpt>
<trkpt lat="45.89337987" lon="6.79950696">
<ele>994.0935</ele>
<time>2026-05-08T06:41:30Z</time>
</trkpt>
<trkpt lat="45.89350941" lon="6.79968611">
<ele>994.80164</ele>
<time>2026-05-08T06:41:31Z</time>
</trkpt>
<trkpt lat="45.89364627" lon="6.79987178">
<ele>995.5151</ele>
<time>2026-05-08T06:41:32Z</time>
</trkpt>
<trkpt lat="45.89379651" lon="6.80006062">
<ele>996.2391</ele>
<time>2026-05-08T06:41:33Z</time>
</trkpt>
<trkpt lat="45.89394192" lon="6.80022638">
<ele>996.93134</ele>
<time>2026-05-08T06:41:34Z</time>
</trkpt>
<trkpt lat="45.8941036" lon="6.80038809">
<ele>997.65</ele>
<time>2026-05-08T06:41:35Z</time>
</trkpt>
<trkpt lat="45.89425509" lon="6.80053818">
<ele>998.3212</ele>
<time>2026-05-08T06:41:36Z</time>
</trkpt>
<trkpt lat="45.89440128" lon="6.80069979">
<ele>998.97644</ele>
<time>2026-05-08T06:41:37Z</time>
</trkpt>
<trkpt lat="45.89456892" lon="6.80081613">
<ele>999.579</ele>
<time>2026-05-08T06:41:38Z</time>
</trkpt>
<trkpt lat="45.89472996" lon="6.80095223">
<ele>1000.13916</ele>
<time>2026-05-08T06:41:39Z</time>
</trkpt>
<trkpt lat="45.89485383" lon="6.80106441">
<ele>1000.657</ele>
<time>2026-05-08T06:41:40Z</time>
</trkpt>
<trkpt lat="45.89497894" lon="6.80117209">
<ele>1001.1168</ele>
<time>2026-05-08T06:41:41Z</time>
</trkpt>
<trkpt lat="45.89511058" lon="6.80130411">
<ele>1001.66644</ele>
<time>2026-05-08T06:41:42Z</time>
</trkpt>
<trkpt lat="45.89522208" lon="6.8014233">
<ele>1002.12085</ele>
<time>2026-05-08T06:41:43Z</time>
</trkpt>
<trkpt lat="45.89533262" lon="6.80156601">
<ele>1002.56476</ele>
<time>2026-05-08T06:41:44Z</time>
</trkpt>
<trkpt lat="45.89543677" lon="6.80172275">
<ele>1002.99286</ele>
<time>2026-05-08T06:41:45Z</time>
</trkpt>
<trkpt lat="45.89554233" lon="6.80188601">
<ele>1003.3945</ele>
<time>2026-05-08T06:41:46Z</time>
</trkpt>
<trkpt lat="45.89564228" lon="6.80207837">
<ele>1003.79614</ele>
<time>2026-05-08T06:41:47Z</time>
</trkpt>
<trkpt lat="45.89572391" lon="6.80228975">
<ele>1004.17126</ele>
<time>2026-05-08T06:41:48Z</time>
</trkpt>
<trkpt lat="45.89579278" lon="6.80251236">
<ele>1004.5201</ele>
<time>2026-05-08T06:41:49Z</time>
</trkpt>
<trkpt lat="45.89585555" lon="6.80271927">
<ele>1004.8636</ele>
<time>2026-05-08T06:41:50Z</time>
</trkpt>
<trkpt lat="45.89592243" lon="6.80295875">
<ele>1005.1595</ele>
<time>2026-05-08T06:41:51Z</time>
</trkpt>
<trkpt lat="45.89598932" lon="6.80320773">
<ele>1005.429</ele>
<time>2026-05-08T06:41:52Z</time>
</trkpt>
<trkpt lat="45.89604872" lon="6.80345786">
<ele>1005.651</ele>
<time>2026-05-08T06:41:53Z</time>
</trkpt>
<trkpt lat="45.89611337" lon="6.80371104">
<ele>1005.8254</ele>
<time>2026-05-08T06:41:54Z</time>
</trkpt>
<trkpt lat="45.89618284" lon="6.80396651">
<ele>1005.9575</ele>
<time>2026-05-08T06:41:55Z</time>
</trkpt>
<trkpt lat="45.89624864" lon="6.80421269">
<ele>1006.04736</ele>
<time>2026-05-08T06:41:56Z</time>
</trkpt>
<trkpt lat="45.89631483" lon="6.8044708">
<ele>1006.14246</ele>
<time>2026-05-08T06:41:57Z</time>
</trkpt>
<trkpt lat="45.89637318" lon="6.80471695">
<ele>1006.2112</ele>
<time>2026-05-08T06:41:58Z</time>
</trkpt>
<trkpt lat="45.89643242" lon="6.80495963">
<ele>1006.2534</ele>
<time>2026-05-08T06:41:59Z</time>
</trkpt>
<trkpt lat="45.8964937" lon="6.80520352">
<ele>1006.30096</ele>
<time>2026-05-08T06:42:00Z</time>
</trkpt>
<trkpt lat="45.89654971" lon="6.80544959">
<ele>1006.31165</ele>
<time>2026-05-08T06:42:01Z</time>
</trkpt>
<trkpt lat="45.89661117" lon="6.80568958">
<ele>1006.2904</ele>
<time>2026-05-08T06:42:02Z</time>
</trkpt>
<trkpt lat="45.89667269" lon="6.80593728">
<ele>1006.264</ele>
<time>2026-05-08T06:42:03Z</time>
</trkpt>
<trkpt lat="45.89673616" lon="6.80618227">
<ele>1006.264</ele>
<time>2026-05-08T06:42:04Z</time>
</trkpt>
<trkpt lat="45.89679044" lon="6.80642083">
<ele>1006.264</ele>
<time>2026-05-08T06:42:05Z</time>
</trkpt>
<trkpt lat="45.8968501" lon="6.80666145">
<ele>1006.2587</ele>
<time>2026-05-08T06:42:06Z</time>
</trkpt>
<trkpt lat="45.89691819" lon="6.80690062">
<ele>1006.2323</ele>
<time>2026-05-08T06:42:07Z</time>
</trkpt>
<trkpt lat="45.89698034" lon="6.80714833">
<ele>1006.24286</ele>
<time>2026-05-08T06:42:08Z</time>
</trkpt>
<trkpt lat="45.89703673" lon="6.80740037">
<ele>1006.24817</ele>
<time>2026-05-08T06:42:09Z</time>
</trkpt>
<trkpt lat="45.89709566" lon="6.80763504">
<ele>1006.2587</ele>
<time>2026-05-08T06:42:10Z</time>
</trkpt>
<trkpt lat="45.89715726" lon="6.80787728">
<ele>1006.2904</ele>
<time>2026-05-08T06:42:11Z</time>
</trkpt>
<trkpt lat="45.89721406" lon="6.80811668">
<ele>1006.3222</ele>
<time>2026-05-08T06:42:12Z</time>
</trkpt>
<trkpt lat="45.89727386" lon="6.80836271">
<ele>1006.36444</ele>
<time>2026-05-08T06:42:13Z</time>
</trkpt>
<trkpt lat="45.89733149" lon="6.80861323">
<ele>1006.412</ele>
<time>2026-05-08T06:42:14Z</time>
</trkpt>
<trkpt lat="45.89740114" lon="6.80886276">
<ele>1006.46484</ele>
<time>2026-05-08T06:42:15Z</time>
</trkpt>
<trkpt lat="45.89746326" lon="6.80910149">
<ele>1006.52826</ele>
<time>2026-05-08T06:42:16Z</time>
</trkpt>
<trkpt lat="45.89752125" lon="6.80935997">
<ele>1006.60754</ele>
<time>2026-05-08T06:42:17Z</time>
</trkpt>
<trkpt lat="45.89758499" lon="6.80960171">
<ele>1006.72375</ele>
<time>2026-05-08T06:42:18Z</time>
</trkpt>
<trkpt lat="45.89763753" lon="6.80983924">
<ele>1006.84</ele>
<time>2026-05-08T06:42:19Z</time>
</trkpt>
<trkpt lat="45.89769498" lon="6.81007766">
<ele>1006.97217</ele>
<time>2026-05-08T06:42:20Z</time>
</trkpt>
<trkpt lat="45.89775088" lon="6.81031868">
<ele>1007.14124</ele>
<time>2026-05-08T06:42:21Z</time>
</trkpt>
<trkpt lat="45.89780839" lon="6.81057039">
<ele>1007.32623</ele>
<time>2026-05-08T06:42:22Z</time>
</trkpt>
<trkpt lat="45.89785883" lon="6.81081605">
<ele>1007.5165</ele>
<time>2026-05-08T06:42:23Z</time>
</trkpt>
<trkpt lat="45.89790561" lon="6.81106816">
<ele>1007.71735</ele>
<time>2026-05-08T06:42:24Z</time>
</trkpt>
<trkpt lat="45.89795804" lon="6.8113244">
<ele>1007.9393</ele>
<time>2026-05-08T06:42:25Z</time>
</trkpt>
<trkpt lat="45.89800432" lon="6.81157129">
<ele>1008.16125</ele>
<time>2026-05-08T06:42:26Z</time>
</trkpt>
<trkpt lat="45.89804222" lon="6.81181122">
<ele>1008.4255</ele>
<time>2026-05-08T06:42:27Z</time>
</trkpt>
<trkpt lat="45.89807453" lon="6.8120689">
<ele>1008.7002</ele>
<time>2026-05-08T06:42:28Z</time>
</trkpt>
<trkpt lat="45.8981033" lon="6.81233364">
<ele>1008.97504</ele>
<time>2026-05-08T06:42:29Z</time>
</trkpt>
<trkpt lat="45.89813679" lon="6.81261014">
<ele>1009.2234</ele>
<time>2026-05-08T06:42:30Z</time>
</trkpt>
<trkpt lat="45.89814917" lon="6.81286898">
<ele>1009.42957</ele>
<time>2026-05-08T06:42:31Z</time>
</trkpt>
<trkpt lat="45.8981485" lon="6.81313936">
<ele>1009.8576</ele>
<time>2026-05-08T06:42:32Z</time>
</trkpt>
<trkpt lat="45.89813575" lon="6.8134123">
<ele>1010.3702</ele>
<time>2026-05-08T06:42:33Z</time>
</trkpt>
<trkpt lat="45.89812486" lon="6.81368311">
<ele>1010.6133</ele>
<time>2026-05-08T06:42:34Z</time>
</trkpt>
<trkpt lat="45.8980987" lon="6.81393972">
<ele>1010.8247</ele>
<time>2026-05-08T06:42:35Z</time>
</trkpt>
<trkpt lat="45.89805597" lon="6.81419188">
<ele>1011.06775</ele>
<time>2026-05-08T06:42:36Z</time>
</trkpt>
<trkpt lat="45.89802031" lon="6.81446019">
<ele>1011.295</ele>
<time>2026-05-08T06:42:37Z</time>
</trkpt>
<trkpt lat="45.89797075" lon="6.81472197">
<ele>1011.5011</ele>
<time>2026-05-08T06:42:38Z</time>
</trkpt>
<trkpt lat="45.89791456" lon="6.81499062">
<ele>1011.69135</ele>
<time>2026-05-08T06:42:39Z</time>
</trkpt>
<trkpt lat="45.89785362" lon="6.81526163">
<ele>1011.89215</ele>
<time>2026-05-08T06:42:40Z</time>
</trkpt>
<trkpt lat="45.89778983" lon="6.8155229">
<ele>1012.0665</ele>
<time>2026-05-08T06:42:41Z</time>
</trkpt>
<trkpt lat="45.89772588" lon="6.81580024">
<ele>1012.2674</ele>
<time>2026-05-08T06:42:42Z</time>
</trkpt>
<trkpt lat="45.89765904" lon="6.81606521">
<ele>1012.5369</ele>
<time>2026-05-08T06:42:43Z</time>
</trkpt>
<trkpt lat="45.89759176" lon="6.81633383">
<ele>1012.85925</ele>
<time>2026-05-08T06:42:44Z</time>
</trkpt>
<trkpt lat="45.89697315" lon="6.81923465">
<ele>1017.89026</ele>
<time>2026-05-08T06:42:55Z</time>
</trkpt>
<trkpt lat="45.89692928" lon="6.81951969">
<ele>1018.4346</ele>
<time>2026-05-08T06:42:56Z</time>
</trkpt>
<trkpt lat="45.89687714" lon="6.81980871">
<ele>1019.0106</ele>
<time>2026-05-08T06:42:57Z</time>
</trkpt>
<trkpt lat="45.89684651" lon="6.82009302">
<ele>1019.6025</ele>
<time>2026-05-08T06:42:58Z</time>
</trkpt>
<trkpt lat="45.8968321" lon="6.82037743">
<ele>1020.19434</ele>
<time>2026-05-08T06:42:59Z</time>
</trkpt>
<trkpt lat="45.89682342" lon="6.82068692">
<ele>1020.7809</ele>
<time>2026-05-08T06:43:00Z</time>
</trkpt>
<trkpt lat="45.89682351" lon="6.82097477">
<ele>1021.3305</ele>
<time>2026-05-08T06:43:01Z</time>
</trkpt>
<trkpt lat="45.89683396" lon="6.82126198">
<ele>1021.8748</ele>
<time>2026-05-08T06:43:02Z</time>
</trkpt>
<trkpt lat="45.89686423" lon="6.82155129">
<ele>1022.42444</ele>
<time>2026-05-08T06:43:03Z</time>
</trkpt>
<trkpt lat="45.89690732" lon="6.82182775">
<ele>1022.9688</ele>
<time>2026-05-08T06:43:04Z</time>
</trkpt>
<trkpt lat="45.89695454" lon="6.82209976">
<ele>1023.45496</ele>
<time>2026-05-08T06:43:05Z</time>
</trkpt>
<trkpt lat="45.89700173" lon="6.82236407">
<ele>1023.9041</ele>
<time>2026-05-08T06:43:06Z</time>
</trkpt>
<trkpt lat="45.89705546" lon="6.82262326">
<ele>1024.3534</ele>
<time>2026-05-08T06:43:07Z</time>
</trkpt>
<trkpt lat="45.89711517" lon="6.82288355">
<ele>1024.7867</ele>
<time>2026-05-08T06:43:08Z</time>
</trkpt>
<trkpt lat="45.89718739" lon="6.82314032">
<ele>1025.1512</ele>
<time>2026-05-08T06:43:09Z</time>
</trkpt>
<trkpt lat="45.89726709" lon="6.82337916">
<ele>1025.4949</ele>
<time>2026-05-08T06:43:10Z</time>
</trkpt>
<trkpt lat="45.89735301" lon="6.82362081">
<ele>1025.8225</ele>
<time>2026-05-08T06:43:11Z</time>
</trkpt>
<trkpt lat="45.89743109" lon="6.82384733">
<ele>1026.1237</ele>
<time>2026-05-08T06:43:12Z</time>
</trkpt>
<trkpt lat="45.8975121" lon="6.82407081">
<ele>1026.3984</ele>
<time>2026-05-08T06:43:13Z</time>
</trkpt>
<trkpt lat="45.89760015" lon="6.82429922">
<ele>1026.6838</ele>
<time>2026-05-08T06:43:14Z</time>
</trkpt>
<trkpt lat="45.89768162" lon="6.8245017">
<ele>1026.9534</ele>
<time>2026-05-08T06:43:15Z</time>
</trkpt>
<trkpt lat="45.89776718" lon="6.82471264">
<ele>1027.2335</ele>
<time>2026-05-08T06:43:16Z</time>
</trkpt>
<trkpt lat="45.89786672" lon="6.82492264">
<ele>1027.5453</ele>
<time>2026-05-08T06:43:17Z</time>
</trkpt>
<trkpt lat="45.8979518" lon="6.82512321">
<ele>1027.8835</ele>
<time>2026-05-08T06:43:18Z</time>
</trkpt>
<trkpt lat="45.8980343" lon="6.82533812">
<ele>1028.2375</ele>
<time>2026-05-08T06:43:19Z</time>
</trkpt>
<trkpt lat="45.89812065" lon="6.82554608">
<ele>1028.6075</ele>
<time>2026-05-08T06:43:20Z</time>
</trkpt>
<trkpt lat="45.89821103" lon="6.8257415">
<ele>1028.9932</ele>
<time>2026-05-08T06:43:21Z</time>
</trkpt>
<trkpt lat="45.89829829" lon="6.82594681">
<ele>1029.4054</ele>
<time>2026-05-08T06:43:22Z</time>
</trkpt>
<trkpt lat="45.8983811" lon="6.8261391">
<ele>1029.8018</ele>
<time>2026-05-08T06:43:23Z</time>
</trkpt>
<trkpt lat="45.89846475" lon="6.82633951">
<ele>1030.2035</ele>
<time>2026-05-08T06:43:24Z</time>
</trkpt>
<trkpt lat="45.89854992" lon="6.82654302">
<ele>1030.621</ele>
<time>2026-05-08T06:43:25Z</time>
</trkpt>
<trkpt lat="45.89864392" lon="6.82677676">
<ele>1031.0331</ele>
<time>2026-05-08T06:43:26Z</time>
</trkpt>
<trkpt lat="45.89871747" lon="6.82695584">
<ele>1031.4401</ele>
<time>2026-05-08T06:43:27Z</time>
</trkpt>
<trkpt lat="45.89879499" lon="6.82714577">
<ele>1031.8628</ele>
<time>2026-05-08T06:43:28Z</time>
</trkpt>
<trkpt lat="45.89887236" lon="6.82732606">
<ele>1032.3279</ele>
<time>2026-05-08T06:43:29Z</time>
</trkpt>
<trkpt lat="45.89894968" lon="6.82752099">
<ele>1032.7401</ele>
<time>2026-05-08T06:43:30Z</time>
</trkpt>
<trkpt lat="45.89902655" lon="6.82771466">
<ele>1033.1365</ele>
<time>2026-05-08T06:43:31Z</time>
</trkpt>
<trkpt lat="45.89910538" lon="6.82790766">
<ele>1033.5592</ele>
<time>2026-05-08T06:43:32Z</time>
</trkpt>
<trkpt lat="45.89919574" lon="6.82810653">
<ele>1033.9661</ele>
<time>2026-05-08T06:43:33Z</time>
</trkpt>
<trkpt lat="45.89928254" lon="6.82830311">
<ele>1034.3678</ele>
<time>2026-05-08T06:43:34Z</time>
</trkpt>
<trkpt lat="45.89937394" lon="6.82849871">
<ele>1034.764</ele>
<time>2026-05-08T06:43:35Z</time>
</trkpt>
<trkpt lat="45.89945965" lon="6.82867577">
<ele>1035.1656</ele>
<time>2026-05-08T06:43:36Z</time>
</trkpt>
<trkpt lat="45.89955434" lon="6.82885781">
<ele>1035.5409</ele>
<time>2026-05-08T06:43:37Z</time>
</trkpt>
<trkpt lat="45.899641" lon="6.82904109">
<ele>1035.8896</ele>
<time>2026-05-08T06:43:38Z</time>
</trkpt>
<trkpt lat="45.89974416" lon="6.82922461">
<ele>1036.212</ele>
<time>2026-05-08T06:43:39Z</time>
</trkpt>
<trkpt lat="45.89984724" lon="6.82942158">
<ele>1036.5292</ele>
<time>2026-05-08T06:43:40Z</time>
</trkpt>
<trkpt lat="45.8999491" lon="6.82962698">
<ele>1036.8092</ele>
<time>2026-05-08T06:43:41Z</time>
</trkpt>
<trkpt lat="45.90005598" lon="6.82981548">
<ele>1037.0471</ele>
<time>2026-05-08T06:43:42Z</time>
</trkpt>
<trkpt lat="45.90014904" lon="6.83001007">
<ele>1037.2902</ele>
<time>2026-05-08T06:43:43Z</time>
</trkpt>
<trkpt lat="45.90024802" lon="6.83020639">
<ele>1037.4751</ele>
<time>2026-05-08T06:43:44Z</time>
</trkpt>
<trkpt lat="45.90036155" lon="6.83041896">
<ele>1037.6548</ele>
<time>2026-05-08T06:43:45Z</time>
</trkpt>
<trkpt lat="45.90047814" lon="6.83062887">
<ele>1037.7922</ele>
<time>2026-05-08T06:43:46Z</time>
</trkpt>
<trkpt lat="45.90059091" lon="6.83085039">
<ele>1037.9243</ele>
<time>2026-05-08T06:43:47Z</time>
</trkpt>
<trkpt lat="45.90069643" lon="6.83105218">
<ele>1038.0405</ele>
<time>2026-05-08T06:43:48Z</time>
</trkpt>
<trkpt lat="45.90079682" lon="6.83125391">
<ele>1038.1304</ele>
<time>2026-05-08T06:43:49Z</time>
</trkpt>
<trkpt lat="45.90090543" lon="6.83149105">
<ele>1038.1938</ele>
<time>2026-05-08T06:43:50Z</time>
</trkpt>
<trkpt lat="45.9010059" lon="6.83169979">
<ele>1038.2572</ele>
<time>2026-05-08T06:43:51Z</time>
</trkpt>
<trkpt lat="45.9011207" lon="6.83191365">
<ele>1038.2413</ele>
<time>2026-05-08T06:43:52Z</time>
</trkpt>
<trkpt lat="45.9012338" lon="6.8321269">
<ele>1038.31</ele>
<time>2026-05-08T06:43:53Z</time>
</trkpt>
<trkpt lat="45.90134667" lon="6.83234749">
<ele>1038.347</ele>
<time>2026-05-08T06:43:54Z</time>
</trkpt>
<trkpt lat="45.90145974" lon="6.83256478">
<ele>1038.2996</ele>
<time>2026-05-08T06:43:55Z</time>
</trkpt>
<trkpt lat="45.90155838" lon="6.8327642">
<ele>1038.2625</ele>
<time>2026-05-08T06:43:56Z</time>
</trkpt>
<trkpt lat="45.90164996" lon="6.83295243">
<ele>1038.2097</ele>
<time>2026-05-08T06:43:57Z</time>
</trkpt>
<trkpt lat="45.90176911" lon="6.83318638">
<ele>1038.215</ele>
<time>2026-05-08T06:43:58Z</time>
</trkpt>
<trkpt lat="45.90189905" lon="6.83342427">
<ele>1038.289</ele>
<time>2026-05-08T06:43:59Z</time>
</trkpt>
<trkpt lat="45.90202751" lon="6.83366651">
<ele>1038.421</ele>
<time>2026-05-08T06:44:00Z</time>
</trkpt>
<trkpt lat="45.90215648" lon="6.83392053">
<ele>1038.5902</ele>
<time>2026-05-08T06:44:01Z</time>
</trkpt>
<trkpt lat="45.90228723" lon="6.83418264">
<ele>1038.754</ele>
<time>2026-05-08T06:44:02Z</time>
</trkpt>
<trkpt lat="45.90241066" lon="6.8344522">
<ele>1038.902</ele>
<time>2026-05-08T06:44:03Z</time>
</trkpt>
<trkpt lat="45.90252673" lon="6.83471487">
<ele>1039.0658</ele>
<time>2026-05-08T06:44:04Z</time>
</trkpt>
<trkpt lat="45.90264469" lon="6.83497719">
<ele>1039.2244</ele>
<time>2026-05-08T06:44:05Z</time>
</trkpt>
<trkpt lat="45.90276315" lon="6.83524974">
<ele>1039.3934</ele>
<time>2026-05-08T06:44:06Z</time>
</trkpt>
<trkpt lat="45.90288434" lon="6.8355317">
<ele>1039.5784</ele>
<time>2026-05-08T06:44:07Z</time>
</trkpt>
<trkpt lat="45.90297911" lon="6.83579257">
<ele>1039.7687</ele>
<time>2026-05-08T06:44:08Z</time>
</trkpt>
<trkpt lat="45.90307604" lon="6.83604486">
<ele>1039.9641</ele>
<time>2026-05-08T06:44:09Z</time>
</trkpt>
<trkpt lat="45.90317058" lon="6.83631072">
<ele>1040.1808</ele>
<time>2026-05-08T06:44:10Z</time>
</trkpt>
<trkpt lat="45.90326397" lon="6.83657789">
<ele>1040.4451</ele>
<time>2026-05-08T06:44:11Z</time>
</trkpt>
<trkpt lat="45.90335843" lon="6.83685786">
<ele>1040.7094</ele>
<time>2026-05-08T06:44:12Z</time>
</trkpt>
<trkpt lat="45.90344997" lon="6.83712784">
<ele>1040.9841</ele>
<time>2026-05-08T06:44:13Z</time>
</trkpt>
<trkpt lat="45.90353555" lon="6.83738394">
<ele>1041.2589</ele>
<time>2026-05-08T06:44:14Z</time>
</trkpt>
<trkpt lat="45.90361699" lon="6.83762781">
<ele>1041.5548</ele>
<time>2026-05-08T06:44:15Z</time>
</trkpt>
<trkpt lat="45.90370683" lon="6.83788257">
<ele>1041.8561</ele>
<time>2026-05-08T06:44:16Z</time>
</trkpt>
<trkpt lat="45.90379404" lon="6.8381457">
<ele>1042.115</ele>
<time>2026-05-08T06:44:17Z</time>
</trkpt>
<trkpt lat="45.90389184" lon="6.83840622">
<ele>1042.3687</ele>
<time>2026-05-08T06:44:18Z</time>
</trkpt>
<trkpt lat="45.90399585" lon="6.8386705">
<ele>1042.5695</ele>
<time>2026-05-08T06:44:19Z</time>
</trkpt>
<trkpt lat="45.90408691" lon="6.83892099">
<ele>1042.728</ele>
<time>2026-05-08T06:44:20Z</time>
</trkpt>
<trkpt lat="45.90418429" lon="6.83916182">
<ele>1042.8601</ele>
<time>2026-05-08T06:44:21Z</time>
</trkpt>
<trkpt lat="45.90428605" lon="6.83941169">
<ele>1042.9501</ele>
<time>2026-05-08T06:44:22Z</time>
</trkpt>
<trkpt lat="45.90438101" lon="6.83964598">
<ele>1043.0187</ele>
<time>2026-05-08T06:44:23Z</time>
</trkpt>
<trkpt lat="45.9044745" lon="6.83987487">
<ele>1043.045</ele>
<time>2026-05-08T06:44:24Z</time>
</trkpt>
<trkpt lat="45.90457818" lon="6.84010319">
<ele>1043.082</ele>
<time>2026-05-08T06:44:25Z</time>
</trkpt>
<trkpt lat="45.9046787" lon="6.84032946">
<ele>1043.1085</ele>
<time>2026-05-08T06:44:26Z</time>
</trkpt>
<trkpt lat="45.90477586" lon="6.84054761">
<ele>1043.2247</ele>
<time>2026-05-08T06:44:27Z</time>
</trkpt>
<trkpt lat="45.90487666" lon="6.84076705">
<ele>1043.3304</ele>
<time>2026-05-08T06:44:28Z</time>
</trkpt>
<trkpt lat="45.90544879" lon="6.84200627">
<ele>1045.0585</ele>
<time>2026-05-08T06:44:34Z</time>
</trkpt>
<trkpt lat="45.90553915" lon="6.84221919">
<ele>1045.587</ele>
<time>2026-05-08T06:44:35Z</time>
</trkpt>
<trkpt lat="45.90563508" lon="6.84241216">
<ele>1046.1842</ele>
<time>2026-05-08T06:44:36Z</time>
</trkpt>
<trkpt lat="45.90574337" lon="6.84265287">
<ele>1046.8131</ele>
<time>2026-05-08T06:44:37Z</time>
</trkpt>
<trkpt lat="45.90584211" lon="6.84285916">
<ele>1047.5424</ele>
<time>2026-05-08T06:44:38Z</time>
</trkpt>
<trkpt lat="45.90594227" lon="6.84307654">
<ele>1048.261</ele>
<time>2026-05-08T06:44:39Z</time>
</trkpt>
<trkpt lat="45.90603124" lon="6.84328518">
<ele>1049.0273</ele>
<time>2026-05-08T06:44:40Z</time>
</trkpt>
<trkpt lat="45.9061404" lon="6.84349938">
<ele>1049.8358</ele>
<time>2026-05-08T06:44:41Z</time>
</trkpt>
<trkpt lat="45.90623374" lon="6.84369442">
<ele>1050.6603</ele>
<time>2026-05-08T06:44:42Z</time>
</trkpt>
<trkpt lat="45.90633742" lon="6.8439028">
<ele>1051.5164</ele>
<time>2026-05-08T06:44:43Z</time>
</trkpt>
<trkpt lat="45.90643907" lon="6.84411181">
<ele>1052.3724</ele>
<time>2026-05-08T06:44:44Z</time>
</trkpt>
<trkpt lat="45.90653222" lon="6.84431654">
<ele>1053.2604</ele>
<time>2026-05-08T06:44:45Z</time>
</trkpt>
<trkpt lat="45.90662702" lon="6.84453068">
<ele>1054.1904</ele>
<time>2026-05-08T06:44:46Z</time>
</trkpt>
<trkpt lat="45.90671889" lon="6.84473443">
<ele>1055.2316</ele>
<time>2026-05-08T06:44:47Z</time>
</trkpt>
<trkpt lat="45.90682018" lon="6.84495078">
<ele>1056.2778</ele>
<time>2026-05-08T06:44:48Z</time>
</trkpt>
<trkpt lat="45.90692096" lon="6.84514925">
<ele>1057.2607</ele>
<time>2026-05-08T06:44:49Z</time>
</trkpt>
<trkpt lat="45.90701639" lon="6.84535817">
<ele>1058.2227</ele>
<time>2026-05-08T06:44:50Z</time>
</trkpt>
<trkpt lat="45.90711769" lon="6.84556213">
<ele>1059.1844</ele>
<time>2026-05-08T06:44:51Z</time>
</trkpt>
<trkpt lat="45.90720562" lon="6.84574983">
<ele>1060.1569</ele>
<time>2026-05-08T06:44:52Z</time>
</trkpt>
<trkpt lat="45.90729805" lon="6.84593491">
<ele>1061.108</ele>
<time>2026-05-08T06:44:53Z</time>
</trkpt>
<trkpt lat="45.90738294" lon="6.84609271">
<ele>1062.0592</ele>
<time>2026-05-08T06:44:54Z</time>
</trkpt>
<trkpt lat="45.90747402" lon="6.84625564">
<ele>1062.9841</ele>
<time>2026-05-08T06:44:55Z</time>
</trkpt>
<trkpt lat="45.90755571" lon="6.84641551">
<ele>1063.9036</ele>
<time>2026-05-08T06:44:56Z</time>
</trkpt>
<trkpt lat="45.90762612" lon="6.84658157">
<ele>1064.8231</ele>
<time>2026-05-08T06:44:57Z</time>
</trkpt>
<trkpt lat="45.90769419" lon="6.84675662">
<ele>1065.7057</ele>
<time>2026-05-08T06:44:58Z</time>
</trkpt>
<trkpt lat="45.90776343" lon="6.84693501">
<ele>1066.5354</ele>
<time>2026-05-08T06:44:59Z</time>
</trkpt>
<trkpt lat="45.90780902" lon="6.84710406">
<ele>1067.328</ele>
<time>2026-05-08T06:45:00Z</time>
</trkpt>
<trkpt lat="45.9078707" lon="6.84727026">
<ele>1068.0996</ele>
<time>2026-05-08T06:45:01Z</time>
</trkpt>
<trkpt lat="45.90792308" lon="6.84737379">
<ele>1068.8341</ele>
<time>2026-05-08T06:45:02Z</time>
</trkpt>
<trkpt lat="45.90795865" lon="6.84749903">
<ele>1069.5422</ele>
<time>2026-05-08T06:45:03Z</time>
</trkpt>
<trkpt lat="45.90801455" lon="6.84764614">
<ele>1070.2399</ele>
<time>2026-05-08T06:45:04Z</time>
</trkpt>
<trkpt lat="45.90806385" lon="6.8478036">
<ele>1070.9058</ele>
<time>2026-05-08T06:45:05Z</time>
</trkpt>
<trkpt lat="45.90812312" lon="6.84796444">
<ele>1071.5663</ele>
<time>2026-05-08T06:45:06Z</time>
</trkpt>
<trkpt lat="45.90816293" lon="6.84813005">
<ele>1072.248</ele>
<time>2026-05-08T06:45:07Z</time>
</trkpt>
<trkpt lat="45.90820471" lon="6.84830666">
<ele>1072.8822</ele>
<time>2026-05-08T06:45:08Z</time>
</trkpt>
<trkpt lat="45.90824975" lon="6.84846799">
<ele>1073.4846</ele>
<time>2026-05-08T06:45:09Z</time>
</trkpt>
<trkpt lat="45.90829395" lon="6.84863089">
<ele>1074.05</ele>
<time>2026-05-08T06:45:10Z</time>
</trkpt>
<trkpt lat="45.90834936" lon="6.84879568">
<ele>1074.5997</ele>
<time>2026-05-08T06:45:11Z</time>
</trkpt>
<trkpt lat="45.9083933" lon="6.84897185">
<ele>1075.1282</ele>
<time>2026-05-08T06:45:12Z</time>
</trkpt>
<trkpt lat="45.90843266" lon="6.84914127">
<ele>1075.6407</ele>
<time>2026-05-08T06:45:13Z</time>
</trkpt>
<trkpt lat="45.9084783" lon="6.8493075">
<ele>1076.1058</ele>
<time>2026-05-08T06:45:14Z</time>
</trkpt>
<trkpt lat="45.90852323" lon="6.84949129">
<ele>1076.5603</ele>
<time>2026-05-08T06:45:15Z</time>
</trkpt>
<trkpt lat="45.90857096" lon="6.84967172">
<ele>1076.9989</ele>
<time>2026-05-08T06:45:16Z</time>
</trkpt>
<trkpt lat="45.90860576" lon="6.8498379">
<ele>1077.427</ele>
<time>2026-05-08T06:45:17Z</time>
</trkpt>
<trkpt lat="45.9086427" lon="6.85000541">
<ele>1077.8445</ele>
<time>2026-05-08T06:45:18Z</time>
</trkpt>
<trkpt lat="45.90868967" lon="6.85019529">
<ele>1078.262</ele>
<time>2026-05-08T06:45:19Z</time>
</trkpt>
<trkpt lat="45.90875254" lon="6.85039246">
<ele>1078.6794</ele>
<time>2026-05-08T06:45:20Z</time>
</trkpt>
<trkpt lat="45.90879284" lon="6.85056599">
<ele>1079.0917</ele>
<time>2026-05-08T06:45:21Z</time>
</trkpt>
<trkpt lat="45.90884503" lon="6.85075927">
<ele>1079.5038</ele>
<time>2026-05-08T06:45:22Z</time>
</trkpt>
<trkpt lat="45.90889186" lon="6.85092083">
<ele>1079.9055</ele>
<time>2026-05-08T06:45:23Z</time>
</trkpt>
<trkpt lat="45.90893343" lon="6.85108602">
<ele>1080.3177</ele>
<time>2026-05-08T06:45:24Z</time>
</trkpt>
<trkpt lat="45.90898877" lon="6.85128403">
<ele>1080.7563</ele>
<time>2026-05-08T06:45:25Z</time>
</trkpt>
<trkpt lat="45.90902946" lon="6.85146112">
<ele>1081.2002</ele>
<time>2026-05-08T06:45:26Z</time>
</trkpt>
<trkpt lat="45.90907568" lon="6.85165807">
<ele>1081.6599</ele>
<time>2026-05-08T06:45:27Z</time>
</trkpt>
<trkpt lat="45.90911776" lon="6.85183151">
<ele>1082.1198</ele>
<time>2026-05-08T06:45:28Z</time>
</trkpt>
<trkpt lat="45.90916565" lon="6.85203109">
<ele>1082.569</ele>
<time>2026-05-08T06:45:29Z</time>
</trkpt>
<trkpt lat="45.90921534" lon="6.8522173">
<ele>1083.0287</ele>
<time>2026-05-08T06:45:30Z</time>
</trkpt>
<trkpt lat="45.90926574" lon="6.85238287">
<ele>1083.4938</ele>
<time>2026-05-08T06:45:31Z</time>
</trkpt>
<trkpt lat="45.90931139" lon="6.85252492">
<ele>1083.9746</ele>
<time>2026-05-08T06:45:32Z</time>
</trkpt>
<trkpt lat="45.90936371" lon="6.85272581">
<ele>1084.4714</ele>
<time>2026-05-08T06:45:33Z</time>
</trkpt>
<trkpt lat="45.90940506" lon="6.85291849">
<ele>1084.984</ele>
<time>2026-05-08T06:45:34Z</time>
</trkpt>
<trkpt lat="45.90945019" lon="6.85311974">
<ele>1085.4966</ele>
<time>2026-05-08T06:45:35Z</time>
</trkpt>
<trkpt lat="45.90947586" lon="6.85327398">
<ele>1086.0198</ele>
<time>2026-05-08T06:45:36Z</time>
</trkpt>
<trkpt lat="45.90950252" lon="6.8534645">
<ele>1086.5377</ele>
<time>2026-05-08T06:45:37Z</time>
</trkpt>
<trkpt lat="45.90953221" lon="6.85364161">
<ele>1087.0503</ele>
<time>2026-05-08T06:45:38Z</time>
</trkpt>
<trkpt lat="45.90955482" lon="6.85381909">
<ele>1087.5576</ele>
<time>2026-05-08T06:45:39Z</time>
</trkpt>
<trkpt lat="45.90957454" lon="6.85399097">
<ele>1088.0597</ele>
<time>2026-05-08T06:45:40Z</time>
</trkpt>
<trkpt lat="45.90960014" lon="6.85415699">
<ele>1088.5616</ele>
<time>2026-05-08T06:45:41Z</time>
</trkpt>
<trkpt lat="45.90962812" lon="6.85433111">
<ele>1089.0267</ele>
<time>2026-05-08T06:45:42Z</time>
</trkpt>
<trkpt lat="45.90964946" lon="6.85451738">
<ele>1089.476</ele>
<time>2026-05-08T06:45:43Z</time>
</trkpt>
<trkpt lat="45.90965688" lon="6.85469394">
<ele>1089.8829</ele>
<time>2026-05-08T06:45:44Z</time>
</trkpt>
<trkpt lat="45.90966898" lon="6.85486772">
<ele>1090.2739</ele>
<time>2026-05-08T06:45:45Z</time>
</trkpt>
<trkpt lat="45.90967696" lon="6.85504939">
<ele>1090.5963</ele>
<time>2026-05-08T06:45:46Z</time>
</trkpt>
<trkpt lat="45.90968006" lon="6.85522356">
<ele>1090.8922</ele>
<time>2026-05-08T06:45:47Z</time>
</trkpt>
<trkpt lat="45.90968896" lon="6.8553975">
<ele>1091.1459</ele>
<time>2026-05-08T06:45:48Z</time>
</trkpt>
<trkpt lat="45.90969873" lon="6.85557813">
<ele>1091.3732</ele>
<time>2026-05-08T06:45:49Z</time>
</trkpt>
<trkpt lat="45.90969899" lon="6.85573561">
<ele>1091.5527</ele>
<time>2026-05-08T06:45:50Z</time>
</trkpt>
<trkpt lat="45.90970291" lon="6.85592323">
<ele>1091.6954</ele>
<time>2026-05-08T06:45:51Z</time>
</trkpt>
<trkpt lat="45.90970244" lon="6.85610678">
<ele>1091.8118</ele>
<time>2026-05-08T06:45:52Z</time>
</trkpt>
<trkpt lat="45.90970325" lon="6.85628863">
<ele>1091.9122</ele>
<time>2026-05-08T06:45:53Z</time>
</trkpt>
<trkpt lat="45.90970451" lon="6.85648667">
<ele>1092.0391</ele>
<time>2026-05-08T06:45:54Z</time>
</trkpt>
<trkpt lat="45.90970878" lon="6.8566732">
<ele>1092.0972</ele>
<time>2026-05-08T06:45:55Z</time>
</trkpt>
<trkpt lat="45.90974685" lon="6.85735893">
<ele>1092.8423</ele>
<time>2026-05-08T06:45:59Z</time>
</trkpt>
<trkpt lat="45.90975715" lon="6.85750623">
<ele>1093.1805</ele>
<time>2026-05-08T06:46:00Z</time>
</trkpt>
<trkpt lat="45.90974778" lon="6.8576477">
<ele>1093.5398</ele>
<time>2026-05-08T06:46:01Z</time>
</trkpt>
<trkpt lat="45.90974713" lon="6.85784436">
<ele>1093.9573</ele>
<time>2026-05-08T06:46:02Z</time>
</trkpt>
<trkpt lat="45.90976405" lon="6.85803641">
<ele>1094.4224</ele>
<time>2026-05-08T06:46:03Z</time>
</trkpt>
<trkpt lat="45.90976925" lon="6.85819669">
<ele>1094.9349</ele>
<time>2026-05-08T06:46:04Z</time>
</trkpt>
<trkpt lat="45.90980106" lon="6.85839823">
<ele>1095.4899</ele>
<time>2026-05-08T06:46:05Z</time>
</trkpt>
<trkpt lat="45.90979511" lon="6.8585607">
<ele>1096.087</ele>
<time>2026-05-08T06:46:06Z</time>
</trkpt>
<trkpt lat="45.90979193" lon="6.8587408">
<ele>1096.7212</ele>
<time>2026-05-08T06:46:07Z</time>
</trkpt>
<trkpt lat="45.90981418" lon="6.85893793">
<ele>1097.3923</ele>
<time>2026-05-08T06:46:08Z</time>
</trkpt>
<trkpt lat="45.9098231" lon="6.8590915">
<ele>1098.0688</ele>
<time>2026-05-08T06:46:09Z</time>
</trkpt>
<trkpt lat="45.90983004" lon="6.85928188">
<ele>1098.7505</ele>
<time>2026-05-08T06:46:10Z</time>
</trkpt>
<trkpt lat="45.90982887" lon="6.85943912">
<ele>1099.4269</ele>
<time>2026-05-08T06:46:11Z</time>
</trkpt>
<trkpt lat="45.90983327" lon="6.85960824">
<ele>1100.1086</ele>
<time>2026-05-08T06:46:12Z</time>
</trkpt>
<trkpt lat="45.90982763" lon="6.85977002">
<ele>1100.7904</ele>
<time>2026-05-08T06:46:13Z</time>
</trkpt>
<trkpt lat="45.90983002" lon="6.85991863">
<ele>1101.4933</ele>
<time>2026-05-08T06:46:14Z</time>
</trkpt>
<trkpt lat="45.909825" lon="6.86006792">
<ele>1102.2172</ele>
<time>2026-05-08T06:46:15Z</time>
</trkpt>
<trkpt lat="45.90981754" lon="6.86022195">
<ele>1102.9412</ele>
<time>2026-05-08T06:46:16Z</time>
</trkpt>
<trkpt lat="45.90980908" lon="6.86035802">
<ele>1103.6758</ele>
<time>2026-05-08T06:46:17Z</time>
</trkpt>
<trkpt lat="45.90979094" lon="6.86050234">
<ele>1104.3998</ele>
<time>2026-05-08T06:46:18Z</time>
</trkpt>
<trkpt lat="45.90976935" lon="6.86064084">
<ele>1105.1079</ele>
<time>2026-05-08T06:46:19Z</time>
</trkpt>
<trkpt lat="45.90974783" lon="6.86079463">
<ele>1105.8319</ele>
<time>2026-05-08T06:46:20Z</time>
</trkpt>
<trkpt lat="45.90971273" lon="6.86094454">
<ele>1106.5612</ele>
<time>2026-05-08T06:46:21Z</time>
</trkpt>
<trkpt lat="45.90969665" lon="6.86108526">
<ele>1107.2852</ele>
<time>2026-05-08T06:46:22Z</time>
</trkpt>
<trkpt lat="45.90968026" lon="6.86121837">
<ele>1107.9933</ele>
<time>2026-05-08T06:46:23Z</time>
</trkpt>
<trkpt lat="45.9096476" lon="6.86134473">
<ele>1108.6857</ele>
<time>2026-05-08T06:46:24Z</time>
</trkpt>
<trkpt lat="45.90963245" lon="6.86145962">
<ele>1109.341</ele>
<time>2026-05-08T06:46:25Z</time>
</trkpt>
<trkpt lat="45.90960315" lon="6.86156172">
<ele>1109.9962</ele>
<time>2026-05-08T06:46:26Z</time>
</trkpt>
<trkpt lat="45.90957935" lon="6.86167097">
<ele>1110.6356</ele>
<time>2026-05-08T06:46:27Z</time>
</trkpt>
<trkpt lat="45.90955206" lon="6.86176634">
<ele>1111.2487</ele>
<time>2026-05-08T06:46:28Z</time>
</trkpt>
<trkpt lat="45.9095409" lon="6.86186499">
<ele>1111.8511</ele>
<time>2026-05-08T06:46:29Z</time>
</trkpt>
<trkpt lat="45.90952284" lon="6.86194408">
<ele>1112.4271</ele>
<time>2026-05-08T06:46:30Z</time>
</trkpt>
<trkpt lat="45.90950847" lon="6.86199725">
<ele>1112.9873</ele>
<time>2026-05-08T06:46:31Z</time>
</trkpt>
<trkpt lat="45.90949769" lon="6.86205304">
<ele>1113.521</ele>
<time>2026-05-08T06:46:32Z</time>
</trkpt>
<trkpt lat="45.90948843" lon="6.86210815">
<ele>1114.039</ele>
<time>2026-05-08T06:46:33Z</time>
</trkpt>
<trkpt lat="45.90948016" lon="6.86215489">
<ele>1114.541</ele>
<time>2026-05-08T06:46:34Z</time>
</trkpt>
<trkpt lat="45.90946498" lon="6.86220647">
<ele>1115.0377</ele>
<time>2026-05-08T06:46:35Z</time>
</trkpt>
<trkpt lat="45.90946143" lon="6.86227465">
<ele>1115.5239</ele>
<time>2026-05-08T06:46:36Z</time>
</trkpt>
<trkpt lat="45.90945914" lon="6.86233108">
<ele>1115.9943</ele>
<time>2026-05-08T06:46:37Z</time>
</trkpt>
<trkpt lat="45.9094552" lon="6.86241495">
<ele>1116.4646</ele>
<time>2026-05-08T06:46:38Z</time>
</trkpt>
<trkpt lat="45.90944319" lon="6.86250788">
<ele>1116.9191</ele>
<time>2026-05-08T06:46:39Z</time>
</trkpt>
<trkpt lat="45.90944227" lon="6.86259942">
<ele>1117.3524</ele>
<time>2026-05-08T06:46:40Z</time>
</trkpt>
<trkpt lat="45.90944329" lon="6.86268234">
<ele>1117.7699</ele>
<time>2026-05-08T06:46:41Z</time>
</trkpt>
<trkpt lat="45.90944927" lon="6.86277066">
<ele>1118.1715</ele>
<time>2026-05-08T06:46:42Z</time>
</trkpt>
<trkpt lat="45.9094401" lon="6.86284177">
<ele>1118.5837</ele>
<time>2026-05-08T06:46:43Z</time>
</trkpt>
<trkpt lat="45.90943908" lon="6.86293758">
<ele>1118.9801</ele>
<time>2026-05-08T06:46:44Z</time>
</trkpt>
<trkpt lat="45.90942594" lon="6.86300043">
<ele>1119.3712</ele>
<time>2026-05-08T06:46:45Z</time>
</trkpt>
<trkpt lat="45.90941199" lon="6.86307297">
<ele>1119.7516</ele>
<time>2026-05-08T06:46:46Z</time>
</trkpt>
<trkpt lat="45.90938974" lon="6.86314466">
<ele>1120.148</ele>
<time>2026-05-08T06:46:47Z</time>
</trkpt>
<trkpt lat="45.90936071" lon="6.86322661">
<ele>1120.5284</ele>
<time>2026-05-08T06:46:48Z</time>
</trkpt>
<trkpt lat="45.90932861" lon="6.86329106">
<ele>1120.8984</ele>
<time>2026-05-08T06:46:49Z</time>
</trkpt>
<trkpt lat="45.90928485" lon="6.86334193">
<ele>1121.2683</ele>
<time>2026-05-08T06:46:50Z</time>
</trkpt>
<trkpt lat="45.90922829" lon="6.86337924">
<ele>1121.6383</ele>
<time>2026-05-08T06:46:51Z</time>
</trkpt>
<trkpt lat="45.90917989" lon="6.86340338">
<ele>1121.9923</ele>
<time>2026-05-08T06:46:52Z</time>
</trkpt>
<trkpt lat="45.90912122" lon="6.863388">
<ele>1122.3569</ele>
<time>2026-05-08T06:46:53Z</time>
</trkpt>
<trkpt lat="45.90907283" lon="6.86337858">
<ele>1122.711</ele>
<time>2026-05-08T06:46:54Z</time>
</trkpt>
<trkpt lat="45.9090206" lon="6.86332963">
<ele>1123.0598</ele>
<time>2026-05-08T06:46:55Z</time>
</trkpt>
<trkpt lat="45.9089815" lon="6.86326256">
<ele>1123.4086</ele>
<time>2026-05-08T06:46:56Z</time>
</trkpt>
<trkpt lat="45.90893323" lon="6.86319708">
<ele>1123.768</ele>
<time>2026-05-08T06:46:57Z</time>
</trkpt>
<trkpt lat="45.90890712" lon="6.86312138">
<ele>1124.0956</ele>
<time>2026-05-08T06:46:58Z</time>
</trkpt>
<trkpt lat="45.90890108" lon="6.8630414">
<ele>1124.4391</ele>
<time>2026-05-08T06:46:59Z</time>
</trkpt>
<trkpt lat="45.90890414" lon="6.86295728">
<ele>1124.8196</ele>
<time>2026-05-08T06:47:00Z</time>
</trkpt>
<trkpt lat="45.90889732" lon="6.8628146">
<ele>1125.2318</ele>
<time>2026-05-08T06:47:01Z</time>
</trkpt>
<trkpt lat="45.90887943" lon="6.86269848">
<ele>1125.6863</ele>
<time>2026-05-08T06:47:02Z</time>
</trkpt>
<trkpt lat="45.90886193" lon="6.86253947">
<ele>1126.2571</ele>
<time>2026-05-08T06:47:03Z</time>
</trkpt>
<trkpt lat="45.90886331" lon="6.86239027">
<ele>1126.907</ele>
<time>2026-05-08T06:47:04Z</time>
</trkpt>
<trkpt lat="45.90884121" lon="6.86223621">
<ele>1127.6151</ele>
<time>2026-05-08T06:47:05Z</time>
</trkpt>
<trkpt lat="45.90880924" lon="6.86206656">
<ele>1128.4026</ele>
<time>2026-05-08T06:47:06Z</time>
</trkpt>
<trkpt lat="45.90871769" lon="6.86180595">
<ele>1129.1953</ele>
<time>2026-05-08T06:47:07Z</time>
</trkpt>
<trkpt lat="45.9086257" lon="6.86159979">
<ele>1130.0038</ele>
<time>2026-05-08T06:47:08Z</time>
</trkpt>
<trkpt lat="45.90856138" lon="6.86141403">
<ele>1130.823</ele>
<time>2026-05-08T06:47:09Z</time>
</trkpt>
<trkpt lat="45.90846076" lon="6.86121896">
<ele>1131.6685</ele>
<time>2026-05-08T06:47:10Z</time>
</trkpt>
<trkpt lat="45.90838859" lon="6.86105977">
<ele>1132.5299</ele>
<time>2026-05-08T06:47:11Z</time>
</trkpt>
<trkpt lat="45.90828917" lon="6.86087054">
<ele>1133.4019</ele>
<time>2026-05-08T06:47:12Z</time>
</trkpt>
<trkpt lat="45.90819697" lon="6.86068929">
<ele>1134.3214</ele>
<time>2026-05-08T06:47:13Z</time>
</trkpt>
<trkpt lat="45.90811051" lon="6.86051628">
<ele>1135.2621</ele>
<time>2026-05-08T06:47:14Z</time>
</trkpt>
<trkpt lat="45.9080158" lon="6.86030087">
<ele>1136.2133</ele>
<time>2026-05-08T06:47:15Z</time>
</trkpt>
<trkpt lat="45.90791309" lon="6.86009765">
<ele>1137.212</ele>
<time>2026-05-08T06:47:16Z</time>
</trkpt>
<trkpt lat="45.90782617" lon="6.85989323">
<ele>1138.2479</ele>
<time>2026-05-08T06:47:17Z</time>
</trkpt>
<trkpt lat="45.90771366" lon="6.85969694">
<ele>1139.289</ele>
<time>2026-05-08T06:47:18Z</time>
</trkpt>
<trkpt lat="45.90761562" lon="6.85948752">
<ele>1140.346</ele>
<time>2026-05-08T06:47:19Z</time>
</trkpt>
<trkpt lat="45.90749623" lon="6.8592929">
<ele>1141.4081</ele>
<time>2026-05-08T06:47:20Z</time>
</trkpt>
<trkpt lat="45.9073825" lon="6.85909608">
<ele>1142.5073</ele>
<time>2026-05-08T06:47:21Z</time>
</trkpt>
<trkpt lat="45.90725964" lon="6.85890278">
<ele>1143.6329</ele>
<time>2026-05-08T06:47:22Z</time>
</trkpt>
<trkpt lat="45.90717139" lon="6.85874963">
<ele>1144.7903</ele>
<time>2026-05-08T06:47:23Z</time>
</trkpt>
<trkpt lat="45.90706239" lon="6.85858178">
<ele>1145.9529</ele>
<time>2026-05-08T06:47:24Z</time>
</trkpt>
<trkpt lat="45.90694813" lon="6.85837419">
<ele>1147.1472</ele>
<time>2026-05-08T06:47:25Z</time>
</trkpt>
<trkpt lat="45.90682666" lon="6.85820001">
<ele>1148.3362</ele>
<time>2026-05-08T06:47:26Z</time>
</trkpt>
<trkpt lat="45.90669604" lon="6.85802774">
<ele>1149.5781</ele>
<time>2026-05-08T06:47:27Z</time>
</trkpt>
<trkpt lat="45.90656891" lon="6.85785115">
<ele>1150.8148</ele>
<time>2026-05-08T06:47:28Z</time>
</trkpt>
<trkpt lat="45.9064379" lon="6.85766986">
<ele>1152.0514</ele>
<time>2026-05-08T06:47:29Z</time>
</trkpt>
<trkpt lat="45.90630765" lon="6.85748523">
<ele>1153.2986</ele>
<time>2026-05-08T06:47:30Z</time>
</trkpt>
<trkpt lat="45.90617801" lon="6.85731148">
<ele>1154.5087</ele>
<time>2026-05-08T06:47:31Z</time>
</trkpt>
<trkpt lat="45.9060497" lon="6.85713482">
<ele>1155.7559</ele>
<time>2026-05-08T06:47:32Z</time>
</trkpt>
<trkpt lat="45.90592704" lon="6.85695643">
<ele>1156.9872</ele>
<time>2026-05-08T06:47:33Z</time>
</trkpt>
<trkpt lat="45.90579085" lon="6.85677858">
<ele>1158.2238</ele>
<time>2026-05-08T06:47:34Z</time>
</trkpt>
<trkpt lat="45.90566524" lon="6.85659704">
<ele>1159.4868</ele>
<time>2026-05-08T06:47:35Z</time>
</trkpt>
<trkpt lat="45.90553353" lon="6.85642029">
<ele>1160.7393</ele>
<time>2026-05-08T06:47:36Z</time>
</trkpt>
<trkpt lat="45.90540979" lon="6.85623281">
<ele>1161.9548</ele>
<time>2026-05-08T06:47:37Z</time>
</trkpt>
<trkpt lat="45.90527867" lon="6.85605792">
<ele>1163.1808</ele>
<time>2026-05-08T06:47:38Z</time>
</trkpt>
<trkpt lat="45.90514007" lon="6.85587939">
<ele>1164.4121</ele>
<time>2026-05-08T06:47:39Z</time>
</trkpt>
<trkpt lat="45.90500194" lon="6.85571251">
<ele>1165.6382</ele>
<time>2026-05-08T06:47:40Z</time>
</trkpt>
<trkpt lat="45.90485921" lon="6.8555405">
<ele>1166.8273</ele>
<time>2026-05-08T06:47:41Z</time>
</trkpt>
<trkpt lat="45.90470927" lon="6.85536735">
<ele>1168.0004</ele>
<time>2026-05-08T06:47:42Z</time>
</trkpt>
<trkpt lat="45.90457693" lon="6.85522491">
<ele>1169.1525</ele>
<time>2026-05-08T06:47:43Z</time>
</trkpt>
<trkpt lat="45.90450174" lon="6.85512659">
<ele>1170.2411</ele>
<time>2026-05-08T06:47:44Z</time>
</trkpt>
<trkpt lat="45.90440155" lon="6.85498329">
<ele>1171.2716</ele>
<time>2026-05-08T06:47:45Z</time>
</trkpt>
<trkpt lat="45.90432088" lon="6.85484285">
<ele>1172.2493</ele>
<time>2026-05-08T06:47:46Z</time>
</trkpt>
<trkpt lat="45.90424908" lon="6.854705">
<ele>1173.1847</ele>
<time>2026-05-08T06:47:47Z</time>
</trkpt>
<trkpt lat="45.9041805" lon="6.85458615">
<ele>1174.046</ele>
<time>2026-05-08T06:47:48Z</time>
</trkpt>
<trkpt lat="45.90409795" lon="6.85449673">
<ele>1174.8705</ele>
<time>2026-05-08T06:47:49Z</time>
</trkpt>
<trkpt lat="45.90403428" lon="6.85448727">
<ele>1175.6472</ele>
<time>2026-05-08T06:47:50Z</time>
</trkpt>
<trkpt lat="45.90396952" lon="6.85448567">
<ele>1176.3923</ele>
<time>2026-05-08T06:47:51Z</time>
</trkpt>
<trkpt lat="45.90387918" lon="6.8545114">
<ele>1177.1058</ele>
<time>2026-05-08T06:47:52Z</time>
</trkpt>
<trkpt lat="45.90381877" lon="6.85457406">
<ele>1177.7928</ele>
<time>2026-05-08T06:47:53Z</time>
</trkpt>
<trkpt lat="45.90377436" lon="6.85467968">
<ele>1178.4481</ele>
<time>2026-05-08T06:47:54Z</time>
</trkpt>
<trkpt lat="45.90375385" lon="6.85483296">
<ele>1179.0876</ele>
<time>2026-05-08T06:47:55Z</time>
</trkpt>
<trkpt lat="45.90373071" lon="6.85506652">
<ele>1180.34</ele>
<time>2026-05-08T06:47:57Z</time>
</trkpt>
<trkpt lat="45.90374452" lon="6.85517467">
<ele>1180.9636</ele>
<time>2026-05-08T06:47:58Z</time>
</trkpt>
<trkpt lat="45.90379637" lon="6.85528678">
<ele>1181.5819</ele>
<time>2026-05-08T06:47:59Z</time>
</trkpt>
<trkpt lat="45.90388304" lon="6.85546408">
<ele>1182.2108</ele>
<time>2026-05-08T06:48:00Z</time>
</trkpt>
<trkpt lat="45.9039616" lon="6.85561176">
<ele>1182.882</ele>
<time>2026-05-08T06:48:01Z</time>
</trkpt>
<trkpt lat="45.90402746" lon="6.85576143">
<ele>1183.5847</ele>
<time>2026-05-08T06:48:02Z</time>
</trkpt>
<trkpt lat="45.90405966" lon="6.85592626">
<ele>1184.33</ele>
<time>2026-05-08T06:48:03Z</time>
</trkpt>
<trkpt lat="45.90408775" lon="6.85610443">
<ele>1185.1173</ele>
<time>2026-05-08T06:48:05Z</time>
</trkpt>
<trkpt lat="45.90411371" lon="6.85631631">
<ele>1185.9523</ele>
<time>2026-05-08T06:48:06Z</time>
</trkpt>
<trkpt lat="45.90416041" lon="6.8565587">
<ele>1186.8242</ele>
<time>2026-05-08T06:48:07Z</time>
</trkpt>
<trkpt lat="45.9041848" lon="6.85677653">
<ele>1187.7438</ele>
<time>2026-05-08T06:48:08Z</time>
</trkpt>
<trkpt lat="45.90421172" lon="6.85701011">
<ele>1188.6846</ele>
<time>2026-05-08T06:48:09Z</time>
</trkpt>
<trkpt lat="45.90424576" lon="6.85722836">
<ele>1189.6251</ele>
<time>2026-05-08T06:48:10Z</time>
</trkpt>
<trkpt lat="45.90428799" lon="6.85747389">
<ele>1190.5975</ele>
<time>2026-05-08T06:48:11Z</time>
</trkpt>
<trkpt lat="45.90433042" lon="6.85771608">
<ele>1191.57</ele>
<time>2026-05-08T06:48:12Z</time>
</trkpt>
<trkpt lat="45.9043661" lon="6.85793742">
<ele>1192.5581</ele>
<time>2026-05-08T06:48:13Z</time>
</trkpt>
<trkpt lat="45.90440175" lon="6.85815659">
<ele>1193.5569</ele>
<time>2026-05-08T06:48:14Z</time>
</trkpt>
<trkpt lat="45.90444314" lon="6.85840103">
<ele>1194.5398</ele>
<time>2026-05-08T06:48:15Z</time>
</trkpt>
<trkpt lat="45.90446212" lon="6.85860226">
<ele>1195.5387</ele>
<time>2026-05-08T06:48:16Z</time>
</trkpt>
<trkpt lat="45.90448342" lon="6.85879939">
<ele>1196.5375</ele>
<time>2026-05-08T06:48:17Z</time>
</trkpt>
<trkpt lat="45.90451713" lon="6.85899891">
<ele>1197.5309</ele>
<time>2026-05-08T06:48:18Z</time>
</trkpt>
<trkpt lat="45.90455321" lon="6.85919956">
<ele>1198.5085</ele>
<time>2026-05-08T06:48:19Z</time>
</trkpt>
<trkpt lat="45.90458848" lon="6.8593889">
<ele>1199.481</ele>
<time>2026-05-08T06:48:20Z</time>
</trkpt>
<trkpt lat="45.90463882" lon="6.85956729">
<ele>1200.4216</ele>
<time>2026-05-08T06:48:21Z</time>
</trkpt>
<trkpt lat="45.90471636" lon="6.85971488">
<ele>1201.4047</ele>
<time>2026-05-08T06:48:22Z</time>
</trkpt>
<trkpt lat="45.90481242" lon="6.8598977">
<ele>1202.3453</ele>
<time>2026-05-08T06:48:23Z</time>
</trkpt>
<trkpt lat="45.90489874" lon="6.86001577">
<ele>1203.2648</ele>
<time>2026-05-08T06:48:24Z</time>
</trkpt>
<trkpt lat="45.90500407" lon="6.86011502">
<ele>1204.1843</ele>
<time>2026-05-08T06:48:25Z</time>
</trkpt>
<trkpt lat="45.90509836" lon="6.86020479">
<ele>1205.0774</ele>
<time>2026-05-08T06:48:26Z</time>
</trkpt>
<trkpt lat="45.90519426" lon="6.86029518">
<ele>1205.9547</ele>
<time>2026-05-08T06:48:27Z</time>
</trkpt>
<trkpt lat="45.90530789" lon="6.86037043">
<ele>1206.8055</ele>
<time>2026-05-08T06:48:28Z</time>
</trkpt>
<trkpt lat="45.90540516" lon="6.86045112">
<ele>1207.614</ele>
<time>2026-05-08T06:48:29Z</time>
</trkpt>
<trkpt lat="45.90548925" lon="6.86052551">
<ele>1208.375</ele>
<time>2026-05-08T06:48:30Z</time>
</trkpt>
<trkpt lat="45.90556447" lon="6.86060303">
<ele>1209.0938</ele>
<time>2026-05-08T06:48:31Z</time>
</trkpt>
<trkpt lat="45.9056287" lon="6.86067999">
<ele>1209.7755</ele>
<time>2026-05-08T06:48:32Z</time>
</trkpt>
<trkpt lat="45.90568122" lon="6.86076974">
<ele>1210.4149</ele>
<time>2026-05-08T06:48:33Z</time>
</trkpt>
<trkpt lat="45.90569381" lon="6.86087418">
<ele>1211.0385</ele>
<time>2026-05-08T06:48:34Z</time>
</trkpt>
<trkpt lat="45.9056879" lon="6.86097927">
<ele>1211.6462</ele>
<time>2026-05-08T06:48:35Z</time>
</trkpt>
<trkpt lat="45.90566037" lon="6.86109483">
<ele>1212.254</ele>
<time>2026-05-08T06:48:36Z</time>
</trkpt>
<trkpt lat="45.90560915" lon="6.86117099">
<ele>1212.8458</ele>
<time>2026-05-08T06:48:37Z</time>
</trkpt>
<trkpt lat="45.90553816" lon="6.86120745">
<ele>1213.4219</ele>
<time>2026-05-08T06:48:38Z</time>
</trkpt>
<trkpt lat="45.90546009" lon="6.86122204">
<ele>1214.0032</ele>
<time>2026-05-08T06:48:39Z</time>
</trkpt>
<trkpt lat="45.90540341" lon="6.86124906">
<ele>1214.5845</ele>
<time>2026-05-08T06:48:40Z</time>
</trkpt>
<trkpt lat="45.90535237" lon="6.86121398">
<ele>1215.1711</ele>
<time>2026-05-08T06:48:41Z</time>
</trkpt>
<trkpt lat="45.9052263" lon="6.86110044">
<ele>1215.7947</ele>
<time>2026-05-08T06:48:42Z</time>
</trkpt>
<trkpt lat="45.90512579" lon="6.86097705">
<ele>1216.4553</ele>
<time>2026-05-08T06:48:43Z</time>
</trkpt>
<trkpt lat="45.90502073" lon="6.86086653">
<ele>1217.1635</ele>
<time>2026-05-08T06:48:44Z</time>
</trkpt>
<trkpt lat="45.90488448" lon="6.86073229">
<ele>1217.9191</ele>
<time>2026-05-08T06:48:45Z</time>
</trkpt>
<trkpt lat="45.90475661" lon="6.86061644">
<ele>1218.7277</ele>
<time>2026-05-08T06:48:46Z</time>
</trkpt>
<trkpt lat="45.9046118" lon="6.86047474">
<ele>1219.5891</ele>
<time>2026-05-08T06:48:47Z</time>
</trkpt>
<trkpt lat="45.90446297" lon="6.8603321">
<ele>1220.4716</ele>
<time>2026-05-08T06:48:48Z</time>
</trkpt>
<trkpt lat="45.90431616" lon="6.8601917">
<ele>1221.4122</ele>
<time>2026-05-08T06:48:49Z</time>
</trkpt>
<trkpt lat="45.90416919" lon="6.86007785">
<ele>1222.3794</ele>
<time>2026-05-08T06:48:50Z</time>
</trkpt>
<trkpt lat="45.90403401" lon="6.85996119">
<ele>1223.3623</ele>
<time>2026-05-08T06:48:51Z</time>
</trkpt>
<trkpt lat="45.90389286" lon="6.85982812">
<ele>1224.3717</ele>
<time>2026-05-08T06:48:52Z</time>
</trkpt>
<trkpt lat="45.90374841" lon="6.85971297">
<ele>1225.3969</ele>
<time>2026-05-08T06:48:53Z</time>
</trkpt>
<trkpt lat="45.90359365" lon="6.85957814">
<ele>1226.4062</ele>
<time>2026-05-08T06:48:54Z</time>
</trkpt>
<trkpt lat="45.90347027" lon="6.85943436">
<ele>1227.4103</ele>
<time>2026-05-08T06:48:55Z</time>
</trkpt>
<trkpt lat="45.90333935" lon="6.85929216">
<ele>1228.4462</ele>
<time>2026-05-08T06:48:56Z</time>
</trkpt>
<trkpt lat="45.90320163" lon="6.85913601">
<ele>1229.4924</ele>
<time>2026-05-08T06:48:57Z</time>
</trkpt>
<trkpt lat="45.90309866" lon="6.85896397">
<ele>1230.5547</ele>
<time>2026-05-08T06:48:58Z</time>
</trkpt>
<trkpt lat="45.90298268" lon="6.85878781">
<ele>1231.6328</ele>
<time>2026-05-08T06:48:59Z</time>
</trkpt>
<trkpt lat="45.90288365" lon="6.85858623">
<ele>1232.7162</ele>
<time>2026-05-08T06:49:00Z</time>
</trkpt>
<trkpt lat="45.90279388" lon="6.85839487">
<ele>1233.8152</ele>
<time>2026-05-08T06:49:01Z</time>
</trkpt>
<trkpt lat="45.90266114" lon="6.85814143">
<ele>1234.9409</ele>
<time>2026-05-08T06:49:02Z</time>
</trkpt>
<trkpt lat="45.90259678" lon="6.85797235">
<ele>1236.0718</ele>
<time>2026-05-08T06:49:03Z</time>
</trkpt>
<trkpt lat="45.90251839" lon="6.85777514">
<ele>1237.2026</ele>
<time>2026-05-08T06:49:04Z</time>
</trkpt>
<trkpt lat="45.90242783" lon="6.85761146">
<ele>1238.3655</ele>
<time>2026-05-08T06:49:05Z</time>
</trkpt>
<trkpt lat="45.90233734" lon="6.85739871">
<ele>1239.5544</ele>
<time>2026-05-08T06:49:06Z</time>
</trkpt>
<trkpt lat="45.90225064" lon="6.85720318">
<ele>1240.7065</ele>
<time>2026-05-08T06:49:07Z</time>
</trkpt>
<trkpt lat="45.90212909" lon="6.856982">
<ele>1241.8585</ele>
<time>2026-05-08T06:49:08Z</time>
</trkpt>
<trkpt lat="45.90200685" lon="6.85680285">
<ele>1243.0052</ele>
<time>2026-05-08T06:49:09Z</time>
</trkpt>
<trkpt lat="45.90188494" lon="6.85663559">
<ele>1244.1573</ele>
<time>2026-05-08T06:49:10Z</time>
</trkpt>
<trkpt lat="45.90176762" lon="6.85646349">
<ele>1245.3093</ele>
<time>2026-05-08T06:49:11Z</time>
</trkpt>
<trkpt lat="45.90164474" lon="6.85629818">
<ele>1246.4456</ele>
<time>2026-05-08T06:49:12Z</time>
</trkpt>
<trkpt lat="45.90152687" lon="6.85613037">
<ele>1247.5448</ele>
<time>2026-05-08T06:49:13Z</time>
</trkpt>
<trkpt lat="45.90141301" lon="6.85596789">
<ele>1248.6493</ele>
<time>2026-05-08T06:49:14Z</time>
</trkpt>
<trkpt lat="45.90128863" lon="6.85581071">
<ele>1249.759</ele>
<time>2026-05-08T06:49:15Z</time>
</trkpt>
<trkpt lat="45.9011539" lon="6.85566017">
<ele>1250.8846</ele>
<time>2026-05-08T06:49:16Z</time>
</trkpt>
<trkpt lat="45.90102645" lon="6.8555338">
<ele>1251.9945</ele>
<time>2026-05-08T06:49:17Z</time>
</trkpt>
<trkpt lat="45.9009061" lon="6.8553965">
<ele>1253.1201</ele>
<time>2026-05-08T06:49:18Z</time>
</trkpt>
<trkpt lat="45.90079292" lon="6.85525726">
<ele>1254.2457</ele>
<time>2026-05-08T06:49:19Z</time>
</trkpt>
<trkpt lat="45.90067037" lon="6.85510779">
<ele>1255.3661</ele>
<time>2026-05-08T06:49:20Z</time>
</trkpt>
<trkpt lat="45.9005678" lon="6.85495974">
<ele>1256.5076</ele>
<time>2026-05-08T06:49:21Z</time>
</trkpt>
<trkpt lat="45.9004502" lon="6.85479336">
<ele>1257.612</ele>
<time>2026-05-08T06:49:22Z</time>
</trkpt>
<trkpt lat="45.90035409" lon="6.85461899">
<ele>1258.6902</ele>
<time>2026-05-08T06:49:23Z</time>
</trkpt>
<trkpt lat="45.90026594" lon="6.85443377">
<ele>1259.7628</ele>
<time>2026-05-08T06:49:24Z</time>
</trkpt>
<trkpt lat="45.90019748" lon="6.85424401">
<ele>1260.767</ele>
<time>2026-05-08T06:49:25Z</time>
</trkpt>
<trkpt lat="45.90016217" lon="6.85410556">
<ele>1261.7129</ele>
<time>2026-05-08T06:49:26Z</time>
</trkpt>
<trkpt lat="45.90013979" lon="6.85393717">
<ele>1262.6113</ele>
<time>2026-05-08T06:49:27Z</time>
</trkpt>
<trkpt lat="45.90009542" lon="6.85376187">
<ele>1263.4569</ele>
<time>2026-05-08T06:49:28Z</time>
</trkpt>
<trkpt lat="45.90006799" lon="6.8537002">
<ele>1264.2919</ele>
<time>2026-05-08T06:49:29Z</time>
</trkpt>
<trkpt lat="45.89999449" lon="6.85359016">
<ele>1265.0739</ele>
<time>2026-05-08T06:49:30Z</time>
</trkpt>
<trkpt lat="45.89992028" lon="6.85355524">
<ele>1265.8138</ele>
<time>2026-05-08T06:49:31Z</time>
</trkpt>
<trkpt lat="45.89983246" lon="6.85353747">
<ele>1266.5271</ele>
<time>2026-05-08T06:49:32Z</time>
</trkpt>
<trkpt lat="45.89976227" lon="6.85357192">
<ele>1267.2249</ele>
<time>2026-05-08T06:49:33Z</time>
</trkpt>
<trkpt lat="45.89970446" lon="6.85362226">
<ele>1267.8959</ele>
<time>2026-05-08T06:49:34Z</time>
</trkpt>
<trkpt lat="45.89962781" lon="6.85373599">
<ele>1268.5354</ele>
<time>2026-05-08T06:49:35Z</time>
</trkpt>
<trkpt lat="45.89960755" lon="6.85384878">
<ele>1269.1432</ele>
<time>2026-05-08T06:49:36Z</time>
</trkpt>
<trkpt lat="45.89960525" lon="6.85399049">
<ele>1269.7245</ele>
<time>2026-05-08T06:49:37Z</time>
</trkpt>
<trkpt lat="45.89964367" lon="6.85413337">
<ele>1270.2952</ele>
<time>2026-05-08T06:49:38Z</time>
</trkpt>
<trkpt lat="45.89970863" lon="6.85424613">
<ele>1270.8553</ele>
<time>2026-05-08T06:49:39Z</time>
</trkpt>
<trkpt lat="45.89978714" lon="6.85434316">
<ele>1271.3997</ele>
<time>2026-05-08T06:49:40Z</time>
</trkpt>
<trkpt lat="45.89986749" lon="6.8544402">
<ele>1271.9387</ele>
<time>2026-05-08T06:49:41Z</time>
</trkpt>
<trkpt lat="45.89993426" lon="6.85452625">
<ele>1272.483</ele>
<time>2026-05-08T06:49:42Z</time>
</trkpt>
<trkpt lat="45.89997675" lon="6.85462444">
<ele>1273.0802</ele>
<time>2026-05-08T06:49:43Z</time>
</trkpt>
<trkpt lat="45.9000173" lon="6.8547481">
<ele>1273.7037</ele>
<time>2026-05-08T06:49:44Z</time>
</trkpt>
<trkpt lat="45.90003916" lon="6.8548642">
<ele>1274.359</ele>
<time>2026-05-08T06:49:45Z</time>
</trkpt>
<trkpt lat="45.90006279" lon="6.85500092">
<ele>1275.0408</ele>
<time>2026-05-08T06:49:46Z</time>
</trkpt>
<trkpt lat="45.90007958" lon="6.85519139">
<ele>1275.7542</ele>
<time>2026-05-08T06:49:47Z</time>
</trkpt>
<trkpt lat="45.90009971" lon="6.85534173">
<ele>1276.4994</ele>
<time>2026-05-08T06:49:48Z</time>
</trkpt>
<trkpt lat="45.90013151" lon="6.85553878">
<ele>1277.2815</ele>
<time>2026-05-08T06:49:49Z</time>
</trkpt>
<trkpt lat="45.90014549" lon="6.85571739">
<ele>1278.053</ele>
<time>2026-05-08T06:49:50Z</time>
</trkpt>
<trkpt lat="45.90017599" lon="6.85591906">
<ele>1278.851</ele>
<time>2026-05-08T06:49:51Z</time>
</trkpt>
<trkpt lat="45.90022694" lon="6.85614565">
<ele>1279.6489</ele>
<time>2026-05-08T06:49:52Z</time>
</trkpt>
<trkpt lat="45.9002623" lon="6.85633342">
<ele>1280.4628</ele>
<time>2026-05-08T06:49:53Z</time>
</trkpt>
<trkpt lat="45.90029648" lon="6.85650021">
<ele>1281.2925</ele>
<time>2026-05-08T06:49:54Z</time>
</trkpt>
<trkpt lat="45.9003421" lon="6.85668035">
<ele>1282.1222</ele>
<time>2026-05-08T06:49:55Z</time>
</trkpt>
<trkpt lat="45.90039036" lon="6.85687194">
<ele>1282.9625</ele>
<time>2026-05-08T06:49:56Z</time>
</trkpt>
<trkpt lat="45.900435" lon="6.85705738">
<ele>1283.8134</ele>
<time>2026-05-08T06:49:57Z</time>
</trkpt>
<trkpt lat="45.90047621" lon="6.85722883">
<ele>1284.643</ele>
<time>2026-05-08T06:49:58Z</time>
</trkpt>
<trkpt lat="45.90052127" lon="6.85738603">
<ele>1285.4674</ele>
<time>2026-05-08T06:49:59Z</time>
</trkpt>
<trkpt lat="45.90056734" lon="6.85754485">
<ele>1286.2919</ele>
<time>2026-05-08T06:50:00Z</time>
</trkpt>
<trkpt lat="45.90061459" lon="6.85771416">
<ele>1287.095</ele>
<time>2026-05-08T06:50:01Z</time>
</trkpt>
<trkpt lat="45.90065854" lon="6.85787627">
<ele>1287.8983</ele>
<time>2026-05-08T06:50:02Z</time>
</trkpt>
<trkpt lat="45.9007076" lon="6.85805283">
<ele>1288.7122</ele>
<time>2026-05-08T06:50:03Z</time>
</trkpt>
<trkpt lat="45.90075989" lon="6.85820821">
<ele>1289.5365</ele>
<time>2026-05-08T06:50:04Z</time>
</trkpt>
<trkpt lat="45.9007992" lon="6.85835296">
<ele>1290.3503</ele>
<time>2026-05-08T06:50:05Z</time>
</trkpt>
<trkpt lat="45.90083816" lon="6.8585084">
<ele>1291.1696</ele>
<time>2026-05-08T06:50:06Z</time>
</trkpt>
<trkpt lat="45.90087097" lon="6.85866594">
<ele>1291.9253</ele>
<time>2026-05-08T06:50:07Z</time>
</trkpt>
<trkpt lat="45.90090845" lon="6.85880637">
<ele>1292.6492</ele>
<time>2026-05-08T06:50:08Z</time>
</trkpt>
<trkpt lat="45.9009332" lon="6.85894906">
<ele>1293.2727</ele>
<time>2026-05-08T06:50:09Z</time>
</trkpt>
<trkpt lat="45.90095783" lon="6.85908106">
<ele>1293.8329</ele>
<time>2026-05-08T06:50:10Z</time>
</trkpt>
<trkpt lat="45.90097497" lon="6.85917954">
<ele>1294.3826</ele>
<time>2026-05-08T06:50:11Z</time>
</trkpt>
<trkpt lat="45.90098835" lon="6.85929748">
<ele>1294.8899</ele>
<time>2026-05-08T06:50:12Z</time>
</trkpt>
<trkpt lat="45.90099722" lon="6.85940474">
<ele>1295.3708</ele>
<time>2026-05-08T06:50:13Z</time>
</trkpt>
<trkpt lat="45.90101078" lon="6.85952015">
<ele>1295.8358</ele>
<time>2026-05-08T06:50:14Z</time>
</trkpt>
<trkpt lat="45.90100792" lon="6.85951652">
<ele>1296.2798</ele>
<time>2026-05-08T06:50:15Z</time>
</trkpt>
<trkpt lat="45.90100894" lon="6.85954992">
<ele>1296.6973</ele>
<time>2026-05-08T06:50:16Z</time>
</trkpt>
<trkpt lat="45.90100315" lon="6.85960164">
<ele>1297.1041</ele>
<time>2026-05-08T06:50:17Z</time>
</trkpt>
<trkpt lat="45.90099997" lon="6.859635">
<ele>1297.4899</ele>
<time>2026-05-08T06:50:18Z</time>
</trkpt>
<trkpt lat="45.90099174" lon="6.85967563">
<ele>1297.8652</ele>
<time>2026-05-08T06:50:19Z</time>
</trkpt>
<trkpt lat="45.90098684" lon="6.85971596">
<ele>1298.2404</ele>
<time>2026-05-08T06:50:20Z</time>
</trkpt>
<trkpt lat="45.90098076" lon="6.85976621">
<ele>1298.5996</ele>
<time>2026-05-08T06:50:21Z</time>
</trkpt>
<trkpt lat="45.90097308" lon="6.85980503">
<ele>1298.9431</ele>
<time>2026-05-08T06:50:22Z</time>
</trkpt>
<trkpt lat="45.90096543" lon="6.85983918">
<ele>1299.2709</ele>
<time>2026-05-08T06:50:23Z</time>
</trkpt>
<trkpt lat="45.90096071" lon="6.85987349">
<ele>1299.588</ele>
<time>2026-05-08T06:50:24Z</time>
</trkpt>
<trkpt lat="45.90095632" lon="6.85990831">
<ele>1299.8892</ele>
<time>2026-05-08T06:50:25Z</time>
</trkpt>
<trkpt lat="45.90095159" lon="6.85994939">
<ele>1300.2009</ele>
<time>2026-05-08T06:50:26Z</time>
</trkpt>
<trkpt lat="45.90094463" lon="6.86000923">
<ele>1300.5074</ele>
<time>2026-05-08T06:50:27Z</time>
</trkpt>
<trkpt lat="45.90093458" lon="6.86009906">
<ele>1300.8192</ele>
<time>2026-05-08T06:50:28Z</time>
</trkpt>
<trkpt lat="45.90093168" lon="6.86017781">
<ele>1301.131</ele>
<time>2026-05-08T06:50:29Z</time>
</trkpt>
<trkpt lat="45.90093075" lon="6.86024974">
<ele>1301.4323</ele>
<time>2026-05-08T06:50:30Z</time>
</trkpt>
<trkpt lat="45.90092553" lon="6.860308">
<ele>1301.6912</ele>
<time>2026-05-08T06:50:31Z</time>
</trkpt>
<trkpt lat="45.90093039" lon="6.86037534">
<ele>1301.9343</ele>
<time>2026-05-08T06:50:32Z</time>
</trkpt>
<trkpt lat="45.90092869" lon="6.86041661">
<ele>1302.1615</ele>
<time>2026-05-08T06:50:33Z</time>
</trkpt>
<trkpt lat="45.9009318" lon="6.86044898">
<ele>1302.3942</ele>
<time>2026-05-08T06:50:34Z</time>
</trkpt>
<trkpt lat="45.90093439" lon="6.86045522">
<ele>1302.6053</ele>
<time>2026-05-08T06:50:35Z</time>
</trkpt>
<trkpt lat="45.90093359" lon="6.86045971">
<ele>1302.8115</ele>
<time>2026-05-08T06:50:36Z</time>
</trkpt>
<trkpt lat="45.90092856" lon="6.86045441">
<ele>1303.0071</ele>
<time>2026-05-08T06:50:37Z</time>
</trkpt>
<trkpt lat="45.90092933" lon="6.86046307">
<ele>1303.1869</ele>
<time>2026-05-08T06:50:38Z</time>
</trkpt>
<trkpt lat="45.90093859" lon="6.86047095">
<ele>1303.4034</ele>
<time>2026-05-08T06:50:39Z</time>
</trkpt>
<trkpt lat="45.901046" lon="6.86067178">
<ele>1305.5226</ele>
<time>2026-05-08T06:51:34Z</time>
</trkpt>
<trkpt lat="45.90105234" lon="6.86069459">
<ele>1305.5437</ele>
<time>2026-05-08T06:51:35Z</time>
</trkpt>
<trkpt lat="45.90105474" lon="6.86071434">
<ele>1305.5543</ele>
<time>2026-05-08T06:51:36Z</time>
</trkpt>
<trkpt lat="45.90104838" lon="6.86071156">
<ele>1305.5913</ele>
<time>2026-05-08T06:51:37Z</time>
</trkpt>
<trkpt lat="45.90102965" lon="6.86069945">
<ele>1305.6177</ele>
<time>2026-05-08T06:51:38Z</time>
</trkpt>
<trkpt lat="45.90102432" lon="6.8606957">
<ele>1305.6388</ele>
<time>2026-05-08T06:51:39Z</time>
</trkpt>
<trkpt lat="45.90102473" lon="6.86069551">
<ele>1305.6705</ele>
<time>2026-05-08T06:51:40Z</time>
</trkpt>
<trkpt lat="45.90102753" lon="6.86069476">
<ele>1305.6969</ele>
<time>2026-05-08T06:51:41Z</time>
</trkpt>
<trkpt lat="45.90115055" lon="6.86111271">
<ele>1307.4463</ele>
<time>2026-05-08T06:53:27Z</time>
</trkpt>
<trkpt lat="45.90117033" lon="6.86118718">
<ele>1307.4409</ele>
<time>2026-05-08T06:53:28Z</time>
</trkpt>
<trkpt lat="45.90117801" lon="6.86126641">
<ele>1307.4568</ele>
<time>2026-05-08T06:53:29Z</time>
</trkpt>
<trkpt lat="45.90118433" lon="6.86134063">
<ele>1307.4779</ele>
<time>2026-05-08T06:53:30Z</time>
</trkpt>
<trkpt lat="45.90118716" lon="6.86141269">
<ele>1307.536</ele>
<time>2026-05-08T06:53:31Z</time>
</trkpt>
<trkpt lat="45.89948164" lon="6.86522458">
<ele>1314.7284</ele>
<time>2026-05-08T06:53:54Z</time>
</trkpt>
<trkpt lat="45.89913247" lon="6.86530457">
<ele>1315.2516</ele>
<time>2026-05-08T06:53:55Z</time>
</trkpt>
<trkpt lat="45.89889468" lon="6.86538265">
<ele>1315.6902</ele>
<time>2026-05-08T06:53:56Z</time>
</trkpt>
<trkpt lat="45.89886402" lon="6.86535899">
<ele>1316.1659</ele>
<time>2026-05-08T06:53:57Z</time>
</trkpt>
<trkpt lat="45.8988488" lon="6.86535115">
<ele>1316.8687</ele>
<time>2026-05-08T06:53:59Z</time>
</trkpt>
<trkpt lat="45.89881983" lon="6.8653613">
<ele>1317.318</ele>
<time>2026-05-08T06:54:00Z</time>
</trkpt>
<trkpt lat="45.89879991" lon="6.86537655">
<ele>1317.8464</ele>
<time>2026-05-08T06:54:01Z</time>
</trkpt>
<trkpt lat="45.89878513" lon="6.86538729">
<ele>1318.2638</ele>
<time>2026-05-08T06:54:02Z</time>
</trkpt>
<trkpt lat="45.89877462" lon="6.86539079">
<ele>1318.6654</ele>
<time>2026-05-08T06:54:03Z</time>
</trkpt>
<trkpt lat="45.89876161" lon="6.86539566">
<ele>1319.0302</ele>
<time>2026-05-08T06:54:04Z</time>
</trkpt>
<trkpt lat="45.89875222" lon="6.86539424">
<ele>1319.5056</ele>
<time>2026-05-08T06:54:05Z</time>
</trkpt>
<trkpt lat="45.89873939" lon="6.86539835">
<ele>1320.0605</ele>
<time>2026-05-08T06:54:06Z</time>
</trkpt>
<trkpt lat="45.89872926" lon="6.86540467">
<ele>1320.4042</ele>
<time>2026-05-08T06:54:07Z</time>
</trkpt>
<trkpt lat="45.89871825" lon="6.86542019">
<ele>1320.716</ele>
<time>2026-05-08T06:54:08Z</time>
</trkpt>
<trkpt lat="45.89870354" lon="6.86543376">
<ele>1321.0225</ele>
<time>2026-05-08T06:54:09Z</time>
</trkpt>
<trkpt lat="45.81740689" lon="6.9563823">
<ele>1405.5397</ele>
<time>2026-05-08T07:05:58Z</time>
</trkpt>
<trkpt lat="45.81739083" lon="6.95659491">
<ele>1405.0112</ele>
<time>2026-05-08T07:05:59Z</time>
</trkpt>
<trkpt lat="45.81734232" lon="6.95678103">
<ele>1404.4774</ele>
<time>2026-05-08T07:06:00Z</time>
</trkpt>
<trkpt lat="45.81732009" lon="6.95701422">
<ele>1403.8961</ele>
<time>2026-05-08T07:06:01Z</time>
</trkpt>
<trkpt lat="45.81730682" lon="6.95723166">
<ele>1403.299</ele>
<time>2026-05-08T07:06:02Z</time>
</trkpt>
<trkpt lat="45.81730134" lon="6.95743244">
<ele>1402.6965</ele>
<time>2026-05-08T07:06:03Z</time>
</trkpt>
<trkpt lat="45.8173204" lon="6.95766924">
<ele>1402.1152</ele>
<time>2026-05-08T07:06:04Z</time>
</trkpt>
<trkpt lat="45.81731914" lon="6.95787197">
<ele>1401.5391</ele>
<time>2026-05-08T07:06:05Z</time>
</trkpt>
<trkpt lat="45.8173313" lon="6.95809615">
<ele>1400.9525</ele>
<time>2026-05-08T07:06:06Z</time>
</trkpt>
<trkpt lat="45.81734346" lon="6.95833667">
<ele>1400.3607</ele>
<time>2026-05-08T07:06:07Z</time>
</trkpt>
<trkpt lat="45.81736175" lon="6.95858667">
<ele>1399.7582</ele>
<time>2026-05-08T07:06:08Z</time>
</trkpt>
<trkpt lat="45.81737879" lon="6.95883732">
<ele>1399.1241</ele>
<time>2026-05-08T07:06:09Z</time>
</trkpt>
<trkpt lat="45.81739913" lon="6.95908699">
<ele>1398.4478</ele>
<time>2026-05-08T07:06:10Z</time>
</trkpt>
<trkpt lat="45.81741267" lon="6.95932253">
<ele>1397.7817</ele>
<time>2026-05-08T07:06:11Z</time>
</trkpt>
<trkpt lat="45.81743056" lon="6.95957656">
<ele>1397.1688</ele>
<time>2026-05-08T07:06:12Z</time>
</trkpt>
<trkpt lat="45.817447" lon="6.95982615">
<ele>1396.5505</ele>
<time>2026-05-08T07:06:13Z</time>
</trkpt>
<trkpt lat="45.81783667" lon="6.96224274">
<ele>1388.8085</ele>
<time>2026-05-08T07:06:24Z</time>
</trkpt>
<trkpt lat="45.81787509" lon="6.96253591">
<ele>1388.1902</ele>
<time>2026-05-08T07:06:25Z</time>
</trkpt>
<trkpt lat="45.81789535" lon="6.96268986">
<ele>1387.5983</ele>
<time>2026-05-08T07:06:26Z</time>
</trkpt>
<trkpt lat="45.81794477" lon="6.96281774">
<ele>1387.0328</ele>
<time>2026-05-08T07:06:27Z</time>
</trkpt>
<trkpt lat="45.81798845" lon="6.96296346">
<ele>1386.4515</ele>
<time>2026-05-08T07:06:28Z</time>
</trkpt>
<trkpt lat="45.81803296" lon="6.96309416">
<ele>1385.939</ele>
<time>2026-05-08T07:06:29Z</time>
</trkpt>
<trkpt lat="45.81807021" lon="6.96323756">
<ele>1385.4633</ele>
<time>2026-05-08T07:06:30Z</time>
</trkpt>
<trkpt lat="45.81809448" lon="6.9633827">
<ele>1385.0089</ele>
<time>2026-05-08T07:06:31Z</time>
</trkpt>
<trkpt lat="45.81810244" lon="6.96354304">
<ele>1384.5807</ele>
<time>2026-05-08T07:06:32Z</time>
</trkpt>
<trkpt lat="45.81809599" lon="6.96369397">
<ele>1384.1633</ele>
<time>2026-05-08T07:06:33Z</time>
</trkpt>
<trkpt lat="45.81806211" lon="6.96378139">
<ele>1383.751</ele>
<time>2026-05-08T07:06:34Z</time>
</trkpt>
<trkpt lat="45.81802154" lon="6.96383796">
<ele>1383.36</ele>
<time>2026-05-08T07:06:35Z</time>
</trkpt>
<trkpt lat="45.81795146" lon="6.96388669">
<ele>1382.9742</ele>
<time>2026-05-08T07:06:36Z</time>
</trkpt>
<trkpt lat="45.81784978" lon="6.96396769">
<ele>1382.599</ele>
<time>2026-05-08T07:06:37Z</time>
</trkpt>
<trkpt lat="45.81771656" lon="6.96401187">
<ele>1382.208</ele>
<time>2026-05-08T07:06:38Z</time>
</trkpt>
<trkpt lat="45.81759006" lon="6.96397729">
<ele>1381.7904</ele>
<time>2026-05-08T07:06:39Z</time>
</trkpt>
<trkpt lat="45.81749089" lon="6.96391898">
<ele>1381.3624</ele>
<time>2026-05-08T07:06:40Z</time>
</trkpt>
<trkpt lat="45.81739711" lon="6.96380527">
<ele>1380.9448</ele>
<time>2026-05-08T07:06:41Z</time>
</trkpt>
<trkpt lat="45.8173541" lon="6.96369136">
<ele>1380.5433</ele>
<time>2026-05-08T07:06:42Z</time>
</trkpt>
<trkpt lat="45.81732466" lon="6.96357723">
<ele>1380.0994</ele>
<time>2026-05-08T07:06:43Z</time>
</trkpt>
<trkpt lat="45.81730657" lon="6.96339766">
<ele>1379.6503</ele>
<time>2026-05-08T07:06:44Z</time>
</trkpt>
<trkpt lat="45.8173088" lon="6.96325973">
<ele>1379.1746</ele>
<time>2026-05-08T07:06:45Z</time>
</trkpt>
<trkpt lat="45.81733422" lon="6.9631363">
<ele>1378.6936</ele>
<time>2026-05-08T07:06:46Z</time>
</trkpt>
<trkpt lat="45.81738682" lon="6.96301551">
<ele>1378.2128</ele>
<time>2026-05-08T07:06:47Z</time>
</trkpt>
<trkpt lat="45.8174423" lon="6.96287497">
<ele>1377.7054</ele>
<time>2026-05-08T07:06:48Z</time>
</trkpt>
<trkpt lat="45.81748359" lon="6.96277727">
<ele>1377.214</ele>
<time>2026-05-08T07:06:49Z</time>
</trkpt>
<trkpt lat="45.81753378" lon="6.96259465">
<ele>1376.7119</ele>
<time>2026-05-08T07:06:50Z</time>
</trkpt>
<trkpt lat="45.81757766" lon="6.96240822">
<ele>1376.21</ele>
<time>2026-05-08T07:06:51Z</time>
</trkpt>
<trkpt lat="45.81759632" lon="6.96222822">
<ele>1375.6974</ele>
<time>2026-05-08T07:06:52Z</time>
</trkpt>
<trkpt lat="45.81759382" lon="6.96204799">
<ele>1375.153</ele>
<time>2026-05-08T07:06:53Z</time>
</trkpt>
<trkpt lat="45.81757719" lon="6.9618632">
<ele>1374.6086</ele>
<time>2026-05-08T07:06:54Z</time>
</trkpt>
<trkpt lat="45.81756004" lon="6.96166206">
<ele>1374.0643</ele>
<time>2026-05-08T07:06:55Z</time>
</trkpt>
<trkpt lat="45.81751218" lon="6.96149877">
<ele>1373.5148</ele>
<time>2026-05-08T07:06:56Z</time>
</trkpt>
<trkpt lat="45.81743701" lon="6.96130836">
<ele>1372.9705</ele>
<time>2026-05-08T07:06:57Z</time>
</trkpt>
<trkpt lat="45.81735658" lon="6.96116414">
<ele>1372.3997</ele>
<time>2026-05-08T07:06:58Z</time>
</trkpt>
<trkpt lat="45.8172877" lon="6.96103397">
<ele>1371.8079</ele>
<time>2026-05-08T07:06:59Z</time>
</trkpt>
<trkpt lat="45.81720361" lon="6.96086449">
<ele>1371.2107</ele>
<time>2026-05-08T07:07:00Z</time>
</trkpt>
<trkpt lat="45.81712351" lon="6.96071766">
<ele>1370.6029</ele>
<time>2026-05-08T07:07:01Z</time>
</trkpt>
<trkpt lat="45.81702871" lon="6.96055374">
<ele>1369.974</ele>
<time>2026-05-08T07:07:02Z</time>
</trkpt>
<trkpt lat="45.81694684" lon="6.96039578">
<ele>1369.3346</ele>
<time>2026-05-08T07:07:03Z</time>
</trkpt>
<trkpt lat="45.81688367" lon="6.96021605">
<ele>1368.6898</ele>
<time>2026-05-08T07:07:04Z</time>
</trkpt>
<trkpt lat="45.81682072" lon="6.96002022">
<ele>1367.9922</ele>
<time>2026-05-08T07:07:05Z</time>
</trkpt>
<trkpt lat="45.81677492" lon="6.95981516">
<ele>1367.2894</ele>
<time>2026-05-08T07:07:06Z</time>
</trkpt>
<trkpt lat="45.81673777" lon="6.95959113">
<ele>1366.5865</ele>
<time>2026-05-08T07:07:07Z</time>
</trkpt>
<trkpt lat="45.8167289" lon="6.95935114">
<ele>1365.852</ele>
<time>2026-05-08T07:07:08Z</time>
</trkpt>
<trkpt lat="45.81671571" lon="6.95910683">
<ele>1365.1279</ele>
<time>2026-05-08T07:07:09Z</time>
</trkpt>
<trkpt lat="45.81672849" lon="6.95884505">
<ele>1364.3671</ele>
<time>2026-05-08T07:07:10Z</time>
</trkpt>
<trkpt lat="45.81671394" lon="6.95862466">
<ele>1363.6008</ele>
<time>2026-05-08T07:07:11Z</time>
</trkpt>
<trkpt lat="45.81669641" lon="6.95843971">
<ele>1362.8556</ele>
<time>2026-05-08T07:07:12Z</time>
</trkpt>
<trkpt lat="45.81667344" lon="6.95822668">
<ele>1362.1211</ele>
<time>2026-05-08T07:07:13Z</time>
</trkpt>
<trkpt lat="45.81666921" lon="6.95803375">
<ele>1361.3549</ele>
<time>2026-05-08T07:07:14Z</time>
</trkpt>
<trkpt lat="45.81667528" lon="6.95785428">
<ele>1360.5885</ele>
<time>2026-05-08T07:07:15Z</time>
</trkpt>
<trkpt lat="45.81668252" lon="6.95765368">
<ele>1359.801</ele>
<time>2026-05-08T07:07:16Z</time>
</trkpt>
<trkpt lat="45.8166673" lon="6.95742071">
<ele>1358.9661</ele>
<time>2026-05-08T07:07:17Z</time>
</trkpt>
<trkpt lat="45.81665305" lon="6.95714279">
<ele>1358.1259</ele>
<time>2026-05-08T07:07:18Z</time>
</trkpt>
<trkpt lat="45.81662666" lon="6.95686128">
<ele>1357.2592</ele>
<time>2026-05-08T07:07:19Z</time>
</trkpt>
<trkpt lat="45.81658563" lon="6.95668846">
<ele>1356.3925</ele>
<time>2026-05-08T07:07:20Z</time>
</trkpt>
<trkpt lat="45.81658698" lon="6.95645897">
<ele>1355.4994</ele>
<time>2026-05-08T07:07:21Z</time>
</trkpt>
<trkpt lat="45.81652799" lon="6.95628026">
<ele>1354.5957</ele>
<time>2026-05-08T07:07:22Z</time>
</trkpt>
<trkpt lat="45.81653096" lon="6.95610542">
<ele>1353.7026</ele>
<time>2026-05-08T07:07:23Z</time>
</trkpt>
<trkpt lat="45.81653784" lon="6.95593871">
<ele>1352.8202</ele>
<time>2026-05-08T07:07:24Z</time>
</trkpt>
<trkpt lat="45.81651634" lon="6.9557687">
<ele>1351.9905</ele>
<time>2026-05-08T07:07:25Z</time>
</trkpt>
<trkpt lat="45.81649319" lon="6.9555799">
<ele>1351.1925</ele>
<time>2026-05-08T07:07:26Z</time>
</trkpt>
<trkpt lat="45.81645319" lon="6.95539865">
<ele>1350.4103</ele>
<time>2026-05-08T07:07:27Z</time>
</trkpt>
<trkpt lat="45.81641097" lon="6.95525229">
<ele>1349.6282</ele>
<time>2026-05-08T07:07:28Z</time>
</trkpt>
<trkpt lat="45.81637108" lon="6.95509959">
<ele>1348.8408</ele>
<time>2026-05-08T07:07:29Z</time>
</trkpt>
<trkpt lat="45.81632689" lon="6.95491609">
<ele>1348.0587</ele>
<time>2026-05-08T07:07:30Z</time>
</trkpt>
<trkpt lat="45.81627418" lon="6.95475521">
<ele>1347.2976</ele>
<time>2026-05-08T07:07:31Z</time>
</trkpt>
<trkpt lat="45.8162159" lon="6.95461366">
<ele>1346.563</ele>
<time>2026-05-08T07:07:32Z</time>
</trkpt>
<trkpt lat="45.81616669" lon="6.95448395">
<ele>1345.8339</ele>
<time>2026-05-08T07:07:33Z</time>
</trkpt>
<trkpt lat="45.81609275" lon="6.95437404">
<ele>1345.1256</ele>
<time>2026-05-08T07:07:34Z</time>
</trkpt>
<trkpt lat="45.81601455" lon="6.95426208">
<ele>1344.4281</ele>
<time>2026-05-08T07:07:35Z</time>
</trkpt>
<trkpt lat="45.8159222" lon="6.95415393">
<ele>1343.7782</ele>
<time>2026-05-08T07:07:36Z</time>
</trkpt>
<trkpt lat="45.81581813" lon="6.95405037">
<ele>1343.1385</ele>
<time>2026-05-08T07:07:37Z</time>
</trkpt>
<trkpt lat="45.81572153" lon="6.95399203">
<ele>1342.4991</ele>
<time>2026-05-08T07:07:38Z</time>
</trkpt>
<trkpt lat="45.81560743" lon="6.95393994">
<ele>1341.8597</ele>
<time>2026-05-08T07:07:39Z</time>
</trkpt>
<trkpt lat="45.8154952" lon="6.95390728">
<ele>1341.2521</ele>
<time>2026-05-08T07:07:40Z</time>
</trkpt>
<trkpt lat="45.81538554" lon="6.95389528">
<ele>1340.6548</ele>
<time>2026-05-08T07:07:41Z</time>
</trkpt>
<trkpt lat="45.81210922" lon="6.95873193">
<ele>1318.7976</ele>
<time>2026-05-08T07:08:12Z</time>
</trkpt>
<trkpt lat="45.81199266" lon="6.95889074">
<ele>1317.9098</ele>
<time>2026-05-08T07:08:13Z</time>
</trkpt>
<trkpt lat="45.81187454" lon="6.95905396">
<ele>1317.0009</ele>
<time>2026-05-08T07:08:14Z</time>
</trkpt>
<trkpt lat="45.81175813" lon="6.95918628">
<ele>1316.1024</ele>
<time>2026-05-08T07:08:15Z</time>
</trkpt>
<trkpt lat="45.81164235" lon="6.95932085">
<ele>1315.1987</ele>
<time>2026-05-08T07:08:16Z</time>
</trkpt>
<trkpt lat="45.81149799" lon="6.9594502">
<ele>1314.3162</ele>
<time>2026-05-08T07:08:17Z</time>
</trkpt>
<trkpt lat="45.81135903" lon="6.95957292">
<ele>1313.4337</ele>
<time>2026-05-08T07:08:18Z</time>
</trkpt>
<trkpt lat="45.81122574" lon="6.95969833">
<ele>1312.5565</ele>
<time>2026-05-08T07:08:19Z</time>
</trkpt>
<trkpt lat="45.81108702" lon="6.95982332">
<ele>1311.6898</ele>
<time>2026-05-08T07:08:20Z</time>
</trkpt>
<trkpt lat="45.78290763" lon="6.96615443">
<ele>1206.055</ele>
<time>2026-05-08T07:11:21Z</time>
</trkpt>
<trkpt lat="45.78290458" lon="6.96637719">
<ele>1205.7222</ele>
<time>2026-05-08T07:11:22Z</time>
</trkpt>
<trkpt lat="45.78291567" lon="6.96659658">
<ele>1205.3839</ele>
<time>2026-05-08T07:11:23Z</time>
</trkpt>
<trkpt lat="45.78285582" lon="6.96678623">
<ele>1205.0563</ele>
<time>2026-05-08T07:11:24Z</time>
</trkpt>
<trkpt lat="45.78280953" lon="6.96699278">
<ele>1204.7128</ele>
<time>2026-05-08T07:11:25Z</time>
</trkpt>
<trkpt lat="45.78275264" lon="6.9671731">
<ele>1204.4115</ele>
<time>2026-05-08T07:11:26Z</time>
</trkpt>
<trkpt lat="45.78270494" lon="6.96738052">
<ele>1204.084</ele>
<time>2026-05-08T07:11:27Z</time>
</trkpt>
<trkpt lat="45.7826569" lon="6.96757748">
<ele>1203.7668</ele>
<time>2026-05-08T07:11:28Z</time>
</trkpt>
<trkpt lat="45.78260671" lon="6.96779151">
<ele>1203.4445</ele>
<time>2026-05-08T07:11:29Z</time>
</trkpt>
<trkpt lat="45.78256553" lon="6.96799807">
<ele>1203.1168</ele>
<time>2026-05-08T07:11:30Z</time>
</trkpt>
<trkpt lat="45.78251406" lon="6.96820795">
<ele>1202.8103</ele>
<time>2026-05-08T07:11:31Z</time>
</trkpt>
<trkpt lat="45.78245752" lon="6.96840748">
<ele>1202.488</ele>
<time>2026-05-08T07:11:32Z</time>
</trkpt>
<trkpt lat="45.78239422" lon="6.96860563">
<ele>1202.1709</ele>
<time>2026-05-08T07:11:33Z</time>
</trkpt>
<trkpt lat="45.78233578" lon="6.96879371">
<ele>1201.8644</ele>
<time>2026-05-08T07:11:34Z</time>
</trkpt>
<trkpt lat="45.78227327" lon="6.96898273">
<ele>1201.5631</ele>
<time>2026-05-08T07:11:35Z</time>
</trkpt>
<trkpt lat="45.78220172" lon="6.96916898">
<ele>1201.262</ele>
<time>2026-05-08T07:11:36Z</time>
</trkpt>
<trkpt lat="45.78212853" lon="6.96936567">
<ele>1200.9554</ele>
<time>2026-05-08T07:11:37Z</time>
</trkpt>
<trkpt lat="45.78205518" lon="6.96955266">
<ele>1200.6648</ele>
<time>2026-05-08T07:11:38Z</time>
</trkpt>
<trkpt lat="45.78197556" lon="6.9697217">
<ele>1200.3846</ele>
<time>2026-05-08T07:11:39Z</time>
</trkpt>
<trkpt lat="45.78189942" lon="6.96989341">
<ele>1200.0781</ele>
<time>2026-05-08T07:11:40Z</time>
</trkpt>
<trkpt lat="45.78181811" lon="6.9700739">
<ele>1199.7981</ele>
<time>2026-05-08T07:11:41Z</time>
</trkpt>
<trkpt lat="45.78173303" lon="6.97025114">
<ele>1199.4968</ele>
<time>2026-05-08T07:11:42Z</time>
</trkpt>
<trkpt lat="45.78164437" lon="6.97041628">
<ele>1199.1798</ele>
<time>2026-05-08T07:11:43Z</time>
</trkpt>
<trkpt lat="45.78155028" lon="6.97057847">
<ele>1198.8574</ele>
<time>2026-05-08T07:11:44Z</time>
</trkpt>
<trkpt lat="45.78146563" lon="6.97073732">
<ele>1198.5298</ele>
<time>2026-05-08T07:11:45Z</time>
</trkpt>
<trkpt lat="45.78135536" lon="6.97090802">
<ele>1198.2021</ele>
<time>2026-05-08T07:11:46Z</time>
</trkpt>
<trkpt lat="45.78124957" lon="6.97106533">
<ele>1197.8586</ele>
<time>2026-05-08T07:11:47Z</time>
</trkpt>
<trkpt lat="45.78114232" lon="6.97119714">
<ele>1197.5256</ele>
<time>2026-05-08T07:11:48Z</time>
</trkpt>
<trkpt lat="45.78103708" lon="6.9713405">
<ele>1197.1716</ele>
<time>2026-05-08T07:11:49Z</time>
</trkpt>
<trkpt lat="45.78092213" lon="6.97147599">
<ele>1196.7911</ele>
<time>2026-05-08T07:11:50Z</time>
</trkpt>
<trkpt lat="45.78082296" lon="6.97160584">
<ele>1196.4424</ele>
<time>2026-05-08T07:11:51Z</time>
</trkpt>
<trkpt lat="45.78070893" lon="6.97174339">
<ele>1196.1252</ele>
<time>2026-05-08T07:11:52Z</time>
</trkpt>
<trkpt lat="45.78058839" lon="6.97187171">
<ele>1195.787</ele>
<time>2026-05-08T07:11:53Z</time>
</trkpt>
<trkpt lat="45.78045913" lon="6.9720042">
<ele>1195.4858</ele>
<time>2026-05-08T07:11:54Z</time>
</trkpt>
<trkpt lat="45.78031988" lon="6.97213498">
<ele>1195.1476</ele>
<time>2026-05-08T07:11:55Z</time>
</trkpt>
<trkpt lat="45.78017972" lon="6.9722684">
<ele>1194.7618</ele>
<time>2026-05-08T07:11:56Z</time>
</trkpt>
<trkpt lat="45.78002992" lon="6.97239063">
<ele>1194.3655</ele>
<time>2026-05-08T07:11:57Z</time>
</trkpt>
<trkpt lat="45.77989294" lon="6.97251512">
<ele>1193.948</ele>
<time>2026-05-08T07:11:58Z</time>
</trkpt>
<trkpt lat="45.7797472" lon="6.97263271">
<ele>1193.5358</ele>
<time>2026-05-08T07:11:59Z</time>
</trkpt>
<trkpt lat="45.77959551" lon="6.97275765">
<ele>1193.113</ele>
<time>2026-05-08T07:12:00Z</time>
</trkpt>
<trkpt lat="45.77944337" lon="6.97288465">
<ele>1192.648</ele>
<time>2026-05-08T07:12:01Z</time>
</trkpt>
<trkpt lat="45.77929202" lon="6.97301465">
<ele>1192.1829</ele>
<time>2026-05-08T07:12:02Z</time>
</trkpt>
<trkpt lat="45.77914753" lon="6.9731466">
<ele>1191.7179</ele>
<time>2026-05-08T07:12:03Z</time>
</trkpt>
<trkpt lat="45.7789958" lon="6.97327957">
<ele>1191.2212</ele>
<time>2026-05-08T07:12:04Z</time>
</trkpt>
<trkpt lat="45.77884164" lon="6.97340871">
<ele>1190.7296</ele>
<time>2026-05-08T07:12:05Z</time>
</trkpt>
<trkpt lat="45.77868167" lon="6.97354647">
<ele>1190.2277</ele>
<time>2026-05-08T07:12:06Z</time>
</trkpt>
<trkpt lat="45.77852541" lon="6.97368687">
<ele>1189.7045</ele>
<time>2026-05-08T07:12:07Z</time>
</trkpt>
<trkpt lat="45.77835794" lon="6.97382971">
<ele>1189.1654</ele>
<time>2026-05-08T07:12:08Z</time>
</trkpt>
<trkpt lat="45.77819052" lon="6.97396824">
<ele>1188.6</ele>
<time>2026-05-08T07:12:09Z</time>
</trkpt>
<trkpt lat="45.77801959" lon="6.97412117">
<ele>1188.0344</ele>
<time>2026-05-08T07:12:10Z</time>
</trkpt>
<trkpt lat="45.77785293" lon="6.97427456">
<ele>1187.4585</ele>
<time>2026-05-08T07:12:11Z</time>
</trkpt>
<trkpt lat="45.77768141" lon="6.9744217">
<ele>1186.8718</ele>
<time>2026-05-08T07:12:12Z</time>
</trkpt>
<trkpt lat="45.77750215" lon="6.974573">
<ele>1186.2588</ele>
<time>2026-05-08T07:12:13Z</time>
</trkpt>
<trkpt lat="45.77732241" lon="6.97472482">
<ele>1185.6353</ele>
<time>2026-05-08T07:12:14Z</time>
</trkpt>
<trkpt lat="45.77714834" lon="6.97487952">
<ele>1184.9852</ele>
<time>2026-05-08T07:12:15Z</time>
</trkpt>
<trkpt lat="45.77697004" lon="6.97503605">
<ele>1184.3141</ele>
<time>2026-05-08T07:12:16Z</time>
</trkpt>
<trkpt lat="45.77679744" lon="6.97519209">
<ele>1183.6166</ele>
<time>2026-05-08T07:12:17Z</time>
</trkpt>
<trkpt lat="45.77662846" lon="6.97533774">
<ele>1182.919</ele>
<time>2026-05-08T07:12:18Z</time>
</trkpt>
<trkpt lat="45.77645817" lon="6.97548784">
<ele>1182.2003</ele>
<time>2026-05-08T07:12:19Z</time>
</trkpt>
<trkpt lat="45.77628487" lon="6.9756405">
<ele>1181.4392</ele>
<time>2026-05-08T07:12:20Z</time>
</trkpt>
<trkpt lat="45.77611933" lon="6.97578921">
<ele>1180.6625</ele>
<time>2026-05-08T07:12:21Z</time>
</trkpt>
<trkpt lat="45.77596029" lon="6.9759465">
<ele>1179.8486</ele>
<time>2026-05-08T07:12:22Z</time>
</trkpt>
<trkpt lat="45.77580414" lon="6.97609757">
<ele>1179.0347</ele>
<time>2026-05-08T07:12:23Z</time>
</trkpt>
<trkpt lat="45.77566136" lon="6.97625411">
<ele>1178.1997</ele>
<time>2026-05-08T07:12:24Z</time>
</trkpt>
<trkpt lat="45.7755166" lon="6.97640569">
<ele>1177.3912</ele>
<time>2026-05-08T07:12:25Z</time>
</trkpt>
<trkpt lat="45.77537941" lon="6.97656891">
<ele>1176.6144</ele>
<time>2026-05-08T07:12:26Z</time>
</trkpt>
<trkpt lat="45.77523528" lon="6.9767504">
<ele>1175.8481</ele>
<time>2026-05-08T07:12:27Z</time>
</trkpt>
<trkpt lat="45.77509824" lon="6.97693868">
<ele>1175.0977</ele>
<time>2026-05-08T07:12:28Z</time>
</trkpt>
<trkpt lat="45.77497135" lon="6.97713428">
<ele>1174.3525</ele>
<time>2026-05-08T07:12:29Z</time>
</trkpt>
<trkpt lat="45.77484288" lon="6.9773404">
<ele>1173.6444</ele>
<time>2026-05-08T07:12:30Z</time>
</trkpt>
<trkpt lat="45.77472733" lon="6.97755668">
<ele>1172.8993</ele>
<time>2026-05-08T07:12:31Z</time>
</trkpt>
<trkpt lat="45.77461441" lon="6.97777515">
<ele>1172.1912</ele>
<time>2026-05-08T07:12:32Z</time>
</trkpt>
<trkpt lat="45.77450785" lon="6.9779979">
<ele>1171.4778</ele>
<time>2026-05-08T07:12:33Z</time>
</trkpt>
<trkpt lat="45.77382404" lon="6.98033762">
<ele>1164.8772</ele>
<time>2026-05-08T07:12:42Z</time>
</trkpt>
<trkpt lat="45.77380345" lon="6.98061572">
<ele>1164.1215</ele>
<time>2026-05-08T07:12:43Z</time>
</trkpt>
<trkpt lat="45.77375913" lon="6.98093007">
<ele>1163.3605</ele>
<time>2026-05-08T07:12:44Z</time>
</trkpt>
<trkpt lat="45.77373987" lon="6.98124092">
<ele>1162.626</ele>
<time>2026-05-08T07:12:45Z</time>
</trkpt>
<trkpt lat="45.77373774" lon="6.98154086">
<ele>1161.8914</ele>
<time>2026-05-08T07:12:46Z</time>
</trkpt>
<trkpt lat="45.77373205" lon="6.98183891">
<ele>1161.1779</ele>
<time>2026-05-08T07:12:47Z</time>
</trkpt>
<trkpt lat="45.77372754" lon="6.9821511">
<ele>1160.5016</ele>
<time>2026-05-08T07:12:48Z</time>
</trkpt>
<trkpt lat="45.7737305" lon="6.98248338">
<ele>1159.8146</ele>
<time>2026-05-08T07:12:49Z</time>
</trkpt>
<trkpt lat="45.77373974" lon="6.9828218">
<ele>1159.2014</ele>
<time>2026-05-08T07:12:50Z</time>
</trkpt>
<trkpt lat="45.77375422" lon="6.98316004">
<ele>1158.6042</ele>
<time>2026-05-08T07:12:51Z</time>
</trkpt>
<trkpt lat="45.76310129" lon="7.01343949">
<ele>1062.2441</ele>
<time>2026-05-08T07:14:37Z</time>
</trkpt>
<trkpt lat="45.76292589" lon="7.01364019">
<ele>1061.3352</ele>
<time>2026-05-08T07:14:38Z</time>
</trkpt>
<trkpt lat="45.76274287" lon="7.01383657">
<ele>1060.421</ele>
<time>2026-05-08T07:14:39Z</time>
</trkpt>
<trkpt lat="45.76252814" lon="7.01402974">
<ele>1059.4962</ele>
<time>2026-05-08T07:14:40Z</time>
</trkpt>
<trkpt lat="45.76233176" lon="7.01424621">
<ele>1058.6348</ele>
<time>2026-05-08T07:14:41Z</time>
</trkpt>
<trkpt lat="45.7621319" lon="7.01445993">
<ele>1057.7047</ele>
<time>2026-05-08T07:14:42Z</time>
</trkpt>
<trkpt lat="45.76193399" lon="7.01465993">
<ele>1056.764</ele>
<time>2026-05-08T07:14:43Z</time>
</trkpt>
<trkpt lat="45.76172782" lon="7.0148533">
<ele>1055.8075</ele>
<time>2026-05-08T07:14:44Z</time>
</trkpt>
<trkpt lat="45.76153511" lon="7.01506298">
<ele>1054.8405</ele>
<time>2026-05-08T07:14:45Z</time>
</trkpt>
<trkpt lat="45.76133547" lon="7.0152675">
<ele>1053.831</ele>
<time>2026-05-08T07:14:46Z</time>
</trkpt>
<trkpt lat="45.76113813" lon="7.01547335">
<ele>1052.9062</ele>
<time>2026-05-08T07:14:47Z</time>
</trkpt>
<trkpt lat="45.76093173" lon="7.01567605">
<ele>1051.955</ele>
<time>2026-05-08T07:14:48Z</time>
</trkpt>
<trkpt lat="45.76072527" lon="7.01588466">
<ele>1050.9933</ele>
<time>2026-05-08T07:14:49Z</time>
</trkpt>
<trkpt lat="45.76052015" lon="7.01608278">
<ele>1050.0314</ele>
<time>2026-05-08T07:14:50Z</time>
</trkpt>
<trkpt lat="45.76032507" lon="7.01629391">
<ele>1049.0696</ele>
<time>2026-05-08T07:14:51Z</time>
</trkpt>
<trkpt lat="45.76012423" lon="7.0164943">
<ele>1048.1184</ele>
<time>2026-05-08T07:14:52Z</time>
</trkpt>
<trkpt lat="45.75992571" lon="7.01669876">
<ele>1047.183</ele>
<time>2026-05-08T07:14:53Z</time>
</trkpt>
<trkpt lat="45.75971748" lon="7.01690969">
<ele>1046.2212</ele>
<time>2026-05-08T07:14:54Z</time>
</trkpt>
<trkpt lat="45.75951966" lon="7.01710766">
<ele>1045.2594</ele>
<time>2026-05-08T07:14:55Z</time>
</trkpt>
<trkpt lat="45.75932326" lon="7.01731188">
<ele>1044.2922</ele>
<time>2026-05-08T07:14:56Z</time>
</trkpt>
<trkpt lat="45.75912044" lon="7.01752113">
<ele>1043.3146</ele>
<time>2026-05-08T07:14:57Z</time>
</trkpt>
<trkpt lat="45.75891838" lon="7.0177239">
<ele>1042.3105</ele>
<time>2026-05-08T07:14:58Z</time>
</trkpt>
<trkpt lat="45.75872046" lon="7.01792502">
<ele>1041.354</ele>
<time>2026-05-08T07:14:59Z</time>
</trkpt>
<trkpt lat="45.75852025" lon="7.01812757">
<ele>1040.3605</ele>
<time>2026-05-08T07:15:00Z</time>
</trkpt>
<trkpt lat="45.75017356" lon="7.04379605">
<ele>958.93475</ele>
<time>2026-05-08T07:16:29Z</time>
</trkpt>
<trkpt lat="45.75014821" lon="7.0441724">
<ele>958.0417</ele>
<time>2026-05-08T07:16:30Z</time>
</trkpt>
<trkpt lat="45.75012632" lon="7.0445388">
<ele>957.12213</ele>
<time>2026-05-08T07:16:31Z</time>
</trkpt>
<trkpt lat="45.75010404" lon="7.04490169">
<ele>956.17096</ele>
<time>2026-05-08T07:16:32Z</time>
</trkpt>
<trkpt lat="45.75006524" lon="7.04523999">
<ele>955.2144</ele>
<time>2026-05-08T07:16:33Z</time>
</trkpt>
<trkpt lat="45.74998279" lon="7.04556187">
<ele>954.3001</ele>
<time>2026-05-08T07:16:34Z</time>
</trkpt>
<trkpt lat="45.74988768" lon="7.04587968">
<ele>953.3648</ele>
<time>2026-05-08T07:16:35Z</time>
</trkpt>
<trkpt lat="45.74978257" lon="7.04619518">
<ele>952.4347</ele>
<time>2026-05-08T07:16:36Z</time>
</trkpt>
<trkpt lat="45.74965661" lon="7.04649715">
<ele>951.4941</ele>
<time>2026-05-08T07:16:37Z</time>
</trkpt>
<trkpt lat="45.74952036" lon="7.04679901">
<ele>950.51636</ele>
<time>2026-05-08T07:16:38Z</time>
</trkpt>
<trkpt lat="45.74937975" lon="7.04707502">
<ele>949.58624</ele>
<time>2026-05-08T07:16:39Z</time>
</trkpt>
<trkpt lat="45.74920751" lon="7.04735098">
<ele>948.66144</ele>
<time>2026-05-08T07:16:40Z</time>
</trkpt>
<trkpt lat="45.7490506" lon="7.04763142">
<ele>947.7261</ele>
<time>2026-05-08T07:16:41Z</time>
</trkpt>
<trkpt lat="45.74889095" lon="7.04788531">
<ele>946.7801</ele>
<time>2026-05-08T07:16:42Z</time>
</trkpt>
<trkpt lat="45.74872997" lon="7.04814253">
<ele>945.85535</ele>
<time>2026-05-08T07:16:43Z</time>
</trkpt>
<trkpt lat="45.74856945" lon="7.04839905">
<ele>944.92523</ele>
<time>2026-05-08T07:16:44Z</time>
</trkpt>
<trkpt lat="45.74840464" lon="7.04866022">
<ele>943.9845</ele>
<time>2026-05-08T07:16:45Z</time>
</trkpt>
<trkpt lat="45.74824824" lon="7.0489113">
<ele>943.0756</ele>
<time>2026-05-08T07:16:46Z</time>
</trkpt>
<trkpt lat="45.74807128" lon="7.04916683">
<ele>942.1402</ele>
<time>2026-05-08T07:16:47Z</time>
</trkpt>
<trkpt lat="45.74790543" lon="7.04942185">
<ele>941.1942</ele>
<time>2026-05-08T07:16:48Z</time>
</trkpt>
<trkpt lat="45.74774294" lon="7.04968195">
<ele>940.2219</ele>
<time>2026-05-08T07:16:49Z</time>
</trkpt>
<trkpt lat="45.74757584" lon="7.0499437">
<ele>939.23895</ele>
<time>2026-05-08T07:16:50Z</time>
</trkpt>
<trkpt lat="45.74741946" lon="7.05018895">
<ele>938.27185</ele>
<time>2026-05-08T07:16:51Z</time>
</trkpt>
<trkpt lat="45.74727384" lon="7.05042891">
<ele>937.30475</ele>
<time>2026-05-08T07:16:52Z</time>
</trkpt>
<trkpt lat="45.74713483" lon="7.05066716">
<ele>936.3694</ele>
<time>2026-05-08T07:16:53Z</time>
</trkpt>
<trkpt lat="45.74699087" lon="7.05091309">
<ele>935.4869</ele>
<time>2026-05-08T07:16:54Z</time>
</trkpt>
<trkpt lat="45.74686743" lon="7.05115615">
<ele>934.6677</ele>
<time>2026-05-08T07:16:55Z</time>
</trkpt>
<trkpt lat="45.74672278" lon="7.05139076">
<ele>933.8909</ele>
<time>2026-05-08T07:16:56Z</time>
</trkpt>
<trkpt lat="45.74658519" lon="7.051645">
<ele>933.1986</ele>
<time>2026-05-08T07:16:57Z</time>
</trkpt>
<trkpt lat="45.74646998" lon="7.05190031">
<ele>932.58026</ele>
<time>2026-05-08T07:16:58Z</time>
</trkpt>
<trkpt lat="45.74634815" lon="7.05216066">
<ele>931.97253</ele>
<time>2026-05-08T07:16:59Z</time>
</trkpt>
<trkpt lat="45.74623555" lon="7.05242525">
<ele>931.39655</ele>
<time>2026-05-08T07:17:00Z</time>
</trkpt>
<trkpt lat="45.74612335" lon="7.05270086">
<ele>930.8628</ele>
<time>2026-05-08T07:17:01Z</time>
</trkpt>
<trkpt lat="45.7460141" lon="7.0529799">
<ele>930.2973</ele>
<time>2026-05-08T07:17:02Z</time>
</trkpt>
<trkpt lat="45.74592284" lon="7.053258">
<ele>929.6949</ele>
<time>2026-05-08T07:17:03Z</time>
</trkpt>
<trkpt lat="45.7458421" lon="7.05350956">
<ele>929.1347</ele>
<time>2026-05-08T07:17:04Z</time>
</trkpt>
<trkpt lat="45.74575443" lon="7.05377463">
<ele>928.5851</ele>
<time>2026-05-08T07:17:05Z</time>
</trkpt>
<trkpt lat="45.74568141" lon="7.05404668">
<ele>928.0619</ele>
<time>2026-05-08T07:17:06Z</time>
</trkpt>
<trkpt lat="45.74561772" lon="7.05432184">
<ele>927.5705</ele>
<time>2026-05-08T07:17:07Z</time>
</trkpt>
<trkpt lat="45.74554644" lon="7.05459549">
<ele>927.116</ele>
<time>2026-05-08T07:17:08Z</time>
</trkpt>
<trkpt lat="45.74547301" lon="7.0548579">
<ele>926.6879</ele>
<time>2026-05-08T07:17:09Z</time>
</trkpt>
<trkpt lat="45.74540914" lon="7.05512572">
<ele>926.3022</ele>
<time>2026-05-08T07:17:10Z</time>
</trkpt>
<trkpt lat="45.7453346" lon="7.05539108">
<ele>925.94806</ele>
<time>2026-05-08T07:17:11Z</time>
</trkpt>
<trkpt lat="45.7452569" lon="7.05565004">
<ele>925.60986</ele>
<time>2026-05-08T07:17:12Z</time>
</trkpt>
<trkpt lat="45.74518454" lon="7.05590714">
<ele>925.26105</ele>
<time>2026-05-08T07:17:13Z</time>
</trkpt>
<trkpt lat="45.74511089" lon="7.05618359">
<ele>924.90173</ele>
<time>2026-05-08T07:17:14Z</time>
</trkpt>
<trkpt lat="45.74504099" lon="7.05645325">
<ele>924.53705</ele>
<time>2026-05-08T07:17:15Z</time>
</trkpt>
<trkpt lat="45.74496208" lon="7.05672352">
<ele>924.1883</ele>
<time>2026-05-08T07:17:16Z</time>
</trkpt>
<trkpt lat="45.74488463" lon="7.0569802">
<ele>923.8765</ele>
<time>2026-05-08T07:17:17Z</time>
</trkpt>
<trkpt lat="45.74479749" lon="7.0572457">
<ele>923.5488</ele>
<time>2026-05-08T07:17:18Z</time>
</trkpt>
<trkpt lat="45.74471552" lon="7.05749577">
<ele>923.23706</ele>
<time>2026-05-08T07:17:19Z</time>
</trkpt>
<trkpt lat="45.7446216" lon="7.05774271">
<ele>922.91473</ele>
<time>2026-05-08T07:17:20Z</time>
</trkpt>
<trkpt lat="45.74452973" lon="7.0579889">
<ele>922.5817</ele>
<time>2026-05-08T07:17:21Z</time>
</trkpt>
<trkpt lat="45.74442337" lon="7.05822523">
<ele>922.24884</ele>
<time>2026-05-08T07:17:22Z</time>
</trkpt>
<trkpt lat="45.7443167" lon="7.05845829">
<ele>921.9159</ele>
<time>2026-05-08T07:17:23Z</time>
</trkpt>
<trkpt lat="45.74420307" lon="7.05868746">
<ele>921.54596</ele>
<time>2026-05-08T07:17:24Z</time>
</trkpt>
<trkpt lat="45.74408272" lon="7.05891149">
<ele>921.1496</ele>
<time>2026-05-08T07:17:25Z</time>
</trkpt>
<trkpt lat="45.74395946" lon="7.05912024">
<ele>920.73737</ele>
<time>2026-05-08T07:17:26Z</time>
</trkpt>
<trkpt lat="45.743838" lon="7.05931835">
<ele>920.3093</ele>
<time>2026-05-08T07:17:27Z</time>
</trkpt>
<trkpt lat="45.74369806" lon="7.05951875">
<ele>919.8866</ele>
<time>2026-05-08T07:17:28Z</time>
</trkpt>
<trkpt lat="45.74357284" lon="7.05970468">
<ele>919.44794</ele>
<time>2026-05-08T07:17:29Z</time>
</trkpt>
<trkpt lat="45.7434331" lon="7.05988861">
<ele>919.0199</ele>
<time>2026-05-08T07:17:30Z</time>
</trkpt>
<trkpt lat="45.74329513" lon="7.06005936">
<ele>918.58655</ele>
<time>2026-05-08T07:17:31Z</time>
</trkpt>
<trkpt lat="45.74315116" lon="7.06021888">
<ele>918.14795</ele>
<time>2026-05-08T07:17:32Z</time>
</trkpt>
<trkpt lat="45.74300365" lon="7.0603736">
<ele>917.6988</ele>
<time>2026-05-08T07:17:33Z</time>
</trkpt>
<trkpt lat="45.74284451" lon="7.06052517">
<ele>917.26013</ele>
<time>2026-05-08T07:17:34Z</time>
</trkpt>
<trkpt lat="45.74269495" lon="7.06066216">
<ele>916.7898</ele>
<time>2026-05-08T07:17:35Z</time>
</trkpt>
<trkpt lat="45.74252838" lon="7.06080231">
<ele>916.33</ele>
<time>2026-05-08T07:17:36Z</time>
</trkpt>
<trkpt lat="45.74237412" lon="7.06092499">
<ele>915.8492</ele>
<time>2026-05-08T07:17:37Z</time>
</trkpt>
<trkpt lat="45.74222424" lon="7.06104778">
<ele>915.3682</ele>
<time>2026-05-08T07:17:38Z</time>
</trkpt>
<trkpt lat="45.7420629" lon="7.06114965">
<ele>914.8609</ele>
<time>2026-05-08T07:17:39Z</time>
</trkpt>
<trkpt lat="45.74189846" lon="7.06124856">
<ele>914.3588</ele>
<time>2026-05-08T07:17:40Z</time>
</trkpt>
<trkpt lat="45.74173907" lon="7.06134092">
<ele>913.85675</ele>
<time>2026-05-08T07:17:41Z</time>
</trkpt>
<trkpt lat="45.74157565" lon="7.06143025">
<ele>913.3759</ele>
<time>2026-05-08T07:17:42Z</time>
</trkpt>
<trkpt lat="45.73656763" lon="7.07058547">
<ele>884.49005</ele>
<time>2026-05-08T07:18:39Z</time>
</trkpt>
<trkpt lat="45.73662482" lon="7.07080469">
<ele>884.321</ele>
<time>2026-05-08T07:18:40Z</time>
</trkpt>
<trkpt lat="45.73668463" lon="7.07104651">
<ele>884.1677</ele>
<time>2026-05-08T07:18:41Z</time>
</trkpt>
<trkpt lat="45.73674518" lon="7.07126894">
<ele>884.0356</ele>
<time>2026-05-08T07:18:42Z</time>
</trkpt>
<trkpt lat="45.73680742" lon="7.07148001">
<ele>883.9299</ele>
<time>2026-05-08T07:18:43Z</time>
</trkpt>
<trkpt lat="45.73688858" lon="7.07170216">
<ele>883.8454</ele>
<time>2026-05-08T07:18:44Z</time>
</trkpt>
<trkpt lat="45.73696347" lon="7.07192144">
<ele>883.77136</ele>
<time>2026-05-08T07:18:45Z</time>
</trkpt>
<trkpt lat="45.73703951" lon="7.07214311">
<ele>883.71326</ele>
<time>2026-05-08T07:18:46Z</time>
</trkpt>
<trkpt lat="45.73711505" lon="7.07236117">
<ele>883.71326</ele>
<time>2026-05-08T07:18:47Z</time>
</trkpt>
<trkpt lat="45.72562888" lon="7.0978138">
<ele>842.8894</ele>
<time>2026-05-08T07:21:19Z</time>
</trkpt>
<trkpt lat="45.72551364" lon="7.09800939">
<ele>842.7256</ele>
<time>2026-05-08T07:21:20Z</time>
</trkpt>
<trkpt lat="45.7253645" lon="7.09817904">
<ele>842.5671</ele>
<time>2026-05-08T07:21:21Z</time>
</trkpt>
<trkpt lat="45.72523303" lon="7.09838435">
<ele>842.48773</ele>
<time>2026-05-08T07:21:22Z</time>
</trkpt>
<trkpt lat="45.72506918" lon="7.09859871">
<ele>842.43494</ele>
<time>2026-05-08T07:21:23Z</time>
</trkpt>
<trkpt lat="45.72494197" lon="7.09881309">
<ele>842.3768</ele>
<time>2026-05-08T07:21:24Z</time>
</trkpt>
<trkpt lat="45.72482052" lon="7.09902678">
<ele>842.3292</ele>
<time>2026-05-08T07:21:25Z</time>
</trkpt>
<trkpt lat="45.72470028" lon="7.0992741">
<ele>842.29224</ele>
<time>2026-05-08T07:21:26Z</time>
</trkpt>
<trkpt lat="45.72457529" lon="7.09951456">
<ele>842.2446</ele>
<time>2026-05-08T07:21:27Z</time>
</trkpt>
<trkpt lat="45.72444993" lon="7.09977967">
<ele>842.2288</ele>
<time>2026-05-08T07:21:28Z</time>
</trkpt>
<trkpt lat="45.72434358" lon="7.10004625">
<ele>842.2288</ele>
<time>2026-05-08T07:21:29Z</time>
</trkpt>
<trkpt lat="45.72423901" lon="7.1003431">
<ele>842.2394</ele>
<time>2026-05-08T07:21:30Z</time>
</trkpt>
<trkpt lat="45.72413649" lon="7.10064378">
<ele>842.29224</ele>
<time>2026-05-08T07:21:31Z</time>
</trkpt>
<trkpt lat="45.72404599" lon="7.10094704">
<ele>842.49835</ele>
<time>2026-05-08T07:21:32Z</time>
</trkpt>
<trkpt lat="45.72395986" lon="7.10125241">
<ele>842.8313</ele>
<time>2026-05-08T07:21:33Z</time>
</trkpt>
<trkpt lat="45.70716742" lon="7.13166452">
<ele>774.9184</ele>
<time>2026-05-08T07:23:22Z</time>
</trkpt>
<trkpt lat="45.70695399" lon="7.13194174">
<ele>774.52734</ele>
<time>2026-05-08T07:23:23Z</time>
</trkpt>
<trkpt lat="45.70675983" lon="7.13217254">
<ele>774.1362</ele>
<time>2026-05-08T07:23:24Z</time>
</trkpt>
<trkpt lat="45.70656515" lon="7.13240992">
<ele>773.9037</ele>
<time>2026-05-08T07:23:25Z</time>
</trkpt>
<trkpt lat="45.69885538" lon="7.15511546">
<ele>780.9957</ele>
<time>2026-05-08T07:24:51Z</time>
</trkpt>
<trkpt lat="45.69877531" lon="7.1553707">
<ele>780.8054</ele>
<time>2026-05-08T07:24:52Z</time>
</trkpt>
<trkpt lat="45.69872084" lon="7.15560745">
<ele>780.59406</ele>
<time>2026-05-08T07:24:53Z</time>
</trkpt>
<trkpt lat="45.69865964" lon="7.15586823">
<ele>780.3826</ele>
<time>2026-05-08T07:24:54Z</time>
</trkpt>
<trkpt lat="45.69859681" lon="7.15612651">
<ele>780.1396</ele>
<time>2026-05-08T07:24:55Z</time>
</trkpt>
<trkpt lat="45.69853932" lon="7.15637914">
<ele>779.87537</ele>
<time>2026-05-08T07:24:56Z</time>
</trkpt>
<trkpt lat="45.69848972" lon="7.15663658">
<ele>779.46313</ele>
<time>2026-05-08T07:24:57Z</time>
</trkpt>
<trkpt lat="45.698442" lon="7.15689452">
<ele>779.2148</ele>
<time>2026-05-08T07:24:58Z</time>
</trkpt>
<trkpt lat="45.69813905" lon="7.18944143">
<ele>725.7765</ele>
<time>2026-05-08T07:26:34Z</time>
</trkpt>
<trkpt lat="45.69813371" lon="7.18979241">
<ele>725.12646</ele>
<time>2026-05-08T07:26:35Z</time>
</trkpt>
<trkpt lat="45.69812025" lon="7.19018123">
<ele>724.4501</ele>
<time>2026-05-08T07:26:36Z</time>
</trkpt>
<trkpt lat="45.69807995" lon="7.19054113">
<ele>723.7419</ele>
<time>2026-05-08T07:26:37Z</time>
</trkpt>
<trkpt lat="45.69804657" lon="7.19092155">
<ele>722.99677</ele>
<time>2026-05-08T07:26:38Z</time>
</trkpt>
<trkpt lat="45.69801635" lon="7.19128698">
<ele>722.22</ele>
<time>2026-05-08T07:26:39Z</time>
</trkpt>
<trkpt lat="45.69797312" lon="7.19164514">
<ele>721.4431</ele>
<time>2026-05-08T07:26:40Z</time>
</trkpt>
<trkpt lat="45.69792283" lon="7.19199124">
<ele>720.6292</ele>
<time>2026-05-08T07:26:41Z</time>
</trkpt>
<trkpt lat="45.69786996" lon="7.1923428">
<ele>719.7996</ele>
<time>2026-05-08T07:26:42Z</time>
</trkpt>
<trkpt lat="45.69781671" lon="7.19270231">
<ele>718.9434</ele>
<time>2026-05-08T07:26:43Z</time>
</trkpt>
<trkpt lat="45.69775947" lon="7.1930443">
<ele>718.0768</ele>
<time>2026-05-08T07:26:44Z</time>
</trkpt>
<trkpt lat="45.69768941" lon="7.19339313">
<ele>717.1731</ele>
<time>2026-05-08T07:26:45Z</time>
</trkpt>
<trkpt lat="45.69761905" lon="7.19374576">
<ele>716.2906</ele>
<time>2026-05-08T07:26:46Z</time>
</trkpt>
<trkpt lat="45.69753485" lon="7.19410239">
<ele>715.3869</ele>
<time>2026-05-08T07:26:47Z</time>
</trkpt>
<trkpt lat="45.69744369" lon="7.19445084">
<ele>714.47266</ele>
<time>2026-05-08T07:26:48Z</time>
</trkpt>
<trkpt lat="45.6973547" lon="7.19480181">
<ele>713.48444</ele>
<time>2026-05-08T07:26:49Z</time>
</trkpt>
<trkpt lat="45.69726" lon="7.19515475">
<ele>712.4751</ele>
<time>2026-05-08T07:26:50Z</time>
</trkpt>
<trkpt lat="45.6971506" lon="7.19549336">
<ele>711.4445</ele>
<time>2026-05-08T07:26:51Z</time>
</trkpt>
<trkpt lat="45.69703741" lon="7.19581966">
<ele>710.45105</ele>
<time>2026-05-08T07:26:52Z</time>
</trkpt>
<trkpt lat="45.69692706" lon="7.19616835">
<ele>709.4575</ele>
<time>2026-05-08T07:26:53Z</time>
</trkpt>
<trkpt lat="45.69681381" lon="7.19650067">
<ele>708.4534</ele>
<time>2026-05-08T07:26:54Z</time>
</trkpt>
<trkpt lat="45.69669043" lon="7.19682868">
<ele>707.4705</ele>
<time>2026-05-08T07:26:55Z</time>
</trkpt>
<trkpt lat="45.69657347" lon="7.19714716">
<ele>706.4612</ele>
<time>2026-05-08T07:26:56Z</time>
</trkpt>
<trkpt lat="45.69645357" lon="7.19747459">
<ele>705.42004</ele>
<time>2026-05-08T07:26:57Z</time>
</trkpt>
<trkpt lat="45.6963443" lon="7.19777876">
<ele>704.3896</ele>
<time>2026-05-08T07:26:58Z</time>
</trkpt>
<trkpt lat="45.69623293" lon="7.19808731">
<ele>703.4912</ele>
<time>2026-05-08T07:26:59Z</time>
</trkpt>
<trkpt lat="45.70462466" lon="7.23572744">
<ele>640.678</ele>
<time>2026-05-08T07:28:53Z</time>
</trkpt>
<trkpt lat="45.70476827" lon="7.23606956">
<ele>640.3609</ele>
<time>2026-05-08T07:28:54Z</time>
</trkpt>
<trkpt lat="45.7049065" lon="7.23632887">
<ele>640.0386</ele>
<time>2026-05-08T07:28:55Z</time>
</trkpt>
<trkpt lat="45.7050577" lon="7.23662793">
<ele>639.7161</ele>
<time>2026-05-08T07:28:56Z</time>
</trkpt>
<trkpt lat="45.70520446" lon="7.23692421">
<ele>639.40436</ele>
<time>2026-05-08T07:28:57Z</time>
</trkpt>
<trkpt lat="45.70534103" lon="7.2372383">
<ele>639.0926</ele>
<time>2026-05-08T07:28:58Z</time>
</trkpt>
<trkpt lat="45.70548245" lon="7.23754975">
<ele>638.7808</ele>
<time>2026-05-08T07:28:59Z</time>
</trkpt>
<trkpt lat="45.70561837" lon="7.23786124">
<ele>638.4902</ele>
<time>2026-05-08T07:29:00Z</time>
</trkpt>
<trkpt lat="45.70575024" lon="7.23817014">
<ele>638.18884</ele>
<time>2026-05-08T07:29:01Z</time>
</trkpt>
<trkpt lat="45.70587935" lon="7.23848285">
<ele>637.819</ele>
<time>2026-05-08T07:29:02Z</time>
</trkpt>
<trkpt lat="45.70600662" lon="7.23879885">
<ele>637.44904</ele>
<time>2026-05-08T07:29:03Z</time>
</trkpt>
<trkpt lat="45.70613382" lon="7.2391211">
<ele>637.0897</ele>
<time>2026-05-08T07:29:04Z</time>
</trkpt>
<trkpt lat="45.70625232" lon="7.23944604">
<ele>636.73035</ele>
<time>2026-05-08T07:29:05Z</time>
</trkpt>
<trkpt lat="45.70637311" lon="7.23977572">
<ele>636.36566</ele>
<time>2026-05-08T07:29:06Z</time>
</trkpt>
<trkpt lat="45.70648625" lon="7.2401133">
<ele>636.0116</ele>
<time>2026-05-08T07:29:07Z</time>
</trkpt>
<trkpt lat="45.7065966" lon="7.24044683">
<ele>635.64166</ele>
<time>2026-05-08T07:29:08Z</time>
</trkpt>
<trkpt lat="45.70670785" lon="7.24078095">
<ele>635.2771</ele>
<time>2026-05-08T07:29:09Z</time>
</trkpt>
<trkpt lat="45.70681497" lon="7.24111664">
<ele>634.88074</ele>
<time>2026-05-08T07:29:10Z</time>
</trkpt>
<trkpt lat="45.70691908" lon="7.24144837">
<ele>634.4685</ele>
<time>2026-05-08T07:29:11Z</time>
</trkpt>
<trkpt lat="45.70703135" lon="7.24178311">
<ele>634.09326</ele>
<time>2026-05-08T07:29:12Z</time>
</trkpt>
<trkpt lat="45.7071368" lon="7.24211579">
<ele>633.6705</ele>
<time>2026-05-08T07:29:13Z</time>
</trkpt>
<trkpt lat="45.70724255" lon="7.24244634">
<ele>633.1949</ele>
<time>2026-05-08T07:29:14Z</time>
</trkpt>
<trkpt lat="45.70734725" lon="7.24278856">
<ele>632.7035</ele>
<time>2026-05-08T07:29:15Z</time>
</trkpt>
<trkpt lat="45.70744466" lon="7.24312947">
<ele>632.19086</ele>
<time>2026-05-08T07:29:16Z</time>
</trkpt>
<trkpt lat="45.70753461" lon="7.24347679">
<ele>631.6518</ele>
<time>2026-05-08T07:29:17Z</time>
</trkpt>
<trkpt lat="45.70761713" lon="7.24382413">
<ele>631.1233</ele>
<time>2026-05-08T07:29:18Z</time>
</trkpt>
<trkpt lat="45.7076848" lon="7.24416926">
<ele>630.5631</ele>
<time>2026-05-08T07:29:19Z</time>
</trkpt>
<trkpt lat="45.70775086" lon="7.24452582">
<ele>629.9924</ele>
<time>2026-05-08T07:29:20Z</time>
</trkpt>
<trkpt lat="45.70779609" lon="7.24486209">
<ele>629.4005</ele>
<time>2026-05-08T07:29:21Z</time>
</trkpt>
<trkpt lat="45.70783943" lon="7.24522345">
<ele>628.84033</ele>
<time>2026-05-08T07:29:22Z</time>
</trkpt>
<trkpt lat="45.70787465" lon="7.24558728">
<ele>628.2908</ele>
<time>2026-05-08T07:29:23Z</time>
</trkpt>
<trkpt lat="45.7079082" lon="7.24595446">
<ele>627.7253</ele>
<time>2026-05-08T07:29:24Z</time>
</trkpt>
<trkpt lat="45.70792404" lon="7.24632312">
<ele>627.15454</ele>
<time>2026-05-08T07:29:25Z</time>
</trkpt>
<trkpt lat="45.70794483" lon="7.24669386">
<ele>626.6526</ele>
<time>2026-05-08T07:29:26Z</time>
</trkpt>
<trkpt lat="45.70796308" lon="7.24706032">
<ele>626.1452</ele>
<time>2026-05-08T07:29:27Z</time>
</trkpt>
<trkpt lat="45.70798107" lon="7.24742637">
<ele>625.65906</ele>
<time>2026-05-08T07:29:28Z</time>
</trkpt>
<trkpt lat="45.70800088" lon="7.24779135">
<ele>625.2098</ele>
<time>2026-05-08T07:29:29Z</time>
</trkpt>
<trkpt lat="45.7080212" lon="7.24815614">
<ele>624.6972</ele>
<time>2026-05-08T07:29:30Z</time>
</trkpt>
<trkpt lat="45.71524653" lon="7.2639786">
<ele>606.11646</ele>
<time>2026-05-08T07:30:25Z</time>
</trkpt>
<trkpt lat="45.71546488" lon="7.2641166">
<ele>605.8258</ele>
<time>2026-05-08T07:30:26Z</time>
</trkpt>
<trkpt lat="45.71570701" lon="7.26425224">
<ele>605.514</ele>
<time>2026-05-08T07:30:27Z</time>
</trkpt>
<trkpt lat="45.71595671" lon="7.26441567">
<ele>605.2022</ele>
<time>2026-05-08T07:30:28Z</time>
</trkpt>
<trkpt lat="45.71619477" lon="7.26461567">
<ele>604.92737</ele>
<time>2026-05-08T07:30:29Z</time>
</trkpt>
<trkpt lat="45.71641098" lon="7.26480982">
<ele>604.62616</ele>
<time>2026-05-08T07:30:30Z</time>
</trkpt>
<trkpt lat="45.71662531" lon="7.26501393">
<ele>604.3302</ele>
<time>2026-05-08T07:30:31Z</time>
</trkpt>
<trkpt lat="45.71683021" lon="7.26523812">
<ele>604.0448</ele>
<time>2026-05-08T07:30:32Z</time>
</trkpt>
<trkpt lat="45.7170249" lon="7.26548371">
<ele>603.77</ele>
<time>2026-05-08T07:30:33Z</time>
</trkpt>
<trkpt lat="45.71721226" lon="7.26573621">
<ele>603.5058</ele>
<time>2026-05-08T07:30:34Z</time>
</trkpt>
<trkpt lat="45.71739019" lon="7.26599807">
<ele>603.2469</ele>
<time>2026-05-08T07:30:35Z</time>
</trkpt>
<trkpt lat="45.71755426" lon="7.26627748">
<ele>602.97736</ele>
<time>2026-05-08T07:30:36Z</time>
</trkpt>
<trkpt lat="45.71770455" lon="7.26657791">
<ele>602.69196</ele>
<time>2026-05-08T07:30:37Z</time>
</trkpt>
<trkpt lat="45.71785751" lon="7.26688703">
<ele>602.42773</ele>
<time>2026-05-08T07:30:38Z</time>
</trkpt>
<trkpt lat="45.71799381" lon="7.26719364">
<ele>602.1794</ele>
<time>2026-05-08T07:30:39Z</time>
</trkpt>
<trkpt lat="45.71811501" lon="7.267514">
<ele>601.9151</ele>
<time>2026-05-08T07:30:40Z</time>
</trkpt>
<trkpt lat="45.71823023" lon="7.26784579">
<ele>601.6562</ele>
<time>2026-05-08T07:30:41Z</time>
</trkpt>
<trkpt lat="45.71833695" lon="7.26818304">
<ele>601.4395</ele>
<time>2026-05-08T07:30:42Z</time>
</trkpt>
<trkpt lat="45.71843745" lon="7.26851114">
<ele>601.2175</ele>
<time>2026-05-08T07:30:43Z</time>
</trkpt>
<trkpt lat="45.71854207" lon="7.26884804">
<ele>600.9956</ele>
<time>2026-05-08T07:30:44Z</time>
</trkpt>
<trkpt lat="45.71865219" lon="7.26917642">
<ele>600.7737</ele>
<time>2026-05-08T07:30:45Z</time>
</trkpt>
<trkpt lat="45.71876067" lon="7.26950718">
<ele>600.52527</ele>
<time>2026-05-08T07:30:46Z</time>
</trkpt>
<trkpt lat="45.71887182" lon="7.2698382">
<ele>600.3086</ele>
<time>2026-05-08T07:30:47Z</time>
</trkpt>
<trkpt lat="45.71898179" lon="7.27017347">
<ele>600.06024</ele>
<time>2026-05-08T07:30:48Z</time>
</trkpt>
<trkpt lat="45.71909769" lon="7.27050292">
<ele>599.81714</ele>
<time>2026-05-08T07:30:49Z</time>
</trkpt>
<trkpt lat="45.71921551" lon="7.27083395">
<ele>599.5688</ele>
<time>2026-05-08T07:30:50Z</time>
</trkpt>
<trkpt lat="45.71933388" lon="7.27115993">
<ele>599.33093</ele>
<time>2026-05-08T07:30:51Z</time>
</trkpt>
<trkpt lat="45.71945474" lon="7.27148243">
<ele>599.0984</ele>
<time>2026-05-08T07:30:52Z</time>
</trkpt>
<trkpt lat="45.7195852" lon="7.27181009">
<ele>598.8606</ele>
<time>2026-05-08T07:30:53Z</time>
</trkpt>
<trkpt lat="45.71971675" lon="7.27212729">
<ele>598.6439</ele>
<time>2026-05-08T07:30:54Z</time>
</trkpt>
<trkpt lat="45.71985221" lon="7.27245168">
<ele>598.4273</ele>
<time>2026-05-08T07:30:55Z</time>
</trkpt>
<trkpt lat="45.7199864" lon="7.27276188">
<ele>598.23175</ele>
<time>2026-05-08T07:30:56Z</time>
</trkpt>
<trkpt lat="45.72012809" lon="7.27307193">
<ele>598.0573</ele>
<time>2026-05-08T07:30:57Z</time>
</trkpt>
<trkpt lat="45.72026968" lon="7.27338231">
<ele>597.8777</ele>
<time>2026-05-08T07:30:58Z</time>
</trkpt>
<trkpt lat="45.72040974" lon="7.27369152">
<ele>597.698</ele>
<time>2026-05-08T07:30:59Z</time>
</trkpt>
<trkpt lat="45.72055118" lon="7.27400323">
<ele>597.5236</ele>
<time>2026-05-08T07:31:00Z</time>
</trkpt>
<trkpt lat="45.72069809" lon="7.27430427">
<ele>597.36505</ele>
<time>2026-05-08T07:31:01Z</time>
</trkpt>
<trkpt lat="45.72084419" lon="7.27460801">
<ele>597.1907</ele>
<time>2026-05-08T07:31:02Z</time>
</trkpt>
<trkpt lat="45.72099302" lon="7.27490523">
<ele>597.0163</ele>
<time>2026-05-08T07:31:03Z</time>
</trkpt>
<trkpt lat="45.72115001" lon="7.27521077">
<ele>596.82074</ele>
<time>2026-05-08T07:31:04Z</time>
</trkpt>
<trkpt lat="45.72130116" lon="7.27550728">
<ele>596.61993</ele>
<time>2026-05-08T07:31:05Z</time>
</trkpt>
<trkpt lat="45.72145922" lon="7.27579802">
<ele>596.4297</ele>
<time>2026-05-08T07:31:06Z</time>
</trkpt>
<trkpt lat="45.72161374" lon="7.27609497">
<ele>596.25</ele>
<time>2026-05-08T07:31:07Z</time>
</trkpt>
<trkpt lat="45.72176926" lon="7.27639298">
<ele>596.0809</ele>
<time>2026-05-08T07:31:08Z</time>
</trkpt>
<trkpt lat="45.72192538" lon="7.27668879">
<ele>595.8854</ele>
<time>2026-05-08T07:31:09Z</time>
</trkpt>
<trkpt lat="45.72208552" lon="7.27697915">
<ele>595.6898</ele>
<time>2026-05-08T07:31:10Z</time>
</trkpt>
<trkpt lat="45.72224408" lon="7.27727402">
<ele>595.51544</ele>
<time>2026-05-08T07:31:11Z</time>
</trkpt>
<trkpt lat="45.72240005" lon="7.27756476">
<ele>595.3199</ele>
<time>2026-05-08T07:31:12Z</time>
</trkpt>
<trkpt lat="45.72256043" lon="7.27785674">
<ele>595.1032</ele>
<time>2026-05-08T07:31:13Z</time>
</trkpt>
<trkpt lat="45.72271966" lon="7.27814231">
<ele>594.83374</ele>
<time>2026-05-08T07:31:14Z</time>
</trkpt>
<trkpt lat="45.72288573" lon="7.27845042">
<ele>594.5589</ele>
<time>2026-05-08T07:31:15Z</time>
</trkpt>
<trkpt lat="45.72304549" lon="7.27873913">
<ele>594.26294</ele>
<time>2026-05-08T07:31:16Z</time>
</trkpt>
<trkpt lat="45.72320415" lon="7.27903661">
<ele>593.92474</ele>
<time>2026-05-08T07:31:17Z</time>
</trkpt>
<trkpt lat="45.72336287" lon="7.27933639">
<ele>593.576</ele>
<time>2026-05-08T07:31:18Z</time>
</trkpt>
<trkpt lat="45.7235185" lon="7.27963186">
<ele>593.21136</ele>
<time>2026-05-08T07:31:19Z</time>
</trkpt>
<trkpt lat="45.72367096" lon="7.27993096">
<ele>592.8731</ele>
<time>2026-05-08T07:31:20Z</time>
</trkpt>
<trkpt lat="45.72382679" lon="7.28022856">
<ele>592.5455</ele>
<time>2026-05-08T07:31:21Z</time>
</trkpt>
<trkpt lat="45.72398321" lon="7.28051837">
<ele>592.1914</ele>
<time>2026-05-08T07:31:22Z</time>
</trkpt>
<trkpt lat="45.72414524" lon="7.28081118">
<ele>591.869</ele>
<time>2026-05-08T07:31:23Z</time>
</trkpt>
<trkpt lat="45.7243048" lon="7.28111231">
<ele>591.55194</ele>
<time>2026-05-08T07:31:24Z</time>
</trkpt>
<trkpt lat="45.72446397" lon="7.28140965">
<ele>591.22955</ele>
<time>2026-05-08T07:31:25Z</time>
</trkpt>
<trkpt lat="45.72461565" lon="7.28170798">
<ele>590.9072</ele>
<time>2026-05-08T07:31:26Z</time>
</trkpt>
<trkpt lat="45.7247681" lon="7.28200976">
<ele>590.6113</ele>
<time>2026-05-08T07:31:27Z</time>
</trkpt>
<trkpt lat="45.72492567" lon="7.28230139">
<ele>590.35236</ele>
<time>2026-05-08T07:31:28Z</time>
</trkpt>
<trkpt lat="45.72508103" lon="7.28259943">
<ele>590.0564</ele>
<time>2026-05-08T07:31:29Z</time>
</trkpt>
<trkpt lat="45.72524012" lon="7.2828996">
<ele>589.7763</ele>
<time>2026-05-08T07:31:30Z</time>
</trkpt>
<trkpt lat="45.72539889" lon="7.2831917">
<ele>589.4962</ele>
<time>2026-05-08T07:31:31Z</time>
</trkpt>
<trkpt lat="45.72555585" lon="7.28348593">
<ele>589.22144</ele>
<time>2026-05-08T07:31:32Z</time>
</trkpt>
<trkpt lat="45.72571503" lon="7.28377479">
<ele>588.9678</ele>
<time>2026-05-08T07:31:33Z</time>
</trkpt>
<trkpt lat="45.72587671" lon="7.28406278">
<ele>588.70355</ele>
<time>2026-05-08T07:31:34Z</time>
</trkpt>
<trkpt lat="45.72603446" lon="7.28435114">
<ele>588.43933</ele>
<time>2026-05-08T07:31:35Z</time>
</trkpt>
<trkpt lat="45.72618545" lon="7.28464719">
<ele>588.1909</ele>
<time>2026-05-08T07:31:36Z</time>
</trkpt>
<trkpt lat="45.72634646" lon="7.28494111">
<ele>587.94257</ele>
<time>2026-05-08T07:31:37Z</time>
</trkpt>
<trkpt lat="45.72649843" lon="7.28523528">
<ele>587.6836</ele>
<time>2026-05-08T07:31:38Z</time>
</trkpt>
<trkpt lat="45.72664895" lon="7.28554549">
<ele>587.4035</ele>
<time>2026-05-08T07:31:39Z</time>
</trkpt>
<trkpt lat="45.72678613" lon="7.28586041">
<ele>587.15515</ele>
<time>2026-05-08T07:31:40Z</time>
</trkpt>
<trkpt lat="45.72691864" lon="7.28617282">
<ele>586.91205</ele>
<time>2026-05-08T07:31:41Z</time>
</trkpt>
<trkpt lat="45.72704337" lon="7.28649755">
<ele>586.6637</ele>
<time>2026-05-08T07:31:42Z</time>
</trkpt>
<trkpt lat="45.72715589" lon="7.28681707">
<ele>586.42584</ele>
<time>2026-05-08T07:31:43Z</time>
</trkpt>
<trkpt lat="45.7272501" lon="7.28715976">
<ele>586.20917</ele>
<time>2026-05-08T07:31:44Z</time>
</trkpt>
<trkpt lat="45.7273383" lon="7.28751053">
<ele>585.9925</ele>
<time>2026-05-08T07:31:45Z</time>
</trkpt>
<trkpt lat="45.72741123" lon="7.28785894">
<ele>585.7811</ele>
<time>2026-05-08T07:31:46Z</time>
</trkpt>
<trkpt lat="45.72747045" lon="7.28821388">
<ele>585.60144</ele>
<time>2026-05-08T07:31:47Z</time>
</trkpt>
<trkpt lat="45.72751945" lon="7.28858237">
<ele>585.4535</ele>
<time>2026-05-08T07:31:48Z</time>
</trkpt>
<trkpt lat="45.72755348" lon="7.28895057">
<ele>585.3055</ele>
<time>2026-05-08T07:31:49Z</time>
</trkpt>
<trkpt lat="45.72758428" lon="7.28930707">
<ele>585.1628</ele>
<time>2026-05-08T07:31:50Z</time>
</trkpt>
<trkpt lat="45.72760045" lon="7.28967484">
<ele>585.073</ele>
<time>2026-05-08T07:31:51Z</time>
</trkpt>
<trkpt lat="45.72760796" lon="7.29004167">
<ele>585.01483</ele>
<time>2026-05-08T07:31:52Z</time>
</trkpt>
<trkpt lat="45.72760474" lon="7.29040945">
<ele>584.97784</ele>
<time>2026-05-08T07:31:53Z</time>
</trkpt>
<trkpt lat="45.72759588" lon="7.29077981">
<ele>584.97784</ele>
<time>2026-05-08T07:31:54Z</time>
</trkpt>
<trkpt lat="45.7275829" lon="7.29115446">
<ele>585.01483</ele>
<time>2026-05-08T07:31:55Z</time>
</trkpt>
<trkpt lat="45.72756995" lon="7.29151784">
<ele>585.0571</ele>
<time>2026-05-08T07:31:56Z</time>
</trkpt>
<trkpt lat="45.7275492" lon="7.29188196">
<ele>585.1153</ele>
<time>2026-05-08T07:31:57Z</time>
</trkpt>
<trkpt lat="45.72753508" lon="7.29224983">
<ele>585.1787</ele>
<time>2026-05-08T07:31:58Z</time>
</trkpt>
<trkpt lat="45.72752297" lon="7.29261615">
<ele>585.25793</ele>
<time>2026-05-08T07:31:59Z</time>
</trkpt>
<trkpt lat="45.72750782" lon="7.29298874">
<ele>585.3055</ele>
<time>2026-05-08T07:32:00Z</time>
</trkpt>
<trkpt lat="45.72749449" lon="7.29336279">
<ele>585.3689</ele>
<time>2026-05-08T07:32:01Z</time>
</trkpt>
<trkpt lat="45.7274816" lon="7.29373316">
<ele>585.3954</ele>
<time>2026-05-08T07:32:02Z</time>
</trkpt>
<trkpt lat="45.72746847" lon="7.29410237">
<ele>585.37946</ele>
<time>2026-05-08T07:32:03Z</time>
</trkpt>
<trkpt lat="45.72745403" lon="7.29447274">
<ele>585.35834</ele>
<time>2026-05-08T07:32:04Z</time>
</trkpt>
<trkpt lat="45.72744793" lon="7.29484649">
<ele>585.28436</ele>
<time>2026-05-08T07:32:05Z</time>
</trkpt>
<trkpt lat="45.7274337" lon="7.29522344">
<ele>585.1311</ele>
<time>2026-05-08T07:32:06Z</time>
</trkpt>
<trkpt lat="45.7274225" lon="7.29559328">
<ele>584.9092</ele>
<time>2026-05-08T07:32:07Z</time>
</trkpt>
<trkpt lat="45.72740796" lon="7.29597135">
<ele>584.63434</ele>
<time>2026-05-08T07:32:08Z</time>
</trkpt>
<trkpt lat="45.72739222" lon="7.29634256">
<ele>584.33844</ele>
<time>2026-05-08T07:32:09Z</time>
</trkpt>
<trkpt lat="45.72737666" lon="7.29671026">
<ele>583.9844</ele>
<time>2026-05-08T07:32:10Z</time>
</trkpt>
<trkpt lat="45.72736229" lon="7.29708246">
<ele>583.61444</ele>
<time>2026-05-08T07:32:11Z</time>
</trkpt>
<trkpt lat="45.72735169" lon="7.29745382">
<ele>583.1969</ele>
<time>2026-05-08T07:32:12Z</time>
</trkpt>
<trkpt lat="45.72733872" lon="7.29782319">
<ele>582.7742</ele>
<time>2026-05-08T07:32:13Z</time>
</trkpt>
<trkpt lat="45.72732342" lon="7.29819129">
<ele>582.3514</ele>
<time>2026-05-08T07:32:14Z</time>
</trkpt>
<trkpt lat="45.72731582" lon="7.2985529">
<ele>581.94977</ele>
<time>2026-05-08T07:32:15Z</time>
</trkpt>
<trkpt lat="45.72730602" lon="7.29892068">
<ele>581.53754</ele>
<time>2026-05-08T07:32:16Z</time>
</trkpt>
<trkpt lat="45.72729556" lon="7.29929233">
<ele>581.15704</ele>
<time>2026-05-08T07:32:17Z</time>
</trkpt>
<trkpt lat="45.72728986" lon="7.29966007">
<ele>580.75543</ele>
<time>2026-05-08T07:32:18Z</time>
</trkpt>
<trkpt lat="45.72728219" lon="7.30002849">
<ele>580.3696</ele>
<time>2026-05-08T07:32:19Z</time>
</trkpt>
<trkpt lat="45.72727329" lon="7.30040032">
<ele>580.01556</ele>
<time>2026-05-08T07:32:20Z</time>
</trkpt>
<trkpt lat="45.72726589" lon="7.30076854">
<ele>579.6827</ele>
<time>2026-05-08T07:32:21Z</time>
</trkpt>
<trkpt lat="45.72726051" lon="7.30113387">
<ele>579.3444</ele>
<time>2026-05-08T07:32:22Z</time>
</trkpt>
<trkpt lat="45.72725804" lon="7.30149717">
<ele>579.0432</ele>
<time>2026-05-08T07:32:23Z</time>
</trkpt>
<trkpt lat="45.72725029" lon="7.30187483">
<ele>578.7367</ele>
<time>2026-05-08T07:32:24Z</time>
</trkpt>
<trkpt lat="45.72724324" lon="7.30223939">
<ele>578.4777</ele>
<time>2026-05-08T07:32:25Z</time>
</trkpt>
<trkpt lat="45.72723976" lon="7.30261776">
<ele>578.2347</ele>
<time>2026-05-08T07:32:26Z</time>
</trkpt>
<trkpt lat="45.72723311" lon="7.30298849">
<ele>578.00745</ele>
<time>2026-05-08T07:32:27Z</time>
</trkpt>
<trkpt lat="45.72722649" lon="7.30336284">
<ele>577.75903</ele>
<time>2026-05-08T07:32:28Z</time>
</trkpt>
<trkpt lat="45.72721881" lon="7.30372236">
<ele>577.4948</ele>
<time>2026-05-08T07:32:29Z</time>
</trkpt>
<trkpt lat="45.72721385" lon="7.3040824">
<ele>577.24115</ele>
<time>2026-05-08T07:32:30Z</time>
</trkpt>
<trkpt lat="45.72720574" lon="7.30445293">
<ele>577.00867</ele>
<time>2026-05-08T07:32:31Z</time>
</trkpt>
<trkpt lat="45.72720207" lon="7.30480573">
<ele>576.7708</ele>
<time>2026-05-08T07:32:32Z</time>
</trkpt>
<trkpt lat="45.72719654" lon="7.30518104">
<ele>576.53827</ele>
<time>2026-05-08T07:32:33Z</time>
</trkpt>
<trkpt lat="45.7271948" lon="7.30555431">
<ele>576.3269</ele>
<time>2026-05-08T07:32:34Z</time>
</trkpt>
<trkpt lat="45.72718985" lon="7.30592297">
<ele>576.1419</ele>
<time>2026-05-08T07:32:35Z</time>
</trkpt>
<trkpt lat="45.72718932" lon="7.30629791">
<ele>575.9517</ele>
<time>2026-05-08T07:32:36Z</time>
</trkpt>
<trkpt lat="45.72719237" lon="7.30666852">
<ele>575.77203</ele>
<time>2026-05-08T07:32:37Z</time>
</trkpt>
<trkpt lat="45.72721316" lon="7.3070321">
<ele>575.59766</ele>
<time>2026-05-08T07:32:38Z</time>
</trkpt>
<trkpt lat="45.72724406" lon="7.30739349">
<ele>575.4285</ele>
<time>2026-05-08T07:32:39Z</time>
</trkpt>
<trkpt lat="45.7272839" lon="7.30775746">
<ele>575.25415</ele>
<time>2026-05-08T07:32:40Z</time>
</trkpt>
<trkpt lat="45.72734023" lon="7.30811054">
<ele>575.085</ele>
<time>2026-05-08T07:32:41Z</time>
</trkpt>
<trkpt lat="45.72741542" lon="7.30847697">
<ele>574.937</ele>
<time>2026-05-08T07:32:42Z</time>
</trkpt>
<trkpt lat="45.72749891" lon="7.30882433">
<ele>574.7838</ele>
<time>2026-05-08T07:32:43Z</time>
</trkpt>
<trkpt lat="45.72760407" lon="7.30915308">
<ele>574.5988</ele>
<time>2026-05-08T07:32:44Z</time>
</trkpt>
<trkpt lat="45.72772117" lon="7.30948923">
<ele>574.4191</ele>
<time>2026-05-08T07:32:45Z</time>
</trkpt>
<trkpt lat="45.72783948" lon="7.3098158">
<ele>574.2289</ele>
<time>2026-05-08T07:32:46Z</time>
</trkpt>
<trkpt lat="45.72796916" lon="7.3101378">
<ele>574.0281</ele>
<time>2026-05-08T07:32:47Z</time>
</trkpt>
<trkpt lat="45.72809257" lon="7.31044915">
<ele>573.8114</ele>
<time>2026-05-08T07:32:48Z</time>
</trkpt>
<trkpt lat="45.72821791" lon="7.3107569">
<ele>573.6106</ele>
<time>2026-05-08T07:32:49Z</time>
</trkpt>
<trkpt lat="45.72835055" lon="7.31108171">
<ele>573.3886</ele>
<time>2026-05-08T07:32:50Z</time>
</trkpt>
<trkpt lat="45.72848609" lon="7.3113967">
<ele>573.172</ele>
<time>2026-05-08T07:32:51Z</time>
</trkpt>
<trkpt lat="45.72861578" lon="7.31170013">
<ele>572.93945</ele>
<time>2026-05-08T07:32:52Z</time>
</trkpt>
<trkpt lat="45.72874263" lon="7.31201515">
<ele>572.7175</ele>
<time>2026-05-08T07:32:53Z</time>
</trkpt>
<trkpt lat="45.72887247" lon="7.31232612">
<ele>572.49023</ele>
<time>2026-05-08T07:32:54Z</time>
</trkpt>
<trkpt lat="45.72899266" lon="7.31263915">
<ele>572.30005</ele>
<time>2026-05-08T07:32:55Z</time>
</trkpt>
<trkpt lat="45.72911186" lon="7.31295324">
<ele>572.0886</ele>
<time>2026-05-08T07:32:56Z</time>
</trkpt>
<trkpt lat="45.72922347" lon="7.3132652">
<ele>571.87726</ele>
<time>2026-05-08T07:32:57Z</time>
</trkpt>
<trkpt lat="45.7293299" lon="7.31359135">
<ele>571.67645</ele>
<time>2026-05-08T07:32:58Z</time>
</trkpt>
<trkpt lat="45.72943009" lon="7.31392194">
<ele>571.465</ele>
<time>2026-05-08T07:32:59Z</time>
</trkpt>
<trkpt lat="45.72952627" lon="7.31425125">
<ele>571.28534</ele>
<time>2026-05-08T07:33:00Z</time>
</trkpt>
<trkpt lat="45.72961756" lon="7.31458469">
<ele>571.11096</ele>
<time>2026-05-08T07:33:01Z</time>
</trkpt>
<trkpt lat="45.72970077" lon="7.31492765">
<ele>570.9366</ele>
<time>2026-05-08T07:33:02Z</time>
</trkpt>
<trkpt lat="45.72977747" lon="7.3152694">
<ele>570.7358</ele>
<time>2026-05-08T07:33:03Z</time>
</trkpt>
<trkpt lat="45.72984716" lon="7.31561184">
<ele>570.56665</ele>
<time>2026-05-08T07:33:04Z</time>
</trkpt>
<trkpt lat="45.72990535" lon="7.31595158">
<ele>570.47156</ele>
<time>2026-05-08T07:33:05Z</time>
</trkpt>
<trkpt lat="45.72996515" lon="7.3162932">
<ele>570.4134</ele>
<time>2026-05-08T07:33:06Z</time>
</trkpt>
<trkpt lat="45.73001396" lon="7.31665086">
<ele>570.3817</ele>
<time>2026-05-08T07:33:07Z</time>
</trkpt>
<trkpt lat="45.73005969" lon="7.31700075">
<ele>570.36584</ele>
<time>2026-05-08T07:33:08Z</time>
</trkpt>
<trkpt lat="45.73008918" lon="7.31735093">
<ele>570.4134</ele>
<time>2026-05-08T07:33:09Z</time>
</trkpt>
<trkpt lat="45.73011813" lon="7.31769988">
<ele>570.4927</ele>
<time>2026-05-08T07:33:10Z</time>
</trkpt>
<trkpt lat="45.73013615" lon="7.31804749">
<ele>570.6353</ele>
<time>2026-05-08T07:33:11Z</time>
</trkpt>
<trkpt lat="45.7301514" lon="7.31840047">
<ele>570.84674</ele>
<time>2026-05-08T07:33:12Z</time>
</trkpt>
<trkpt lat="45.73016247" lon="7.31875373">
<ele>571.1004</ele>
<time>2026-05-08T07:33:13Z</time>
</trkpt>
<trkpt lat="45.73016473" lon="7.31909826">
<ele>571.4439</ele>
<time>2026-05-08T07:33:14Z</time>
</trkpt>
<trkpt lat="45.73016111" lon="7.319459">
<ele>571.77155</ele>
<time>2026-05-08T07:33:15Z</time>
</trkpt>
<trkpt lat="45.73015228" lon="7.31980838">
<ele>572.1415</ele>
<time>2026-05-08T07:33:16Z</time>
</trkpt>
<trkpt lat="45.73013735" lon="7.32016425">
<ele>572.5484</ele>
<time>2026-05-08T07:33:17Z</time>
</trkpt>
<trkpt lat="45.73012215" lon="7.32051794">
<ele>572.98706</ele>
<time>2026-05-08T07:33:18Z</time>
</trkpt>
<trkpt lat="45.73010876" lon="7.32086376">
<ele>573.4098</ele>
<time>2026-05-08T07:33:19Z</time>
</trkpt>
<trkpt lat="45.73009157" lon="7.32121607">
<ele>573.8326</ele>
<time>2026-05-08T07:33:20Z</time>
</trkpt>
<trkpt lat="45.73007404" lon="7.32157813">
<ele>574.2183</ele>
<time>2026-05-08T07:33:21Z</time>
</trkpt>
<trkpt lat="45.73005348" lon="7.32192371">
<ele>574.5777</ele>
<time>2026-05-08T07:33:22Z</time>
</trkpt>
<trkpt lat="45.73003349" lon="7.32227554">
<ele>574.9212</ele>
<time>2026-05-08T07:33:23Z</time>
</trkpt>
<trkpt lat="45.73001627" lon="7.32262955">
<ele>575.2171</ele>
<time>2026-05-08T07:33:24Z</time>
</trkpt>
<trkpt lat="45.73000003" lon="7.32298189">
<ele>575.5237</ele>
<time>2026-05-08T07:33:25Z</time>
</trkpt>
<trkpt lat="45.72998109" lon="7.3233374">
<ele>575.7773</ele>
<time>2026-05-08T07:33:26Z</time>
</trkpt>
<trkpt lat="45.7299647" lon="7.32369996">
<ele>575.9517</ele>
<time>2026-05-08T07:33:27Z</time>
</trkpt>
<trkpt lat="45.72994685" lon="7.32404972">
<ele>576.0627</ele>
<time>2026-05-08T07:33:28Z</time>
</trkpt>
<trkpt lat="45.7299251" lon="7.3244062">
<ele>576.13135</ele>
<time>2026-05-08T07:33:29Z</time>
</trkpt>
<trkpt lat="45.72990572" lon="7.32475817">
<ele>576.1419</ele>
<time>2026-05-08T07:33:30Z</time>
</trkpt>
<trkpt lat="45.72989146" lon="7.32511195">
<ele>576.0944</ele>
<time>2026-05-08T07:33:31Z</time>
</trkpt>
<trkpt lat="45.72987462" lon="7.32546581">
<ele>575.9887</ele>
<time>2026-05-08T07:33:32Z</time>
</trkpt>
<trkpt lat="45.72985227" lon="7.32582085">
<ele>575.846</ele>
<time>2026-05-08T07:33:33Z</time>
</trkpt>
<trkpt lat="45.72983798" lon="7.32617">
<ele>575.67163</ele>
<time>2026-05-08T07:33:34Z</time>
</trkpt>
<trkpt lat="45.72982074" lon="7.32652144">
<ele>575.4232</ele>
<time>2026-05-08T07:33:35Z</time>
</trkpt>
<trkpt lat="45.72980425" lon="7.32687542">
<ele>575.1537</ele>
<time>2026-05-08T07:33:36Z</time>
</trkpt>
<trkpt lat="45.72978559" lon="7.32722662">
<ele>574.8261</ele>
<time>2026-05-08T07:33:37Z</time>
</trkpt>
<trkpt lat="45.7297667" lon="7.3275815">
<ele>574.4614</ele>
<time>2026-05-08T07:33:38Z</time>
</trkpt>
<trkpt lat="45.7297503" lon="7.32794026">
<ele>574.0756</ele>
<time>2026-05-08T07:33:39Z</time>
</trkpt>
<trkpt lat="45.72973004" lon="7.32829102">
<ele>573.67926</ele>
<time>2026-05-08T07:33:40Z</time>
</trkpt>
<trkpt lat="45.72970666" lon="7.32863691">
<ele>573.2777</ele>
<time>2026-05-08T07:33:41Z</time>
</trkpt>
<trkpt lat="45.72969028" lon="7.32899107">
<ele>572.88135</ele>
<time>2026-05-08T07:33:42Z</time>
</trkpt>
<trkpt lat="45.72967234" lon="7.32934669">
<ele>572.4797</ele>
<time>2026-05-08T07:33:43Z</time>
</trkpt>
<trkpt lat="45.72965065" lon="7.3296941">
<ele>572.06744</ele>
<time>2026-05-08T07:33:44Z</time>
</trkpt>
<trkpt lat="45.72962835" lon="7.33004696">
<ele>571.67645</ele>
<time>2026-05-08T07:33:45Z</time>
</trkpt>
<trkpt lat="45.72960673" lon="7.33039991">
<ele>571.3012</ele>
<time>2026-05-08T07:33:46Z</time>
</trkpt>
<trkpt lat="45.72958898" lon="7.33075719">
<ele>570.94714</ele>
<time>2026-05-08T07:33:47Z</time>
</trkpt>
<trkpt lat="45.72956354" lon="7.33110867">
<ele>570.5772</ele>
<time>2026-05-08T07:33:48Z</time>
</trkpt>
<trkpt lat="45.72953632" lon="7.33145661">
<ele>570.239</ele>
<time>2026-05-08T07:33:49Z</time>
</trkpt>
<trkpt lat="45.72950518" lon="7.33180623">
<ele>569.9483</ele>
<time>2026-05-08T07:33:50Z</time>
</trkpt>
<trkpt lat="45.72947591" lon="7.33216173">
<ele>569.67883</ele>
<time>2026-05-08T07:33:51Z</time>
</trkpt>
<trkpt lat="45.72944201" lon="7.3325157">
<ele>569.4357</ele>
<time>2026-05-08T07:33:52Z</time>
</trkpt>
<trkpt lat="45.72941095" lon="7.33287095">
<ele>569.1926</ele>
<time>2026-05-08T07:33:53Z</time>
</trkpt>
<trkpt lat="45.72937632" lon="7.33322898">
<ele>568.9601</ele>
<time>2026-05-08T07:33:54Z</time>
</trkpt>
<trkpt lat="45.72933745" lon="7.33359334">
<ele>568.7857</ele>
<time>2026-05-08T07:33:55Z</time>
</trkpt>
<trkpt lat="45.72930714" lon="7.33394567">
<ele>568.60077</ele>
<time>2026-05-08T07:33:56Z</time>
</trkpt>
<trkpt lat="45.7292864" lon="7.33429561">
<ele>568.45276</ele>
<time>2026-05-08T07:33:57Z</time>
</trkpt>
<trkpt lat="45.72927734" lon="7.33464042">
<ele>568.33124</ele>
<time>2026-05-08T07:33:58Z</time>
</trkpt>
<trkpt lat="45.72927831" lon="7.33499429">
<ele>568.23083</ele>
<time>2026-05-08T07:33:59Z</time>
</trkpt>
<trkpt lat="45.72928688" lon="7.33534869">
<ele>568.1252</ele>
<time>2026-05-08T07:34:00Z</time>
</trkpt>
<trkpt lat="45.72931454" lon="7.33570388">
<ele>568.0353</ele>
<time>2026-05-08T07:34:01Z</time>
</trkpt>
<trkpt lat="45.72935159" lon="7.33605458">
<ele>567.95605</ele>
<time>2026-05-08T07:34:02Z</time>
</trkpt>
<trkpt lat="45.72940116" lon="7.33640242">
<ele>567.9032</ele>
<time>2026-05-08T07:34:03Z</time>
</trkpt>
<trkpt lat="45.72946802" lon="7.33674259">
<ele>567.8239</ele>
<time>2026-05-08T07:34:04Z</time>
</trkpt>
<trkpt lat="45.72954213" lon="7.33707708">
<ele>567.7605</ele>
<time>2026-05-08T07:34:05Z</time>
</trkpt>
<trkpt lat="45.7296283" lon="7.33741401">
<ele>567.6865</ele>
<time>2026-05-08T07:34:06Z</time>
</trkpt>
<trkpt lat="45.72974069" lon="7.33774823">
<ele>567.6231</ele>
<time>2026-05-08T07:34:07Z</time>
</trkpt>
<trkpt lat="45.72985217" lon="7.33806485">
<ele>567.5438</ele>
<time>2026-05-08T07:34:08Z</time>
</trkpt>
<trkpt lat="45.72997839" lon="7.33837239">
<ele>567.491</ele>
<time>2026-05-08T07:34:09Z</time>
</trkpt>
<trkpt lat="45.73011347" lon="7.33865885">
<ele>567.4434</ele>
<time>2026-05-08T07:34:10Z</time>
</trkpt>
<trkpt lat="45.73026784" lon="7.33894491">
<ele>567.417</ele>
<time>2026-05-08T07:34:11Z</time>
</trkpt>
<trkpt lat="45.73043307" lon="7.33922345">
<ele>567.3959</ele>
<time>2026-05-08T07:34:12Z</time>
</trkpt>
<trkpt lat="45.73060193" lon="7.33947962">
<ele>567.3483</ele>
<time>2026-05-08T07:34:13Z</time>
</trkpt>
<trkpt lat="45.73078224" lon="7.33972416">
<ele>567.3007</ele>
<time>2026-05-08T07:34:14Z</time>
</trkpt>
<trkpt lat="45.73097301" lon="7.33995403">
<ele>567.22675</ele>
<time>2026-05-08T07:34:15Z</time>
</trkpt>
<trkpt lat="45.73116749" lon="7.34017623">
<ele>567.1422</ele>
<time>2026-05-08T07:34:16Z</time>
</trkpt>
<trkpt lat="45.73137214" lon="7.34039723">
<ele>567.05237</ele>
<time>2026-05-08T07:34:17Z</time>
</trkpt>
<trkpt lat="45.73157113" lon="7.34060258">
<ele>566.9784</ele>
<time>2026-05-08T07:34:18Z</time>
</trkpt>
<trkpt lat="45.73177258" lon="7.34080413">
<ele>566.8938</ele>
<time>2026-05-08T07:34:19Z</time>
</trkpt>
<trkpt lat="45.73198366" lon="7.34101094">
<ele>566.7987</ele>
<time>2026-05-08T07:34:20Z</time>
</trkpt>
<trkpt lat="45.73219067" lon="7.34120697">
<ele>566.7142</ele>
<time>2026-05-08T07:34:21Z</time>
</trkpt>
<trkpt lat="45.73239789" lon="7.34140964">
<ele>566.6296</ele>
<time>2026-05-08T07:34:22Z</time>
</trkpt>
<trkpt lat="45.73261006" lon="7.34160919">
<ele>566.5028</ele>
<time>2026-05-08T07:34:23Z</time>
</trkpt>
<trkpt lat="45.73281439" lon="7.34180904">
<ele>566.37067</ele>
<time>2026-05-08T07:34:24Z</time>
</trkpt>
<trkpt lat="45.73302083" lon="7.3420128">
<ele>566.18567</ele>
<time>2026-05-08T07:34:25Z</time>
</trkpt>
<trkpt lat="45.7332284" lon="7.34221402">
<ele>565.9743</ele>
<time>2026-05-08T07:34:26Z</time>
</trkpt>
<trkpt lat="45.73343005" lon="7.34241644">
<ele>565.71533</ele>
<time>2026-05-08T07:34:27Z</time>
</trkpt>
<trkpt lat="45.733635" lon="7.34262281">
<ele>565.4141</ele>
<time>2026-05-08T07:34:28Z</time>
</trkpt>
<trkpt lat="45.73383656" lon="7.34283809">
<ele>565.0653</ele>
<time>2026-05-08T07:34:29Z</time>
</trkpt>
<trkpt lat="45.73403283" lon="7.34306039">
<ele>564.66895</ele>
<time>2026-05-08T07:34:30Z</time>
</trkpt>
<trkpt lat="45.73421939" lon="7.34329515">
<ele>564.1828</ele>
<time>2026-05-08T07:34:31Z</time>
</trkpt>
<trkpt lat="45.73439837" lon="7.34354144">
<ele>563.6596</ele>
<time>2026-05-08T07:34:32Z</time>
</trkpt>
<trkpt lat="45.73456848" lon="7.34380302">
<ele>563.07306</ele>
<time>2026-05-08T07:34:33Z</time>
</trkpt>
<trkpt lat="45.73473254" lon="7.34408154">
<ele>562.42303</ele>
<time>2026-05-08T07:34:34Z</time>
</trkpt>
<trkpt lat="45.73488066" lon="7.34436721">
<ele>561.69904</ele>
<time>2026-05-08T07:34:35Z</time>
</trkpt>
<trkpt lat="45.73501378" lon="7.34466448">
<ele>560.99084</ele>
<time>2026-05-08T07:34:36Z</time>
</trkpt>
<trkpt lat="45.73513285" lon="7.34496407">
<ele>560.4677</ele>
<time>2026-05-08T07:34:37Z</time>
</trkpt>
<trkpt lat="45.73524637" lon="7.34530021">
<ele>559.9392</ele>
<time>2026-05-08T07:34:38Z</time>
</trkpt>
<trkpt lat="45.73534496" lon="7.34562467">
<ele>559.2153</ele>
<time>2026-05-08T07:34:39Z</time>
</trkpt>
<trkpt lat="45.73543353" lon="7.34596055">
<ele>558.50183</ele>
<time>2026-05-08T07:34:40Z</time>
</trkpt>
<trkpt lat="45.73550501" lon="7.34629914">
<ele>557.84656</ele>
<time>2026-05-08T07:34:41Z</time>
</trkpt>
<trkpt lat="45.73556906" lon="7.34664451">
<ele>557.51886</ele>
<time>2026-05-08T07:34:42Z</time>
</trkpt>
<trkpt lat="45.73562149" lon="7.34699958">
<ele>557.0221</ele>
<time>2026-05-08T07:34:43Z</time>
</trkpt>
<trkpt lat="45.73566658" lon="7.34734712">
<ele>556.45135</ele>
<time>2026-05-08T07:34:44Z</time>
</trkpt>
<trkpt lat="45.73571007" lon="7.34768862">
<ele>555.981</ele>
<time>2026-05-08T07:34:45Z</time>
</trkpt>
<trkpt lat="45.73575182" lon="7.34803622">
<ele>555.5583</ele>
<time>2026-05-08T07:34:46Z</time>
</trkpt>
<trkpt lat="45.7357897" lon="7.34838461">
<ele>555.15137</ele>
<time>2026-05-08T07:34:47Z</time>
</trkpt>
<trkpt lat="45.73582811" lon="7.34873305">
<ele>554.79724</ele>
<time>2026-05-08T07:34:48Z</time>
</trkpt>
<trkpt lat="45.73586111" lon="7.34908507">
<ele>554.4326</ele>
<time>2026-05-08T07:34:49Z</time>
</trkpt>
<trkpt lat="45.73590001" lon="7.34943727">
<ele>554.08386</ele>
<time>2026-05-08T07:34:50Z</time>
</trkpt>
<trkpt lat="45.73593979" lon="7.34978874">
<ele>553.7509</ele>
<time>2026-05-08T07:34:51Z</time>
</trkpt>
<trkpt lat="45.73597384" lon="7.35013992">
<ele>553.39685</ele>
<time>2026-05-08T07:34:52Z</time>
</trkpt>
<trkpt lat="45.73601072" lon="7.35048734">
<ele>553.27</ele>
<time>2026-05-08T07:34:53Z</time>
</trkpt>
<trkpt lat="45.73604906" lon="7.35083958">
<ele>552.9899</ele>
<time>2026-05-08T07:34:54Z</time>
</trkpt>
<trkpt lat="45.73608246" lon="7.35119702">
<ele>552.6993</ele>
<time>2026-05-08T07:34:55Z</time>
</trkpt>
<trkpt lat="45.73612028" lon="7.35155452">
<ele>552.4826</ele>
<time>2026-05-08T07:34:56Z</time>
</trkpt>
<trkpt lat="45.73615766" lon="7.35190469">
<ele>552.2606</ele>
<time>2026-05-08T07:34:57Z</time>
</trkpt>
<trkpt lat="45.73619919" lon="7.35224901">
<ele>552.0228</ele>
<time>2026-05-08T07:34:58Z</time>
</trkpt>
<trkpt lat="45.73623741" lon="7.35260323">
<ele>551.7956</ele>
<time>2026-05-08T07:34:59Z</time>
</trkpt>
<trkpt lat="45.73627584" lon="7.3529536">
<ele>551.579</ele>
<time>2026-05-08T07:35:00Z</time>
</trkpt>
<trkpt lat="45.73631437" lon="7.35330236">
<ele>551.4257</ele>
<time>2026-05-08T07:35:01Z</time>
</trkpt>
<trkpt lat="45.73635319" lon="7.35364375">
<ele>551.3358</ele>
<time>2026-05-08T07:35:02Z</time>
</trkpt>
<trkpt lat="45.73639214" lon="7.35399428">
<ele>551.2777</ele>
<time>2026-05-08T07:35:03Z</time>
</trkpt>
<trkpt lat="45.73643009" lon="7.35435217">
<ele>551.2777</ele>
<time>2026-05-08T07:35:04Z</time>
</trkpt>
<trkpt lat="45.73647013" lon="7.35469956">
<ele>551.32</ele>
<time>2026-05-08T07:35:05Z</time>
</trkpt>
<trkpt lat="45.73651069" lon="7.35504534">
<ele>551.40454</ele>
<time>2026-05-08T07:35:06Z</time>
</trkpt>
<trkpt lat="45.73654477" lon="7.35539432">
<ele>551.5208</ele>
<time>2026-05-08T07:35:07Z</time>
</trkpt>
<trkpt lat="45.73658343" lon="7.35574931">
<ele>551.6635</ele>
<time>2026-05-08T07:35:08Z</time>
</trkpt>
<trkpt lat="45.73662137" lon="7.35610353">
<ele>551.79034</ele>
<time>2026-05-08T07:35:09Z</time>
</trkpt>
<trkpt lat="45.736657" lon="7.35645361">
<ele>551.9013</ele>
<time>2026-05-08T07:35:10Z</time>
</trkpt>
<trkpt lat="45.73669326" lon="7.35680666">
<ele>552.2818</ele>
<time>2026-05-08T07:35:11Z</time>
</trkpt>
<trkpt lat="45.73672481" lon="7.35716129">
<ele>552.41394</ele>
<time>2026-05-08T07:35:12Z</time>
</trkpt>
<trkpt lat="45.73676503" lon="7.35751769">
<ele>552.583</ele>
<time>2026-05-08T07:35:13Z</time>
</trkpt>
<trkpt lat="45.73680559" lon="7.35787339">
<ele>552.768</ele>
<time>2026-05-08T07:35:14Z</time>
</trkpt>
<trkpt lat="45.73684192" lon="7.35822457">
<ele>552.9001</ele>
<time>2026-05-08T07:35:15Z</time>
</trkpt>
<trkpt lat="45.7368828" lon="7.35857834">
<ele>553.0375</ele>
<time>2026-05-08T07:35:16Z</time>
</trkpt>
<trkpt lat="45.73692171" lon="7.35893395">
<ele>553.1274</ele>
<time>2026-05-08T07:35:17Z</time>
</trkpt>
<trkpt lat="45.73695447" lon="7.35929628">
<ele>553.1908</ele>
<time>2026-05-08T07:35:18Z</time>
</trkpt>
<trkpt lat="45.73699175" lon="7.35964927">
<ele>553.2225</ele>
<time>2026-05-08T07:35:19Z</time>
</trkpt>
<trkpt lat="45.73702838" lon="7.36000086">
<ele>553.1908</ele>
<time>2026-05-08T07:35:20Z</time>
</trkpt>
<trkpt lat="45.73706649" lon="7.36035811">
<ele>553.1062</ele>
<time>2026-05-08T07:35:21Z</time>
</trkpt>
<trkpt lat="45.7371049" lon="7.36071089">
<ele>552.9794</ele>
<time>2026-05-08T07:35:22Z</time>
</trkpt>
<trkpt lat="45.73714012" lon="7.36107222">
<ele>552.81555</ele>
<time>2026-05-08T07:35:23Z</time>
</trkpt>
<trkpt lat="45.73717321" lon="7.36142743">
<ele>552.5989</ele>
<time>2026-05-08T07:35:24Z</time>
</trkpt>
<trkpt lat="45.73721219" lon="7.36178235">
<ele>552.29236</ele>
<time>2026-05-08T07:35:25Z</time>
</trkpt>
<trkpt lat="45.73725524" lon="7.36214003">
<ele>551.93304</ele>
<time>2026-05-08T07:35:26Z</time>
</trkpt>
<trkpt lat="45.73729455" lon="7.36249148">
<ele>551.5208</ele>
<time>2026-05-08T07:35:27Z</time>
</trkpt>
<trkpt lat="45.73733333" lon="7.36283778">
<ele>551.1456</ele>
<time>2026-05-08T07:35:28Z</time>
</trkpt>
<trkpt lat="45.73736595" lon="7.36318769">
<ele>550.68585</ele>
<time>2026-05-08T07:35:29Z</time>
</trkpt>
<trkpt lat="45.73740586" lon="7.36353579">
<ele>550.2314</ele>
<time>2026-05-08T07:35:30Z</time>
</trkpt>
<trkpt lat="45.73744173" lon="7.36389008">
<ele>549.77686</ele>
<time>2026-05-08T07:35:31Z</time>
</trkpt>
<trkpt lat="45.73747026" lon="7.3642398">
<ele>549.3118</ele>
<time>2026-05-08T07:35:32Z</time>
</trkpt>
<trkpt lat="45.73750089" lon="7.36459175">
<ele>548.85205</ele>
<time>2026-05-08T07:35:33Z</time>
</trkpt>
<trkpt lat="45.73752834" lon="7.36494825">
<ele>548.37115</ele>
<time>2026-05-08T07:35:34Z</time>
</trkpt>
<trkpt lat="45.73755123" lon="7.3652933">
<ele>547.9167</ele>
<time>2026-05-08T07:35:35Z</time>
</trkpt>
<trkpt lat="45.73757812" lon="7.36564499">
<ele>547.4939</ele>
<time>2026-05-08T07:35:36Z</time>
</trkpt>
<trkpt lat="45.737597" lon="7.36599727">
<ele>547.124</ele>
<time>2026-05-08T07:35:37Z</time>
</trkpt>
<trkpt lat="45.73761837" lon="7.36634777">
<ele>546.78577</ele>
<time>2026-05-08T07:35:38Z</time>
</trkpt>
<trkpt lat="45.73764343" lon="7.3667034">
<ele>546.4581</ele>
<time>2026-05-08T07:35:39Z</time>
</trkpt>
<trkpt lat="45.7376699" lon="7.36705859">
<ele>546.1675</ele>
<time>2026-05-08T07:35:40Z</time>
</trkpt>
<trkpt lat="45.73769031" lon="7.36741374">
<ele>545.8663</ele>
<time>2026-05-08T07:35:41Z</time>
</trkpt>
<trkpt lat="45.73771283" lon="7.36776665">
<ele>545.59143</ele>
<time>2026-05-08T07:35:42Z</time>
</trkpt>
<trkpt lat="45.737737" lon="7.36812107">
<ele>545.3061</ele>
<time>2026-05-08T07:35:43Z</time>
</trkpt>
<trkpt lat="45.73775578" lon="7.36846849">
<ele>545.0419</ele>
<time>2026-05-08T07:35:44Z</time>
</trkpt>
<trkpt lat="45.73777891" lon="7.36881995">
<ele>544.78815</ele>
<time>2026-05-08T07:35:45Z</time>
</trkpt>
<trkpt lat="45.73780119" lon="7.36917574">
<ele>544.5715</ele>
<time>2026-05-08T07:35:46Z</time>
</trkpt>
<trkpt lat="45.73782211" lon="7.36952824">
<ele>544.37067</ele>
<time>2026-05-08T07:35:47Z</time>
</trkpt>
<trkpt lat="45.73784634" lon="7.36988088">
<ele>544.1646</ele>
<time>2026-05-08T07:35:48Z</time>
</trkpt>
<trkpt lat="45.7378703" lon="7.37023905">
<ele>543.9638</ele>
<time>2026-05-08T07:35:49Z</time>
</trkpt>
<trkpt lat="45.73789306" lon="7.37059623">
<ele>543.7999</ele>
<time>2026-05-08T07:35:50Z</time>
</trkpt>
<trkpt lat="45.73791768" lon="7.3709464">
<ele>543.60443</ele>
<time>2026-05-08T07:35:51Z</time>
</trkpt>
<trkpt lat="45.73793721" lon="7.37129536">
<ele>543.4089</ele>
<time>2026-05-08T07:35:52Z</time>
</trkpt>
<trkpt lat="45.73795734" lon="7.37164556">
<ele>543.2345</ele>
<time>2026-05-08T07:35:53Z</time>
</trkpt>
<trkpt lat="45.7379728" lon="7.37199558">
<ele>543.0601</ele>
<time>2026-05-08T07:35:54Z</time>
</trkpt>
<trkpt lat="45.73798486" lon="7.37234597">
<ele>542.90686</ele>
<time>2026-05-08T07:35:55Z</time>
</trkpt>
<trkpt lat="45.73798674" lon="7.3726934">
<ele>542.73773</ele>
<time>2026-05-08T07:35:56Z</time>
</trkpt>
<trkpt lat="45.73797807" lon="7.37302473">
<ele>542.5898</ele>
<time>2026-05-08T07:35:57Z</time>
</trkpt>
<trkpt lat="45.73796378" lon="7.3733598">
<ele>542.38367</ele>
<time>2026-05-08T07:35:58Z</time>
</trkpt>
<trkpt lat="45.73794127" lon="7.37367503">
<ele>542.1353</ele>
<time>2026-05-08T07:35:59Z</time>
</trkpt>
<trkpt lat="45.73791433" lon="7.37397435">
<ele>541.8869</ele>
<time>2026-05-08T07:36:00Z</time>
</trkpt>
<trkpt lat="45.73788284" lon="7.37424547">
<ele>541.60156</ele>
<time>2026-05-08T07:36:01Z</time>
</trkpt>
<trkpt lat="45.73784714" lon="7.37451408">
<ele>541.3479</ele>
<time>2026-05-08T07:36:02Z</time>
</trkpt>
<trkpt lat="45.73781705" lon="7.37477655">
<ele>541.09424</ele>
<time>2026-05-08T07:36:03Z</time>
</trkpt>
<trkpt lat="45.73778004" lon="7.37502741">
<ele>540.87756</ele>
<time>2026-05-08T07:36:04Z</time>
</trkpt>
<trkpt lat="45.73774099" lon="7.37528085">
<ele>540.682</ele>
<time>2026-05-08T07:36:05Z</time>
</trkpt>
<trkpt lat="45.7377012" lon="7.37553414">
<ele>540.49176</ele>
<time>2026-05-08T07:36:06Z</time>
</trkpt>
<trkpt lat="45.73766226" lon="7.3757844">
<ele>540.32794</ele>
<time>2026-05-08T07:36:07Z</time>
</trkpt>
<trkpt lat="45.73762526" lon="7.37602613">
<ele>540.1958</ele>
<time>2026-05-08T07:36:08Z</time>
</trkpt>
<trkpt lat="45.73758968" lon="7.37627254">
<ele>540.0796</ele>
<time>2026-05-08T07:36:09Z</time>
</trkpt>
<trkpt lat="45.73755795" lon="7.3765139">
<ele>539.9633</ele>
<time>2026-05-08T07:36:10Z</time>
</trkpt>
<trkpt lat="45.73752332" lon="7.37675689">
<ele>539.84174</ele>
<time>2026-05-08T07:36:11Z</time>
</trkpt>
<trkpt lat="45.737493" lon="7.37699202">
<ele>539.70966</ele>
<time>2026-05-08T07:36:12Z</time>
</trkpt>
<trkpt lat="45.73746574" lon="7.37724615">
<ele>539.54584</ele>
<time>2026-05-08T07:36:13Z</time>
</trkpt>
<trkpt lat="45.73744057" lon="7.37748055">
<ele>539.36615</ele>
<time>2026-05-08T07:36:14Z</time>
</trkpt>
<trkpt lat="45.73742278" lon="7.37771186">
<ele>539.197</ele>
<time>2026-05-08T07:36:15Z</time>
</trkpt>
<trkpt lat="45.73740612" lon="7.3779467">
<ele>539.02795</ele>
<time>2026-05-08T07:36:16Z</time>
</trkpt>
<trkpt lat="45.73739689" lon="7.37818346">
<ele>538.8694</ele>
<time>2026-05-08T07:36:17Z</time>
</trkpt>
<trkpt lat="45.73739613" lon="7.37841599">
<ele>538.68445</ele>
<time>2026-05-08T07:36:18Z</time>
</trkpt>
<trkpt lat="45.73740072" lon="7.37865653">
<ele>538.473</ele>
<time>2026-05-08T07:36:19Z</time>
</trkpt>
<trkpt lat="45.73741228" lon="7.3788924">
<ele>538.2511</ele>
<time>2026-05-08T07:36:20Z</time>
</trkpt>
<trkpt lat="45.73743377" lon="7.37912459">
<ele>538.0503</ele>
<time>2026-05-08T07:36:21Z</time>
</trkpt>
<trkpt lat="45.73745797" lon="7.37935725">
<ele>537.88116</ele>
<time>2026-05-08T07:36:22Z</time>
</trkpt>
<trkpt lat="45.73748204" lon="7.37958231">
<ele>537.71204</ele>
<time>2026-05-08T07:36:23Z</time>
</trkpt>
<trkpt lat="45.73751154" lon="7.37980407">
<ele>537.5482</ele>
<time>2026-05-08T07:36:24Z</time>
</trkpt>
<trkpt lat="45.73754892" lon="7.38003013">
<ele>537.37384</ele>
<time>2026-05-08T07:36:25Z</time>
</trkpt>
<trkpt lat="45.73759282" lon="7.38026958">
<ele>537.23645</ele>
<time>2026-05-08T07:36:26Z</time>
</trkpt>
<trkpt lat="45.73764242" lon="7.38049576">
<ele>537.10956</ele>
<time>2026-05-08T07:36:27Z</time>
</trkpt>
<trkpt lat="45.73768889" lon="7.38070328">
<ele>536.97217</ele>
<time>2026-05-08T07:36:28Z</time>
</trkpt>
<trkpt lat="45.73775088" lon="7.38091663">
<ele>536.8401</ele>
<time>2026-05-08T07:36:29Z</time>
</trkpt>
<trkpt lat="45.73781004" lon="7.38112994">
<ele>536.71857</ele>
<time>2026-05-08T07:36:30Z</time>
</trkpt>
<trkpt lat="45.73787886" lon="7.38133328">
<ele>536.6287</ele>
<time>2026-05-08T07:36:31Z</time>
</trkpt>
<trkpt lat="45.73795408" lon="7.3815441">
<ele>536.53357</ele>
<time>2026-05-08T07:36:32Z</time>
</trkpt>
<trkpt lat="45.73803396" lon="7.38175523">
<ele>536.4279</ele>
<time>2026-05-08T07:36:33Z</time>
</trkpt>
<trkpt lat="45.73811028" lon="7.38196329">
<ele>536.32745</ele>
<time>2026-05-08T07:36:34Z</time>
</trkpt>
<trkpt lat="45.73819257" lon="7.38217224">
<ele>536.20593</ele>
<time>2026-05-08T07:36:35Z</time>
</trkpt>
<trkpt lat="45.73827099" lon="7.38238116">
<ele>536.1055</ele>
<time>2026-05-08T07:36:36Z</time>
</trkpt>
<trkpt lat="45.73835672" lon="7.38258914">
<ele>535.9998</ele>
<time>2026-05-08T07:36:37Z</time>
</trkpt>
<trkpt lat="45.73843643" lon="7.38278168">
<ele>535.8994</ele>
<time>2026-05-08T07:36:38Z</time>
</trkpt>
<trkpt lat="45.7385246" lon="7.38298303">
<ele>535.78314</ele>
<time>2026-05-08T07:36:39Z</time>
</trkpt>
<trkpt lat="45.73860764" lon="7.3831835">
<ele>535.6616</ele>
<time>2026-05-08T07:36:40Z</time>
</trkpt>
<trkpt lat="45.73869277" lon="7.38337485">
<ele>535.5137</ele>
<time>2026-05-08T07:36:41Z</time>
</trkpt>
<trkpt lat="45.73877483" lon="7.38357265">
<ele>535.3762</ele>
<time>2026-05-08T07:36:42Z</time>
</trkpt>
<trkpt lat="45.73885603" lon="7.38376838">
<ele>535.2336</ele>
<time>2026-05-08T07:36:43Z</time>
</trkpt>
<trkpt lat="45.73894602" lon="7.38397055">
<ele>535.112</ele>
<time>2026-05-08T07:36:44Z</time>
</trkpt>
<trkpt lat="45.73902714" lon="7.38416883">
<ele>534.96405</ele>
<time>2026-05-08T07:36:45Z</time>
</trkpt>
<trkpt lat="45.73910395" lon="7.38436891">
<ele>534.82666</ele>
<time>2026-05-08T07:36:46Z</time>
</trkpt>
<trkpt lat="45.73917428" lon="7.38456881">
<ele>534.6945</ele>
<time>2026-05-08T07:36:47Z</time>
</trkpt>
<trkpt lat="45.73923852" lon="7.38477911">
<ele>534.5571</ele>
<time>2026-05-08T07:36:48Z</time>
</trkpt>
<trkpt lat="45.7392979" lon="7.3849922">
<ele>534.425</ele>
<time>2026-05-08T07:36:49Z</time>
</trkpt>
<trkpt lat="45.73934775" lon="7.38521743">
<ele>534.30347</ele>
<time>2026-05-08T07:36:50Z</time>
</trkpt>
<trkpt lat="45.73939853" lon="7.38544943">
<ele>534.20306</ele>
<time>2026-05-08T07:36:51Z</time>
</trkpt>
<trkpt lat="45.73943745" lon="7.38567027">
<ele>534.11847</ele>
<time>2026-05-08T07:36:52Z</time>
</trkpt>
<trkpt lat="45.73947529" lon="7.38589287">
<ele>534.0498</ele>
<time>2026-05-08T07:36:53Z</time>
</trkpt>
<trkpt lat="45.73950688" lon="7.38612363">
<ele>533.9811</ele>
<time>2026-05-08T07:36:54Z</time>
</trkpt>
<trkpt lat="45.73951988" lon="7.38632473">
<ele>533.923</ele>
<time>2026-05-08T07:36:55Z</time>
</trkpt>
<trkpt lat="45.73953221" lon="7.38653975">
<ele>533.8384</ele>
<time>2026-05-08T07:36:56Z</time>
</trkpt>
<trkpt lat="45.73954261" lon="7.38674297">
<ele>533.7855</ele>
<time>2026-05-08T07:36:57Z</time>
</trkpt>
<trkpt lat="45.73954909" lon="7.38694417">
<ele>533.7274</ele>
<time>2026-05-08T07:36:58Z</time>
</trkpt>
<trkpt lat="45.73954404" lon="7.38712982">
<ele>533.6904</ele>
<time>2026-05-08T07:36:59Z</time>
</trkpt>
<trkpt lat="45.73953097" lon="7.38731258">
<ele>533.65344</ele>
<time>2026-05-08T07:37:00Z</time>
</trkpt>
<trkpt lat="45.73951689" lon="7.38748105">
<ele>533.62177</ele>
<time>2026-05-08T07:37:01Z</time>
</trkpt>
<trkpt lat="45.73950363" lon="7.38762451">
<ele>533.57947</ele>
<time>2026-05-08T07:37:02Z</time>
</trkpt>
<trkpt lat="45.73948922" lon="7.38775081">
<ele>533.51605</ele>
<time>2026-05-08T07:37:03Z</time>
</trkpt>
<trkpt lat="45.73947802" lon="7.38785378">
<ele>533.4473</ele>
<time>2026-05-08T07:37:04Z</time>
</trkpt>
<trkpt lat="45.7394728" lon="7.38795341">
<ele>533.384</ele>
<time>2026-05-08T07:37:05Z</time>
</trkpt>
<trkpt lat="45.73946393" lon="7.38803793">
<ele>533.33636</ele>
<time>2026-05-08T07:37:06Z</time>
</trkpt>
<trkpt lat="45.73945872" lon="7.38811765">
<ele>533.2888</ele>
<time>2026-05-08T07:37:07Z</time>
</trkpt>
<trkpt lat="45.73946128" lon="7.38819761">
<ele>533.25183</ele>
<time>2026-05-08T07:37:08Z</time>
</trkpt>
<trkpt lat="45.73946827" lon="7.38827498">
<ele>533.2254</ele>
<time>2026-05-08T07:37:09Z</time>
</trkpt>
<trkpt lat="45.73947204" lon="7.38834861">
<ele>533.2042</ele>
<time>2026-05-08T07:37:10Z</time>
</trkpt>
<trkpt lat="45.73947501" lon="7.38841683">
<ele>533.17255</ele>
<time>2026-05-08T07:37:11Z</time>
</trkpt>
<trkpt lat="45.73947055" lon="7.38848342">
<ele>533.17255</ele>
<time>2026-05-08T07:37:12Z</time>
</trkpt>
<trkpt lat="45.73946504" lon="7.38853497">
<ele>533.17255</ele>
<time>2026-05-08T07:37:13Z</time>
</trkpt>
<trkpt lat="45.73945948" lon="7.38859331">
<ele>533.17255</ele>
<time>2026-05-08T07:37:14Z</time>
</trkpt>
<trkpt lat="45.73945066" lon="7.38863291">
<ele>533.17255</ele>
<time>2026-05-08T07:37:15Z</time>
</trkpt>
<trkpt lat="45.73944327" lon="7.38866769">
<ele>533.16724</ele>
<time>2026-05-08T07:37:16Z</time>
</trkpt>
<trkpt lat="45.73943813" lon="7.3886979">
<ele>533.17255</ele>
<time>2026-05-08T07:37:17Z</time>
</trkpt>
<trkpt lat="45.73943308" lon="7.38872269">
<ele>533.3998</ele>
<time>2026-05-08T07:37:18Z</time>
</trkpt>
<trkpt lat="45.73942896" lon="7.38874675">
<ele>533.627</ele>
<time>2026-05-08T07:37:19Z</time>
</trkpt>
<trkpt lat="45.73942424" lon="7.38877244">
<ele>533.8384</ele>
<time>2026-05-08T07:37:20Z</time>
</trkpt>
<trkpt lat="45.73941941" lon="7.38879264">
<ele>534.0234</ele>
<time>2026-05-08T07:37:21Z</time>
</trkpt>
<trkpt lat="45.73941777" lon="7.38879302">
<ele>534.1819</ele>
<time>2026-05-08T07:37:22Z</time>
</trkpt>
<trkpt lat="45.7394173" lon="7.38879015">
<ele>534.3246</ele>
<time>2026-05-08T07:37:23Z</time>
</trkpt>
<trkpt lat="45.73941756" lon="7.38878735">
<ele>534.44086</ele>
<time>2026-05-08T07:37:24Z</time>
</trkpt>
<trkpt lat="45.73941855" lon="7.38878712">
<ele>534.5571</ele>
<time>2026-05-08T07:37:25Z</time>
</trkpt>
<trkpt lat="45.73942136" lon="7.38879073">
<ele>534.65753</ele>
<time>2026-05-08T07:37:26Z</time>
</trkpt>
<trkpt lat="45.7393119" lon="7.3893027">
<ele>535.0169</ele>
<time>2026-05-08T07:37:34Z</time>
</trkpt>
<trkpt lat="45.73927277" lon="7.38942818">
<ele>535.0169</ele>
<time>2026-05-08T07:37:35Z</time>
</trkpt>
<trkpt lat="45.73923474" lon="7.38956725">
<ele>535.02216</ele>
<time>2026-05-08T07:37:36Z</time>
</trkpt>
<trkpt lat="45.73918992" lon="7.38972084">
<ele>535.0539</ele>
<time>2026-05-08T07:37:37Z</time>
</trkpt>
<trkpt lat="45.73914304" lon="7.38989815">
<ele>535.1173</ele>
<time>2026-05-08T07:37:38Z</time>
</trkpt>
<trkpt lat="45.73909104" lon="7.39007113">
<ele>535.186</ele>
<time>2026-05-08T07:37:39Z</time>
</trkpt>
<trkpt lat="45.73903369" lon="7.39025955">
<ele>535.2758</ele>
<time>2026-05-08T07:37:40Z</time>
</trkpt>
<trkpt lat="45.73897346" lon="7.3904578">
<ele>535.36566</ele>
<time>2026-05-08T07:37:41Z</time>
</trkpt>
<trkpt lat="45.73890755" lon="7.39066684">
<ele>535.4555</ele>
<time>2026-05-08T07:37:42Z</time>
</trkpt>
<trkpt lat="45.73884166" lon="7.39088401">
<ele>535.5506</ele>
<time>2026-05-08T07:37:43Z</time>
</trkpt>
<trkpt lat="45.73877364" lon="7.39110616">
<ele>535.6722</ele>
<time>2026-05-08T07:37:44Z</time>
</trkpt>
<trkpt lat="45.73869879" lon="7.39133172">
<ele>535.8201</ele>
<time>2026-05-08T07:37:45Z</time>
</trkpt>
<trkpt lat="45.73862428" lon="7.39156599">
<ele>535.9998</ele>
<time>2026-05-08T07:37:46Z</time>
</trkpt>
<trkpt lat="45.73854575" lon="7.39180171">
<ele>536.1795</ele>
<time>2026-05-08T07:37:47Z</time>
</trkpt>
<trkpt lat="45.7384661" lon="7.39203631">
<ele>536.3222</ele>
<time>2026-05-08T07:37:48Z</time>
</trkpt>
<trkpt lat="45.73838525" lon="7.39227282">
<ele>536.4754</ele>
<time>2026-05-08T07:37:49Z</time>
</trkpt>
<trkpt lat="45.73830429" lon="7.39251457">
<ele>536.6181</ele>
<time>2026-05-08T07:37:50Z</time>
</trkpt>
<trkpt lat="45.73822244" lon="7.39275315">
<ele>536.7397</ele>
<time>2026-05-08T07:37:51Z</time>
</trkpt>
<trkpt lat="45.73813947" lon="7.39300416">
<ele>536.8612</ele>
<time>2026-05-08T07:37:52Z</time>
</trkpt>
<trkpt lat="45.73805373" lon="7.39324868">
<ele>536.99335</ele>
<time>2026-05-08T07:37:53Z</time>
</trkpt>
<trkpt lat="45.73796829" lon="7.39348864">
<ele>537.1413</ele>
<time>2026-05-08T07:37:54Z</time>
</trkpt>
<trkpt lat="45.7378814" lon="7.39375538">
<ele>537.2893</ele>
<time>2026-05-08T07:37:55Z</time>
</trkpt>
<trkpt lat="45.73779592" lon="7.39402558">
<ele>537.47424</ele>
<time>2026-05-08T07:37:56Z</time>
</trkpt>
<trkpt lat="45.737704" lon="7.3942941">
<ele>537.6328</ele>
<time>2026-05-08T07:37:57Z</time>
</trkpt>
<trkpt lat="45.73761219" lon="7.39455949">
<ele>537.77545</ele>
<time>2026-05-08T07:37:58Z</time>
</trkpt>
<trkpt lat="45.7375181" lon="7.39483201">
<ele>537.91284</ele>
<time>2026-05-08T07:37:59Z</time>
</trkpt>
<trkpt lat="45.7374305" lon="7.39511804">
<ele>538.0925</ele>
<time>2026-05-08T07:38:00Z</time>
</trkpt>
<trkpt lat="45.73734634" lon="7.39539586">
<ele>538.2299</ele>
<time>2026-05-08T07:38:01Z</time>
</trkpt>
<trkpt lat="45.73725837" lon="7.3956813">
<ele>538.3515</ele>
<time>2026-05-08T07:38:02Z</time>
</trkpt>
<trkpt lat="45.73718291" lon="7.39597271">
<ele>538.4572</ele>
<time>2026-05-08T07:38:03Z</time>
</trkpt>
<trkpt lat="45.73710879" lon="7.39626732">
<ele>538.53644</ele>
<time>2026-05-08T07:38:04Z</time>
</trkpt>
<trkpt lat="45.73703474" lon="7.39655635">
<ele>538.6157</ele>
<time>2026-05-08T07:38:05Z</time>
</trkpt>
<trkpt lat="45.73696454" lon="7.39684021">
<ele>538.70557</ele>
<time>2026-05-08T07:38:06Z</time>
</trkpt>
<trkpt lat="45.73689863" lon="7.39714715">
<ele>538.73724</ele>
<time>2026-05-08T07:38:07Z</time>
</trkpt>
<trkpt lat="45.73683505" lon="7.3974636">
<ele>538.73724</ele>
<time>2026-05-08T07:38:08Z</time>
</trkpt>
<trkpt lat="45.73677553" lon="7.39778369">
<ele>538.70026</ele>
<time>2026-05-08T07:38:09Z</time>
</trkpt>
<trkpt lat="45.73671866" lon="7.39810646">
<ele>538.6739</ele>
<time>2026-05-08T07:38:10Z</time>
</trkpt>
<trkpt lat="45.7366679" lon="7.39843735">
<ele>538.59454</ele>
<time>2026-05-08T07:38:11Z</time>
</trkpt>
<trkpt lat="45.73661957" lon="7.39876475">
<ele>538.4889</ele>
<time>2026-05-08T07:38:12Z</time>
</trkpt>
<trkpt lat="45.73656965" lon="7.39909028">
<ele>538.39905</ele>
<time>2026-05-08T07:38:13Z</time>
</trkpt>
<trkpt lat="45.73652519" lon="7.39941859">
<ele>538.29865</ele>
<time>2026-05-08T07:38:14Z</time>
</trkpt>
<trkpt lat="45.7364817" lon="7.39975426">
<ele>538.1771</ele>
<time>2026-05-08T07:38:15Z</time>
</trkpt>
<trkpt lat="45.73645016" lon="7.40009186">
<ele>538.01855</ele>
<time>2026-05-08T07:38:16Z</time>
</trkpt>
<trkpt lat="45.73642618" lon="7.40043617">
<ele>537.8653</ele>
<time>2026-05-08T07:38:17Z</time>
</trkpt>
<trkpt lat="45.73640147" lon="7.40078807">
<ele>537.71204</ele>
<time>2026-05-08T07:38:18Z</time>
</trkpt>
<trkpt lat="45.73638382" lon="7.40113327">
<ele>537.56934</ele>
<time>2026-05-08T07:38:19Z</time>
</trkpt>
<trkpt lat="45.73637028" lon="7.4014861">
<ele>537.4056</ele>
<time>2026-05-08T07:38:20Z</time>
</trkpt>
<trkpt lat="45.73636025" lon="7.40184304">
<ele>537.284</ele>
<time>2026-05-08T07:38:21Z</time>
</trkpt>
<trkpt lat="45.73635607" lon="7.4022083">
<ele>537.19415</ele>
<time>2026-05-08T07:38:22Z</time>
</trkpt>
<trkpt lat="45.73635639" lon="7.4025938">
<ele>537.15717</ele>
<time>2026-05-08T07:38:23Z</time>
</trkpt>
<trkpt lat="45.73636571" lon="7.4029876">
<ele>537.1624</ele>
<time>2026-05-08T07:38:24Z</time>
</trkpt>
<trkpt lat="45.7363785" lon="7.40338962">
<ele>537.2417</ele>
<time>2026-05-08T07:38:25Z</time>
</trkpt>
<trkpt lat="45.73639606" lon="7.4038059">
<ele>537.39496</ele>
<time>2026-05-08T07:38:26Z</time>
</trkpt>
<trkpt lat="45.73642188" lon="7.4042301">
<ele>537.5007</ele>
<time>2026-05-08T07:38:27Z</time>
</trkpt>
<trkpt lat="45.73645665" lon="7.40465151">
<ele>537.5588</ele>
<time>2026-05-08T07:38:28Z</time>
</trkpt>
<trkpt lat="45.73649208" lon="7.40507223">
<ele>537.6222</ele>
<time>2026-05-08T07:38:29Z</time>
</trkpt>
<trkpt lat="45.73653715" lon="7.40548716">
<ele>537.6645</ele>
<time>2026-05-08T07:38:30Z</time>
</trkpt>
<trkpt lat="45.736589" lon="7.40590582">
<ele>537.75433</ele>
<time>2026-05-08T07:38:31Z</time>
</trkpt>
<trkpt lat="45.73664373" lon="7.40631936">
<ele>537.88116</ele>
<time>2026-05-08T07:38:32Z</time>
</trkpt>
<trkpt lat="45.73669741" lon="7.40673215">
<ele>537.99744</ele>
<time>2026-05-08T07:38:33Z</time>
</trkpt>
<trkpt lat="45.73674791" lon="7.40714573">
<ele>538.1348</ele>
<time>2026-05-08T07:38:34Z</time>
</trkpt>
<trkpt lat="45.73680682" lon="7.40756687">
<ele>538.26697</ele>
<time>2026-05-08T07:38:35Z</time>
</trkpt>
<trkpt lat="45.73686249" lon="7.40798138">
<ele>538.4572</ele>
<time>2026-05-08T07:38:36Z</time>
</trkpt>
<trkpt lat="45.73691747" lon="7.4083914">
<ele>538.67914</ele>
<time>2026-05-08T07:38:37Z</time>
</trkpt>
<trkpt lat="45.73698053" lon="7.40880773">
<ele>538.89056</ele>
<time>2026-05-08T07:38:38Z</time>
</trkpt>
<trkpt lat="45.73703528" lon="7.40921855">
<ele>539.11774</ele>
<time>2026-05-08T07:38:39Z</time>
</trkpt>
<trkpt lat="45.73709056" lon="7.40962901">
<ele>539.36615</ele>
<time>2026-05-08T07:38:40Z</time>
</trkpt>
<trkpt lat="45.73713702" lon="7.41005605">
<ele>539.6779</ele>
<time>2026-05-08T07:38:41Z</time>
</trkpt>
<trkpt lat="45.73717216" lon="7.41048152">
<ele>539.98975</ele>
<time>2026-05-08T07:38:42Z</time>
</trkpt>
<trkpt lat="45.73720377" lon="7.41090468">
<ele>540.3174</ele>
<time>2026-05-08T07:38:43Z</time>
</trkpt>
<trkpt lat="45.73721729" lon="7.41132296">
<ele>540.6239</ele>
<time>2026-05-08T07:38:44Z</time>
</trkpt>
<trkpt lat="45.73722759" lon="7.41174469">
<ele>540.9462</ele>
<time>2026-05-08T07:38:45Z</time>
</trkpt>
<trkpt lat="45.73723753" lon="7.41216794">
<ele>541.22107</ele>
<time>2026-05-08T07:38:46Z</time>
</trkpt>
<trkpt lat="45.73723136" lon="7.41258398">
<ele>541.48</ele>
<time>2026-05-08T07:38:47Z</time>
</trkpt>
<trkpt lat="45.73721745" lon="7.41299956">
<ele>541.6861</ele>
<time>2026-05-08T07:38:48Z</time>
</trkpt>
<trkpt lat="45.73719771" lon="7.41340935">
<ele>541.8552</ele>
<time>2026-05-08T07:38:49Z</time>
</trkpt>
<trkpt lat="45.73717335" lon="7.41381785">
<ele>542.0085</ele>
<time>2026-05-08T07:38:50Z</time>
</trkpt>
<trkpt lat="45.7371397" lon="7.41421653">
<ele>542.13</ele>
<time>2026-05-08T07:38:51Z</time>
</trkpt>
<trkpt lat="45.73709743" lon="7.41460244">
<ele>542.2093</ele>
<time>2026-05-08T07:38:52Z</time>
</trkpt>
<trkpt lat="45.7370544" lon="7.41498873">
<ele>542.2886</ele>
<time>2026-05-08T07:38:53Z</time>
</trkpt>
<trkpt lat="45.73700642" lon="7.41537588">
<ele>542.352</ele>
<time>2026-05-08T07:38:54Z</time>
</trkpt>
<trkpt lat="45.73694896" lon="7.41575763">
<ele>542.3889</ele>
<time>2026-05-08T07:38:55Z</time>
</trkpt>
<trkpt lat="45.73688189" lon="7.41612865">
<ele>542.42596</ele>
<time>2026-05-08T07:38:56Z</time>
</trkpt>
<trkpt lat="45.73681528" lon="7.41649111">
<ele>542.3995</ele>
<time>2026-05-08T07:38:57Z</time>
</trkpt>
<trkpt lat="45.73674589" lon="7.41684429">
<ele>542.3361</ele>
<time>2026-05-08T07:38:58Z</time>
</trkpt>
<trkpt lat="45.73667791" lon="7.41719869">
<ele>542.2304</ele>
<time>2026-05-08T07:38:59Z</time>
</trkpt>
<trkpt lat="45.73660541" lon="7.41752889">
<ele>542.07715</ele>
<time>2026-05-08T07:39:00Z</time>
</trkpt>
<trkpt lat="45.73653426" lon="7.41784647">
<ele>541.87634</ele>
<time>2026-05-08T07:39:01Z</time>
</trkpt>
<trkpt lat="45.73645476" lon="7.41815532">
<ele>541.6438</ele>
<time>2026-05-08T07:39:02Z</time>
</trkpt>
<trkpt lat="45.73636459" lon="7.41846838">
<ele>541.45886</ele>
<time>2026-05-08T07:39:03Z</time>
</trkpt>
<trkpt lat="45.73626799" lon="7.41877731">
<ele>541.3003</ele>
<time>2026-05-08T07:39:04Z</time>
</trkpt>
<trkpt lat="45.73616233" lon="7.41909199">
<ele>541.15765</ele>
<time>2026-05-08T07:39:05Z</time>
</trkpt>
<trkpt lat="45.73605141" lon="7.41941612">
<ele>541.0308</ele>
<time>2026-05-08T07:39:06Z</time>
</trkpt>
<trkpt lat="45.73593197" lon="7.41973967">
<ele>540.8828</ele>
<time>2026-05-08T07:39:07Z</time>
</trkpt>
<trkpt lat="45.73580695" lon="7.42005935">
<ele>540.71375</ele>
<time>2026-05-08T07:39:08Z</time>
</trkpt>
<trkpt lat="45.73567725" lon="7.42036302">
<ele>540.4601</ele>
<time>2026-05-08T07:39:09Z</time>
</trkpt>
<trkpt lat="45.73555182" lon="7.42065519">
<ele>540.1166</ele>
<time>2026-05-08T07:39:10Z</time>
</trkpt>
<trkpt lat="45.7354284" lon="7.42095294">
<ele>539.74133</ele>
<time>2026-05-08T07:39:11Z</time>
</trkpt>
<trkpt lat="45.73531279" lon="7.42123947">
<ele>539.32385</ele>
<time>2026-05-08T07:39:12Z</time>
</trkpt>
<trkpt lat="45.7351996" lon="7.42152186">
<ele>538.8324</ele>
<time>2026-05-08T07:39:13Z</time>
</trkpt>
<trkpt lat="45.7350926" lon="7.42179841">
<ele>538.4942</ele>
<time>2026-05-08T07:39:14Z</time>
</trkpt>
<trkpt lat="45.73497919" lon="7.42206937">
<ele>537.9763</ele>
<time>2026-05-08T07:39:15Z</time>
</trkpt>
<trkpt lat="45.73487098" lon="7.42234126">
<ele>537.5112</ele>
<time>2026-05-08T07:39:16Z</time>
</trkpt>
<trkpt lat="45.73477093" lon="7.42261675">
<ele>537.0409</ele>
<time>2026-05-08T07:39:17Z</time>
</trkpt>
<trkpt lat="45.73466598" lon="7.42289797">
<ele>536.61285</ele>
<time>2026-05-08T07:39:18Z</time>
</trkpt>
<trkpt lat="45.73456893" lon="7.42317546">
<ele>536.21124</ele>
<time>2026-05-08T07:39:19Z</time>
</trkpt>
<trkpt lat="45.7344775" lon="7.42346359">
<ele>535.8149</ele>
<time>2026-05-08T07:39:20Z</time>
</trkpt>
<trkpt lat="45.7343878" lon="7.42374401">
<ele>535.42377</ele>
<time>2026-05-08T07:39:21Z</time>
</trkpt>
<trkpt lat="45.73430012" lon="7.4240343">
<ele>535.038</ele>
<time>2026-05-08T07:39:22Z</time>
</trkpt>
<trkpt lat="45.73421939" lon="7.42432755">
<ele>534.66284</ele>
<time>2026-05-08T07:39:23Z</time>
</trkpt>
<trkpt lat="45.73414446" lon="7.42462491">
<ele>534.3088</ele>
<time>2026-05-08T07:39:24Z</time>
</trkpt>
<trkpt lat="45.73406799" lon="7.42491184">
<ele>533.9547</ele>
<time>2026-05-08T07:39:25Z</time>
</trkpt>
<trkpt lat="45.73400163" lon="7.42521706">
<ele>533.6059</ele>
<time>2026-05-08T07:39:26Z</time>
</trkpt>
<trkpt lat="45.73393781" lon="7.42551798">
<ele>533.25183</ele>
<time>2026-05-08T07:39:27Z</time>
</trkpt>
<trkpt lat="45.73387983" lon="7.42582237">
<ele>532.8766</ele>
<time>2026-05-08T07:39:28Z</time>
</trkpt>
<trkpt lat="45.73382767" lon="7.42613185">
<ele>532.7022</ele>
<time>2026-05-08T07:39:29Z</time>
</trkpt>
<trkpt lat="45.73377896" lon="7.42645103">
<ele>532.3798</ele>
<time>2026-05-08T07:39:30Z</time>
</trkpt>
<trkpt lat="45.73373804" lon="7.4267627">
<ele>532.09973</ele>
<time>2026-05-08T07:39:31Z</time>
</trkpt>
<trkpt lat="45.73370864" lon="7.42708122">
<ele>531.8408</ele>
<time>2026-05-08T07:39:32Z</time>
</trkpt>
<trkpt lat="45.73368367" lon="7.42741096">
<ele>531.6506</ele>
<time>2026-05-08T07:39:33Z</time>
</trkpt>
<trkpt lat="45.73366351" lon="7.42775476">
<ele>531.49207</ele>
<time>2026-05-08T07:39:34Z</time>
</trkpt>
<trkpt lat="45.73364373" lon="7.42811609">
<ele>531.4392</ele>
<time>2026-05-08T07:39:35Z</time>
</trkpt>
<trkpt lat="45.73362568" lon="7.42848962">
<ele>531.44977</ele>
<time>2026-05-08T07:39:36Z</time>
</trkpt>
<trkpt lat="45.7336096" lon="7.42887121">
<ele>531.4973</ele>
<time>2026-05-08T07:39:37Z</time>
</trkpt>
<trkpt lat="45.73360595" lon="7.42925152">
<ele>531.6136</ele>
<time>2026-05-08T07:39:38Z</time>
</trkpt>
<trkpt lat="45.73360503" lon="7.42966543">
<ele>531.8091</ele>
<time>2026-05-08T07:39:39Z</time>
</trkpt>
<trkpt lat="45.73361807" lon="7.4300847">
<ele>532.02576</ele>
<time>2026-05-08T07:39:40Z</time>
</trkpt>
<trkpt lat="45.73363721" lon="7.43051524">
<ele>532.2583</ele>
<time>2026-05-08T07:39:41Z</time>
</trkpt>
<trkpt lat="45.73366413" lon="7.43094631">
<ele>532.52783</ele>
<time>2026-05-08T07:39:42Z</time>
</trkpt>
<trkpt lat="45.73370588" lon="7.43137212">
<ele>532.7392</ele>
<time>2026-05-08T07:39:43Z</time>
</trkpt>
<trkpt lat="45.73375592" lon="7.43179029">
<ele>532.96643</ele>
<time>2026-05-08T07:39:44Z</time>
</trkpt>
<trkpt lat="45.7338105" lon="7.43219527">
<ele>533.2201</ele>
<time>2026-05-08T07:39:45Z</time>
</trkpt>
<trkpt lat="45.73386747" lon="7.43260806">
<ele>533.4896</ele>
<time>2026-05-08T07:39:46Z</time>
</trkpt>
<trkpt lat="45.73392944" lon="7.43302112">
<ele>533.7433</ele>
<time>2026-05-08T07:39:47Z</time>
</trkpt>
<trkpt lat="45.73400167" lon="7.43342872">
<ele>534.03394</ele>
<time>2026-05-08T07:39:48Z</time>
</trkpt>
<trkpt lat="45.7340827" lon="7.4338347">
<ele>534.3299</ele>
<time>2026-05-08T07:39:49Z</time>
</trkpt>
<trkpt lat="45.73418224" lon="7.4342372">
<ele>534.64166</ele>
<time>2026-05-08T07:39:50Z</time>
</trkpt>
<trkpt lat="45.73428674" lon="7.43463164">
<ele>534.9059</ele>
<time>2026-05-08T07:39:51Z</time>
</trkpt>
<trkpt lat="45.7343896" lon="7.43502364">
<ele>535.24414</ele>
<time>2026-05-08T07:39:52Z</time>
</trkpt>
<trkpt lat="45.73448946" lon="7.43540987">
<ele>535.54004</ele>
<time>2026-05-08T07:39:53Z</time>
</trkpt>
<trkpt lat="45.73459331" lon="7.43578589">
<ele>535.836</ele>
<time>2026-05-08T07:39:54Z</time>
</trkpt>
<trkpt lat="45.73468464" lon="7.43615272">
<ele>536.0738</ele>
<time>2026-05-08T07:39:55Z</time>
</trkpt>
<trkpt lat="45.73477454" lon="7.43650642">
<ele>536.3222</ele>
<time>2026-05-08T07:39:56Z</time>
</trkpt>
<trkpt lat="45.73487489" lon="7.43686531">
<ele>536.54944</ele>
<time>2026-05-08T07:39:57Z</time>
</trkpt>
<trkpt lat="45.7349654" lon="7.43721018">
<ele>536.8031</ele>
<time>2026-05-08T07:39:58Z</time>
</trkpt>
<trkpt lat="45.73506443" lon="7.437557">
<ele>537.1043</ele>
<time>2026-05-08T07:39:59Z</time>
</trkpt>
<trkpt lat="45.7351622" lon="7.43792318">
<ele>537.4637</ele>
<time>2026-05-08T07:40:00Z</time>
</trkpt>
<trkpt lat="45.7352622" lon="7.43829207">
<ele>537.8917</ele>
<time>2026-05-08T07:40:01Z</time>
</trkpt>
<trkpt lat="45.73535773" lon="7.43867455">
<ele>538.4149</ele>
<time>2026-05-08T07:40:02Z</time>
</trkpt>
<trkpt lat="45.73546209" lon="7.43907164">
<ele>538.9751</ele>
<time>2026-05-08T07:40:03Z</time>
</trkpt>
<trkpt lat="45.73557041" lon="7.43946649">
<ele>539.5247</ele>
<time>2026-05-08T07:40:04Z</time>
</trkpt>
<trkpt lat="45.735679" lon="7.4398673">
<ele>540.106</ele>
<time>2026-05-08T07:40:05Z</time>
</trkpt>
<trkpt lat="45.73578411" lon="7.44027764">
<ele>540.67145</ele>
<time>2026-05-08T07:40:06Z</time>
</trkpt>
<trkpt lat="45.73589399" lon="7.44065941">
<ele>541.2316</ele>
<time>2026-05-08T07:40:07Z</time>
</trkpt>
<trkpt lat="45.73599811" lon="7.44105531">
<ele>541.73364</ele>
<time>2026-05-08T07:40:08Z</time>
</trkpt>
<trkpt lat="45.73611768" lon="7.44146139">
<ele>542.22516</ele>
<time>2026-05-08T07:40:09Z</time>
</trkpt>
<trkpt lat="45.73621395" lon="7.44185149">
<ele>542.7483</ele>
<time>2026-05-08T07:40:10Z</time>
</trkpt>
<trkpt lat="45.73630865" lon="7.4422571">
<ele>543.22394</ele>
<time>2026-05-08T07:40:11Z</time>
</trkpt>
<trkpt lat="45.73642099" lon="7.44266665">
<ele>543.6837</ele>
<time>2026-05-08T07:40:12Z</time>
</trkpt>
<trkpt lat="45.73651725" lon="7.44307133">
<ele>544.0959</ele>
<time>2026-05-08T07:40:13Z</time>
</trkpt>
<trkpt lat="45.73661762" lon="7.44346912">
<ele>544.42883</ele>
<time>2026-05-08T07:40:14Z</time>
</trkpt>
<trkpt lat="45.73671773" lon="7.44385944">
<ele>544.7406</ele>
<time>2026-05-08T07:40:15Z</time>
</trkpt>
<trkpt lat="45.73682918" lon="7.44426543">
<ele>545.03125</ele>
<time>2026-05-08T07:40:16Z</time>
</trkpt>
<trkpt lat="45.73693022" lon="7.44466624">
<ele>545.2479</ele>
<time>2026-05-08T07:40:17Z</time>
</trkpt>
<trkpt lat="45.73703263" lon="7.44506367">
<ele>545.3695</ele>
<time>2026-05-08T07:40:18Z</time>
</trkpt>
<trkpt lat="45.73714131" lon="7.44545122">
<ele>545.4646</ele>
<time>2026-05-08T07:40:19Z</time>
</trkpt>
<trkpt lat="45.73724792" lon="7.44584477">
<ele>545.4435</ele>
<time>2026-05-08T07:40:20Z</time>
</trkpt>
<trkpt lat="45.73735234" lon="7.44623837">
<ele>545.41174</ele>
<time>2026-05-08T07:40:21Z</time>
</trkpt>
<trkpt lat="45.73745828" lon="7.44663088">
<ele>545.31665</ele>
<time>2026-05-08T07:40:22Z</time>
</trkpt>
<trkpt lat="45.73756479" lon="7.4470314">
<ele>545.17395</ele>
<time>2026-05-08T07:40:23Z</time>
</trkpt>
<trkpt lat="45.73766302" lon="7.44742065">
<ele>544.97314</ele>
<time>2026-05-08T07:40:24Z</time>
</trkpt>
<trkpt lat="45.73775478" lon="7.44781794">
<ele>544.7195</ele>
<time>2026-05-08T07:40:25Z</time>
</trkpt>
<trkpt lat="45.73783621" lon="7.44821335">
<ele>544.4235</ele>
<time>2026-05-08T07:40:26Z</time>
</trkpt>
<trkpt lat="45.73790443" lon="7.44861144">
<ele>544.08</ele>
<time>2026-05-08T07:40:27Z</time>
</trkpt>
<trkpt lat="45.73795731" lon="7.44900896">
<ele>543.66254</ele>
<time>2026-05-08T07:40:28Z</time>
</trkpt>
<trkpt lat="45.73799182" lon="7.44939914">
<ele>543.1922</ele>
<time>2026-05-08T07:40:29Z</time>
</trkpt>
<trkpt lat="45.73801215" lon="7.44979356">
<ele>542.68494</ele>
<time>2026-05-08T07:40:30Z</time>
</trkpt>
<trkpt lat="45.73802276" lon="7.45018399">
<ele>542.1353</ele>
<time>2026-05-08T07:40:31Z</time>
</trkpt>
<trkpt lat="45.73802588" lon="7.45056063">
<ele>541.55927</ele>
<time>2026-05-08T07:40:32Z</time>
</trkpt>
<trkpt lat="45.73801785" lon="7.45094667">
<ele>540.9568</ele>
<time>2026-05-08T07:40:33Z</time>
</trkpt>
<trkpt lat="45.73798986" lon="7.45131858">
<ele>540.3385</ele>
<time>2026-05-08T07:40:34Z</time>
</trkpt>
<trkpt lat="45.73795582" lon="7.45168599">
<ele>539.6885</ele>
<time>2026-05-08T07:40:35Z</time>
</trkpt>
<trkpt lat="45.73791053" lon="7.45204791">
<ele>539.00146</ele>
<time>2026-05-08T07:40:36Z</time>
</trkpt>
<trkpt lat="45.73785747" lon="7.45240105">
<ele>538.29865</ele>
<time>2026-05-08T07:40:37Z</time>
</trkpt>
<trkpt lat="45.7377958" lon="7.45274979">
<ele>537.57996</ele>
<time>2026-05-08T07:40:38Z</time>
</trkpt>
<trkpt lat="45.73773212" lon="7.45309222">
<ele>536.89294</ele>
<time>2026-05-08T07:40:39Z</time>
</trkpt>
<trkpt lat="45.73766202" lon="7.45343092">
<ele>536.23236</ele>
<time>2026-05-08T07:40:40Z</time>
</trkpt>
<trkpt lat="45.73759244" lon="7.4537566">
<ele>535.54535</ele>
<time>2026-05-08T07:40:41Z</time>
</trkpt>
<trkpt lat="45.73752804" lon="7.4540858">
<ele>534.8953</ele>
<time>2026-05-08T07:40:42Z</time>
</trkpt>
<trkpt lat="45.73746487" lon="7.45441621">
<ele>534.2559</ele>
<time>2026-05-08T07:40:43Z</time>
</trkpt>
<trkpt lat="45.73739871" lon="7.45473764">
<ele>533.57947</ele>
<time>2026-05-08T07:40:44Z</time>
</trkpt>
<trkpt lat="45.73733372" lon="7.45504385">
<ele>532.9453</ele>
<time>2026-05-08T07:40:45Z</time>
</trkpt>
<trkpt lat="45.7372717" lon="7.45535318">
<ele>532.2847</ele>
<time>2026-05-08T07:40:46Z</time>
</trkpt>
<trkpt lat="45.73721337" lon="7.45565923">
<ele>531.6506</ele>
<time>2026-05-08T07:40:47Z</time>
</trkpt>
<trkpt lat="45.73714611" lon="7.45597491">
<ele>531.027</ele>
<time>2026-05-08T07:40:48Z</time>
</trkpt>
<trkpt lat="45.7370804" lon="7.45628729">
<ele>530.45624</ele>
<time>2026-05-08T07:40:49Z</time>
</trkpt>
<trkpt lat="45.7370149" lon="7.45659794">
<ele>529.9119</ele>
<time>2026-05-08T07:40:50Z</time>
</trkpt>
<trkpt lat="45.73695302" lon="7.4569057">
<ele>529.40985</ele>
<time>2026-05-08T07:40:51Z</time>
</trkpt>
<trkpt lat="45.73689429" lon="7.4572092">
<ele>528.93427</ele>
<time>2026-05-08T07:40:52Z</time>
</trkpt>
<trkpt lat="45.7368296" lon="7.4575153">
<ele>528.4956</ele>
<time>2026-05-08T07:40:53Z</time>
</trkpt>
<trkpt lat="45.73676946" lon="7.45782905">
<ele>528.094</ele>
<time>2026-05-08T07:40:54Z</time>
</trkpt>
<trkpt lat="45.73670974" lon="7.45813749">
<ele>527.7399</ele>
<time>2026-05-08T07:40:55Z</time>
</trkpt>
<trkpt lat="45.73665214" lon="7.4584465">
<ele>527.38586</ele>
<time>2026-05-08T07:40:56Z</time>
</trkpt>
<trkpt lat="45.73658751" lon="7.45874845">
<ele>527.04767</ele>
<time>2026-05-08T07:40:57Z</time>
</trkpt>
<trkpt lat="45.73653396" lon="7.45905563">
<ele>526.72</ele>
<time>2026-05-08T07:40:58Z</time>
</trkpt>
<trkpt lat="45.73646893" lon="7.45936097">
<ele>526.39764</ele>
<time>2026-05-08T07:40:59Z</time>
</trkpt>
<trkpt lat="45.73640109" lon="7.45966875">
<ele>526.1017</ele>
<time>2026-05-08T07:41:00Z</time>
</trkpt>
<trkpt lat="45.73634017" lon="7.45997582">
<ele>525.81635</ele>
<time>2026-05-08T07:41:01Z</time>
</trkpt>
<trkpt lat="45.73627839" lon="7.4602777">
<ele>525.53625</ele>
<time>2026-05-08T07:41:02Z</time>
</trkpt>
<trkpt lat="45.73622146" lon="7.46058443">
<ele>525.2879</ele>
<time>2026-05-08T07:41:03Z</time>
</trkpt>
<trkpt lat="45.73616483" lon="7.46088696">
<ele>525.0553</ele>
<time>2026-05-08T07:41:04Z</time>
</trkpt>
<trkpt lat="45.73611338" lon="7.46119626">
<ele>524.82806</ele>
<time>2026-05-08T07:41:05Z</time>
</trkpt>
<trkpt lat="45.73605255" lon="7.46150174">
<ele>524.5903</ele>
<time>2026-05-08T07:41:06Z</time>
</trkpt>
<trkpt lat="45.73599949" lon="7.46179701">
<ele>524.37366</ele>
<time>2026-05-08T07:41:07Z</time>
</trkpt>
<trkpt lat="45.73595338" lon="7.46209158">
<ele>524.1517</ele>
<time>2026-05-08T07:41:08Z</time>
</trkpt>
<trkpt lat="45.73591173" lon="7.46239469">
<ele>523.9667</ele>
<time>2026-05-08T07:41:09Z</time>
</trkpt>
<trkpt lat="45.73587829" lon="7.46269385">
<ele>523.787</ele>
<time>2026-05-08T07:41:10Z</time>
</trkpt>
<trkpt lat="45.73585628" lon="7.46299422">
<ele>523.5756</ele>
<time>2026-05-08T07:41:11Z</time>
</trkpt>
<trkpt lat="45.73583881" lon="7.46330108">
<ele>523.3801</ele>
<time>2026-05-08T07:41:12Z</time>
</trkpt>
<trkpt lat="45.73582767" lon="7.46360444">
<ele>523.21625</ele>
<time>2026-05-08T07:41:13Z</time>
</trkpt>
<trkpt lat="45.73582017" lon="7.46390566">
<ele>523.02606</ele>
<time>2026-05-08T07:41:14Z</time>
</trkpt>
<trkpt lat="45.73582504" lon="7.46420432">
<ele>522.84106</ele>
<time>2026-05-08T07:41:15Z</time>
</trkpt>
<trkpt lat="45.73583871" lon="7.46450516">
<ele>522.6667</ele>
<time>2026-05-08T07:41:16Z</time>
</trkpt>
<trkpt lat="45.73586105" lon="7.46480027">
<ele>522.4923</ele>
<time>2026-05-08T07:41:17Z</time>
</trkpt>
<trkpt lat="45.73588541" lon="7.4650953">
<ele>522.29144</ele>
<time>2026-05-08T07:41:18Z</time>
</trkpt>
<trkpt lat="45.73592043" lon="7.46538371">
<ele>522.0484</ele>
<time>2026-05-08T07:41:19Z</time>
</trkpt>
<trkpt lat="45.73596368" lon="7.46567059">
<ele>522.03253</ele>
<time>2026-05-08T07:41:20Z</time>
</trkpt>
<trkpt lat="45.73605998" lon="7.46623824">
<ele>521.5252</ele>
<time>2026-05-08T07:41:22Z</time>
</trkpt>
<trkpt lat="45.73612284" lon="7.46651614">
<ele>521.27686</ele>
<time>2026-05-08T07:41:23Z</time>
</trkpt>
<trkpt lat="45.73619678" lon="7.46677987">
<ele>521.076</ele>
<time>2026-05-08T07:41:24Z</time>
</trkpt>
<trkpt lat="45.73629294" lon="7.46707493">
<ele>520.90686</ele>
<time>2026-05-08T07:41:25Z</time>
</trkpt>
<trkpt lat="45.73639263" lon="7.46737181">
<ele>520.7959</ele>
<time>2026-05-08T07:41:26Z</time>
</trkpt>
<trkpt lat="45.73649918" lon="7.46767632">
<ele>520.6902</ele>
<time>2026-05-08T07:41:27Z</time>
</trkpt>
<trkpt lat="45.73661766" lon="7.46798752">
<ele>520.6268</ele>
<time>2026-05-08T07:41:28Z</time>
</trkpt>
<trkpt lat="45.73674672" lon="7.46829727">
<ele>520.58453</ele>
<time>2026-05-08T07:41:29Z</time>
</trkpt>
<trkpt lat="45.73688877" lon="7.46862245">
<ele>520.58984</ele>
<time>2026-05-08T07:41:30Z</time>
</trkpt>
<trkpt lat="45.73704473" lon="7.46894006">
<ele>520.5528</ele>
<time>2026-05-08T07:41:31Z</time>
</trkpt>
<trkpt lat="45.73721063" lon="7.46924682">
<ele>520.50525</ele>
<time>2026-05-08T07:41:32Z</time>
</trkpt>
<trkpt lat="45.73738411" lon="7.46954535">
<ele>520.537</ele>
<time>2026-05-08T07:41:33Z</time>
</trkpt>
<trkpt lat="45.73756639" lon="7.46984139">
<ele>520.4313</ele>
<time>2026-05-08T07:41:34Z</time>
</trkpt>
<trkpt lat="45.73774835" lon="7.47013066">
<ele>520.30444</ele>
<time>2026-05-08T07:41:35Z</time>
</trkpt>
<trkpt lat="45.73811055" lon="7.47073529">
<ele>519.9715</ele>
<time>2026-05-08T07:41:37Z</time>
</trkpt>
<trkpt lat="45.73828512" lon="7.47101877">
<ele>519.739</ele>
<time>2026-05-08T07:41:38Z</time>
</trkpt>
<trkpt lat="45.73846078" lon="7.47130334">
<ele>519.5065</ele>
<time>2026-05-08T07:41:39Z</time>
</trkpt>
<trkpt lat="45.73862968" lon="7.4715886">
<ele>519.2528</ele>
<time>2026-05-08T07:41:40Z</time>
</trkpt>
<trkpt lat="45.73881364" lon="7.47188113">
<ele>518.96216</ele>
<time>2026-05-08T07:41:41Z</time>
</trkpt>
<trkpt lat="45.73900016" lon="7.47216522">
<ele>518.6503</ele>
<time>2026-05-08T07:41:42Z</time>
</trkpt>
<trkpt lat="45.73917806" lon="7.4724511">
<ele>518.31744</ele>
<time>2026-05-08T07:41:43Z</time>
</trkpt>
<trkpt lat="45.73935593" lon="7.47274351">
<ele>517.9158</ele>
<time>2026-05-08T07:41:44Z</time>
</trkpt>
<trkpt lat="45.73953466" lon="7.47304862">
<ele>517.51416</ele>
<time>2026-05-08T07:41:45Z</time>
</trkpt>
<trkpt lat="45.73969973" lon="7.47335619">
<ele>517.1231</ele>
<time>2026-05-08T07:41:46Z</time>
</trkpt>
<trkpt lat="45.73986329" lon="7.47366373">
<ele>516.7109</ele>
<time>2026-05-08T07:41:47Z</time>
</trkpt>
<trkpt lat="45.74002053" lon="7.47396837">
<ele>516.28284</ele>
<time>2026-05-08T07:41:48Z</time>
</trkpt>
<trkpt lat="45.74017681" lon="7.47428996">
<ele>515.82837</ele>
<time>2026-05-08T07:41:49Z</time>
</trkpt>
<trkpt lat="45.74033034" lon="7.47461717">
<ele>515.37915</ele>
<time>2026-05-08T07:41:50Z</time>
</trkpt>
<trkpt lat="45.74047855" lon="7.47495656">
<ele>514.93</ele>
<time>2026-05-08T07:41:51Z</time>
</trkpt>
<trkpt lat="45.74061937" lon="7.47528423">
<ele>514.4808</ele>
<time>2026-05-08T07:41:52Z</time>
</trkpt>
<trkpt lat="45.7408803" lon="7.47592683">
<ele>513.6035</ele>
<time>2026-05-08T07:41:54Z</time>
</trkpt>
<trkpt lat="45.74100538" lon="7.47625556">
<ele>513.19135</ele>
<time>2026-05-08T07:41:55Z</time>
</trkpt>
<trkpt lat="45.74112772" lon="7.47661142">
<ele>512.80023</ele>
<time>2026-05-08T07:41:56Z</time>
</trkpt>
<trkpt lat="45.74124083" lon="7.47696253">
<ele>512.4092</ele>
<time>2026-05-08T07:41:57Z</time>
</trkpt>
<trkpt lat="45.74135037" lon="7.47731483">
<ele>512.14496</ele>
<time>2026-05-08T07:41:58Z</time>
</trkpt>
<trkpt lat="45.74174319" lon="7.47875256">
<ele>510.85553</ele>
<time>2026-05-08T07:42:02Z</time>
</trkpt>
<trkpt lat="45.7418242" lon="7.47913109">
<ele>510.60712</ele>
<time>2026-05-08T07:42:03Z</time>
</trkpt>
<trkpt lat="45.74190716" lon="7.47950341">
<ele>510.39572</ele>
<time>2026-05-08T07:42:04Z</time>
</trkpt>
<trkpt lat="45.74198763" lon="7.47987367">
<ele>510.15793</ele>
<time>2026-05-08T07:42:05Z</time>
</trkpt>
<trkpt lat="45.74206096" lon="7.48024469">
<ele>509.936</ele>
<time>2026-05-08T07:42:06Z</time>
</trkpt>
<trkpt lat="45.7421408" lon="7.48061962">
<ele>509.6823</ele>
<time>2026-05-08T07:42:07Z</time>
</trkpt>
<trkpt lat="45.74220423" lon="7.48097296">
<ele>509.4075</ele>
<time>2026-05-08T07:42:08Z</time>
</trkpt>
<trkpt lat="45.74226025" lon="7.48131022">
<ele>509.1433</ele>
<time>2026-05-08T07:42:09Z</time>
</trkpt>
<trkpt lat="45.74233047" lon="7.48167034">
<ele>508.84204</ele>
<time>2026-05-08T07:42:10Z</time>
</trkpt>
<trkpt lat="45.74239157" lon="7.48200594">
<ele>508.55667</ele>
<time>2026-05-08T07:42:11Z</time>
</trkpt>
<trkpt lat="45.74243975" lon="7.48233668">
<ele>508.2819</ele>
<time>2026-05-08T07:42:12Z</time>
</trkpt>
<trkpt lat="45.74248715" lon="7.48265493">
<ele>507.9701</ele>
<time>2026-05-08T07:42:13Z</time>
</trkpt>
<trkpt lat="45.74253015" lon="7.48297085">
<ele>507.70587</ele>
<time>2026-05-08T07:42:14Z</time>
</trkpt>
<trkpt lat="45.74257342" lon="7.48328855">
<ele>507.43634</ele>
<time>2026-05-08T07:42:15Z</time>
</trkpt>
<trkpt lat="45.74261729" lon="7.48358872">
<ele>507.16153</ele>
<time>2026-05-08T07:42:16Z</time>
</trkpt>
<trkpt lat="45.74265149" lon="7.48388476">
<ele>506.87088</ele>
<time>2026-05-08T07:42:17Z</time>
</trkpt>
<trkpt lat="45.7426899" lon="7.48418168">
<ele>506.5855</ele>
<time>2026-05-08T07:42:18Z</time>
</trkpt>
<trkpt lat="45.7427195" lon="7.48446644">
<ele>506.30014</ele>
<time>2026-05-08T07:42:19Z</time>
</trkpt>
<trkpt lat="45.74275" lon="7.48473617">
<ele>506.02005</ele>
<time>2026-05-08T07:42:20Z</time>
</trkpt>
<trkpt lat="45.74277661" lon="7.48500904">
<ele>505.75583</ele>
<time>2026-05-08T07:42:21Z</time>
</trkpt>
<trkpt lat="45.74279926" lon="7.4852858">
<ele>505.50217</ele>
<time>2026-05-08T07:42:22Z</time>
</trkpt>
<trkpt lat="45.7428179" lon="7.48555805">
<ele>505.28552</ele>
<time>2026-05-08T07:42:23Z</time>
</trkpt>
<trkpt lat="45.7428392" lon="7.48582732">
<ele>505.0424</ele>
<time>2026-05-08T07:42:24Z</time>
</trkpt>
<trkpt lat="45.74285659" lon="7.48607671">
<ele>504.79404</ele>
<time>2026-05-08T07:42:25Z</time>
</trkpt>
<trkpt lat="45.74288432" lon="7.48634304">
<ele>504.6038</ele>
<time>2026-05-08T07:42:26Z</time>
</trkpt>
<trkpt lat="45.74290972" lon="7.48661631">
<ele>504.4558</ele>
<time>2026-05-08T07:42:27Z</time>
</trkpt>
<trkpt lat="45.74293181" lon="7.48690162">
<ele>504.32898</ele>
<time>2026-05-08T07:42:28Z</time>
</trkpt>
<trkpt lat="45.74295451" lon="7.48719">
<ele>504.19156</ele>
<time>2026-05-08T07:42:29Z</time>
</trkpt>
<trkpt lat="45.74296908" lon="7.48745891">
<ele>504.01718</ele>
<time>2026-05-08T07:42:30Z</time>
</trkpt>
<trkpt lat="45.74298726" lon="7.48772093">
<ele>503.84277</ele>
<time>2026-05-08T07:42:31Z</time>
</trkpt>
<trkpt lat="45.74300094" lon="7.48796576">
<ele>503.64197</ele>
<time>2026-05-08T07:42:32Z</time>
</trkpt>
<trkpt lat="45.74301102" lon="7.48820191">
<ele>503.45703</ele>
<time>2026-05-08T07:42:33Z</time>
</trkpt>
<trkpt lat="45.74302654" lon="7.48844552">
<ele>503.2773</ele>
<time>2026-05-08T07:42:34Z</time>
</trkpt>
<trkpt lat="45.74303978" lon="7.48867168">
<ele>503.12936</ele>
<time>2026-05-08T07:42:35Z</time>
</trkpt>
<trkpt lat="45.7430527" lon="7.48890167">
<ele>502.96555</ele>
<time>2026-05-08T07:42:36Z</time>
</trkpt>
<trkpt lat="45.74306492" lon="7.48912849">
<ele>502.81232</ele>
<time>2026-05-08T07:42:37Z</time>
</trkpt>
<trkpt lat="45.74307401" lon="7.48935287">
<ele>502.66434</ele>
<time>2026-05-08T07:42:38Z</time>
</trkpt>
<trkpt lat="45.74308328" lon="7.4895681">
<ele>502.52164</ele>
<time>2026-05-08T07:42:39Z</time>
</trkpt>
<trkpt lat="45.74309175" lon="7.48979315">
<ele>502.37897</ele>
<time>2026-05-08T07:42:40Z</time>
</trkpt>
<trkpt lat="45.74310147" lon="7.48999915">
<ele>502.2204</ele>
<time>2026-05-08T07:42:41Z</time>
</trkpt>
<trkpt lat="45.74311325" lon="7.49020216">
<ele>502.09357</ele>
<time>2026-05-08T07:42:42Z</time>
</trkpt>
<trkpt lat="45.74312566" lon="7.49041022">
<ele>501.9826</ele>
<time>2026-05-08T07:42:43Z</time>
</trkpt>
<trkpt lat="45.74313396" lon="7.49061298">
<ele>501.86633</ele>
<time>2026-05-08T07:42:44Z</time>
</trkpt>
<trkpt lat="45.74314549" lon="7.49080829">
<ele>501.76593</ele>
<time>2026-05-08T07:42:45Z</time>
</trkpt>
<trkpt lat="45.74315333" lon="7.49100879">
<ele>501.64438</ele>
<time>2026-05-08T07:42:46Z</time>
</trkpt>
<trkpt lat="45.74315878" lon="7.49119983">
<ele>501.5281</ele>
<time>2026-05-08T07:42:47Z</time>
</trkpt>
<trkpt lat="45.74316989" lon="7.49139601">
<ele>501.41714</ele>
<time>2026-05-08T07:42:48Z</time>
</trkpt>
<trkpt lat="45.74317424" lon="7.49158725">
<ele>501.31143</ele>
<time>2026-05-08T07:42:49Z</time>
</trkpt>
<trkpt lat="45.74317664" lon="7.49177703">
<ele>501.23218</ele>
<time>2026-05-08T07:42:50Z</time>
</trkpt>
<trkpt lat="45.74318146" lon="7.49196433">
<ele>501.11594</ele>
<time>2026-05-08T07:42:51Z</time>
</trkpt>
<trkpt lat="45.74318593" lon="7.49215297">
<ele>501.0155</ele>
<time>2026-05-08T07:42:52Z</time>
</trkpt>
<trkpt lat="45.74319117" lon="7.49233229">
<ele>500.9151</ele>
<time>2026-05-08T07:42:53Z</time>
</trkpt>
<trkpt lat="45.74320072" lon="7.49251185">
<ele>500.83585</ele>
<time>2026-05-08T07:42:54Z</time>
</trkpt>
<trkpt lat="45.74320431" lon="7.49269214">
<ele>500.7354</ele>
<time>2026-05-08T07:42:55Z</time>
</trkpt>
<trkpt lat="45.74321161" lon="7.49286363">
<ele>500.62973</ele>
<time>2026-05-08T07:42:56Z</time>
</trkpt>
<trkpt lat="45.74321679" lon="7.49303671">
<ele>500.55048</ele>
<time>2026-05-08T07:42:57Z</time>
</trkpt>
<trkpt lat="45.74322282" lon="7.49320589">
<ele>500.46588</ele>
<time>2026-05-08T07:42:58Z</time>
</trkpt>
<trkpt lat="45.74322542" lon="7.49336419">
<ele>500.36023</ele>
<time>2026-05-08T07:42:59Z</time>
</trkpt>
<trkpt lat="45.74323146" lon="7.49352777">
<ele>500.2704</ele>
<time>2026-05-08T07:43:00Z</time>
</trkpt>
<trkpt lat="45.74322944" lon="7.49368143">
<ele>500.16467</ele>
<time>2026-05-08T07:43:01Z</time>
</trkpt>
<trkpt lat="45.74323126" lon="7.49383855">
<ele>500.0643</ele>
<time>2026-05-08T07:43:02Z</time>
</trkpt>
<trkpt lat="45.74323359" lon="7.49399708">
<ele>499.93744</ele>
<time>2026-05-08T07:43:03Z</time>
</trkpt>
<trkpt lat="45.74324031" lon="7.49415111">
<ele>499.88458</ele>
<time>2026-05-08T07:43:04Z</time>
</trkpt>
<trkpt lat="45.74324493" lon="7.49429466">
<ele>499.7895</ele>
<time>2026-05-08T07:43:05Z</time>
</trkpt>
<trkpt lat="45.7432489" lon="7.49445336">
<ele>499.7419</ele>
<time>2026-05-08T07:43:06Z</time>
</trkpt>
<trkpt lat="45.74325289" lon="7.49461873">
<ele>499.73135</ele>
<time>2026-05-08T07:43:07Z</time>
</trkpt>
<trkpt lat="45.74325414" lon="7.49480822">
<ele>499.7419</ele>
<time>2026-05-08T07:43:08Z</time>
</trkpt>
<trkpt lat="45.7432581" lon="7.49499771">
<ele>499.7683</ele>
<time>2026-05-08T07:43:09Z</time>
</trkpt>
<trkpt lat="45.74325855" lon="7.49518645">
<ele>499.77365</ele>
<time>2026-05-08T07:43:10Z</time>
</trkpt>
<trkpt lat="45.74326057" lon="7.49537857">
<ele>499.82645</ele>
<time>2026-05-08T07:43:11Z</time>
</trkpt>
<trkpt lat="45.74326103" lon="7.49557553">
<ele>499.82117</ele>
<time>2026-05-08T07:43:12Z</time>
</trkpt>
<trkpt lat="45.74326673" lon="7.4957728">
<ele>499.8106</ele>
<time>2026-05-08T07:43:13Z</time>
</trkpt>
<trkpt lat="45.74327026" lon="7.49596596">
<ele>499.8159</ele>
<time>2026-05-08T07:43:14Z</time>
</trkpt>
<trkpt lat="45.74326866" lon="7.49615501">
<ele>499.80533</ele>
<time>2026-05-08T07:43:15Z</time>
</trkpt>
<trkpt lat="45.7432709" lon="7.4963535">
<ele>499.7895</ele>
<time>2026-05-08T07:43:16Z</time>
</trkpt>
<trkpt lat="45.74327303" lon="7.49655665">
<ele>499.77893</ele>
<time>2026-05-08T07:43:17Z</time>
</trkpt>
<trkpt lat="45.74327495" lon="7.49675868">
<ele>499.76303</ele>
<time>2026-05-08T07:43:18Z</time>
</trkpt>
<trkpt lat="45.74327228" lon="7.49696155">
<ele>499.7419</ele>
<time>2026-05-08T07:43:19Z</time>
</trkpt>
<trkpt lat="45.74327922" lon="7.49717781">
<ele>499.7208</ele>
<time>2026-05-08T07:43:20Z</time>
</trkpt>
<trkpt lat="45.74328731" lon="7.49738627">
<ele>499.7208</ele>
<time>2026-05-08T07:43:21Z</time>
</trkpt>
<trkpt lat="45.74329178" lon="7.49759598">
<ele>499.7472</ele>
<time>2026-05-08T07:43:22Z</time>
</trkpt>
<trkpt lat="45.74328702" lon="7.49783274">
<ele>499.80005</ele>
<time>2026-05-08T07:43:23Z</time>
</trkpt>
<trkpt lat="45.74328673" lon="7.49808362">
<ele>499.90045</ele>
<time>2026-05-08T07:43:24Z</time>
</trkpt>
<trkpt lat="45.74328867" lon="7.4983312">
<ele>499.94803</ele>
<time>2026-05-08T07:43:25Z</time>
</trkpt>
<trkpt lat="45.74328434" lon="7.49856376">
<ele>499.9586</ele>
<time>2026-05-08T07:43:26Z</time>
</trkpt>
<trkpt lat="45.74329018" lon="7.49879852">
<ele>499.91632</ele>
<time>2026-05-08T07:43:27Z</time>
</trkpt>
<trkpt lat="45.74328886" lon="7.49901149">
<ele>499.84763</ele>
<time>2026-05-08T07:43:28Z</time>
</trkpt>
<trkpt lat="45.74329226" lon="7.49922825">
<ele>499.79477</ele>
<time>2026-05-08T07:43:29Z</time>
</trkpt>
<trkpt lat="45.74328587" lon="7.4994352">
<ele>499.72607</ele>
<time>2026-05-08T07:43:30Z</time>
</trkpt>
<trkpt lat="45.74328566" lon="7.49964525">
<ele>499.65735</ele>
<time>2026-05-08T07:43:31Z</time>
</trkpt>
<trkpt lat="45.74328864" lon="7.49985218">
<ele>499.58865</ele>
<time>2026-05-08T07:43:32Z</time>
</trkpt>
<trkpt lat="45.7432928" lon="7.50006516">
<ele>499.51996</ele>
<time>2026-05-08T07:43:33Z</time>
</trkpt>
<trkpt lat="45.74329009" lon="7.50026249">
<ele>499.4671</ele>
<time>2026-05-08T07:43:34Z</time>
</trkpt>
<trkpt lat="45.74329356" lon="7.50046547">
<ele>499.3984</ele>
<time>2026-05-08T07:43:35Z</time>
</trkpt>
<trkpt lat="45.74328484" lon="7.50067087">
<ele>499.36142</ele>
<time>2026-05-08T07:43:36Z</time>
</trkpt>
<trkpt lat="45.74328401" lon="7.50087474">
<ele>499.29272</ele>
<time>2026-05-08T07:43:37Z</time>
</trkpt>
<trkpt lat="45.74326952" lon="7.50106788">
<ele>499.30856</ele>
<time>2026-05-08T07:43:38Z</time>
</trkpt>
<trkpt lat="45.74326635" lon="7.50127358">
<ele>499.24515</ele>
<time>2026-05-08T07:43:39Z</time>
</trkpt>
<trkpt lat="45.74326096" lon="7.50148503">
<ele>499.18173</ele>
<time>2026-05-08T07:43:40Z</time>
</trkpt>
<trkpt lat="45.74325528" lon="7.50169359">
<ele>499.13416</ele>
<time>2026-05-08T07:43:41Z</time>
</trkpt>
<trkpt lat="45.74325439" lon="7.50189134">
<ele>499.09192</ele>
<time>2026-05-08T07:43:42Z</time>
</trkpt>
<trkpt lat="45.74324739" lon="7.502097">
<ele>499.03906</ele>
<time>2026-05-08T07:43:43Z</time>
</trkpt>
<trkpt lat="45.74324472" lon="7.50230171">
<ele>498.9968</ele>
<time>2026-05-08T07:43:44Z</time>
</trkpt>
<trkpt lat="45.74324384" lon="7.50251151">
<ele>498.94394</ele>
<time>2026-05-08T07:43:45Z</time>
</trkpt>
<trkpt lat="45.74323909" lon="7.50271526">
<ele>498.89108</ele>
<time>2026-05-08T07:43:46Z</time>
</trkpt>
<trkpt lat="45.74323337" lon="7.50291989">
<ele>498.8488</ele>
<time>2026-05-08T07:43:47Z</time>
</trkpt>
<trkpt lat="45.7432282" lon="7.50313359">
<ele>498.79068</ele>
<time>2026-05-08T07:43:48Z</time>
</trkpt>
<trkpt lat="45.74321723" lon="7.50334138">
<ele>498.7484</ele>
<time>2026-05-08T07:43:49Z</time>
</trkpt>
<trkpt lat="45.74321135" lon="7.50354619">
<ele>498.69028</ele>
<time>2026-05-08T07:43:50Z</time>
</trkpt>
<trkpt lat="45.74320446" lon="7.50374541">
<ele>498.648</ele>
<time>2026-05-08T07:43:51Z</time>
</trkpt>
<trkpt lat="45.74319514" lon="7.50395616">
<ele>498.58987</ele>
<time>2026-05-08T07:43:52Z</time>
</trkpt>
<trkpt lat="45.7431894" lon="7.50416999">
<ele>498.54758</ele>
<time>2026-05-08T07:43:53Z</time>
</trkpt>
<trkpt lat="45.74318125" lon="7.50437241">
<ele>498.5053</ele>
<time>2026-05-08T07:43:54Z</time>
</trkpt>
<trkpt lat="45.74316825" lon="7.50457789">
<ele>498.46304</ele>
<time>2026-05-08T07:43:55Z</time>
</trkpt>
<trkpt lat="45.74316397" lon="7.50479421">
<ele>498.42075</ele>
<time>2026-05-08T07:43:56Z</time>
</trkpt>
<trkpt lat="45.74315751" lon="7.504997">
<ele>498.36792</ele>
<time>2026-05-08T07:43:57Z</time>
</trkpt>
<trkpt lat="45.74315049" lon="7.50520561">
<ele>498.3045</ele>
<time>2026-05-08T07:43:58Z</time>
</trkpt>
<trkpt lat="45.74314622" lon="7.50541216">
<ele>498.25165</ele>
<time>2026-05-08T07:43:59Z</time>
</trkpt>
<trkpt lat="45.74314044" lon="7.50561867">
<ele>498.20935</ele>
<time>2026-05-08T07:44:00Z</time>
</trkpt>
<trkpt lat="45.7431318" lon="7.50582065">
<ele>498.15652</ele>
<time>2026-05-08T07:44:01Z</time>
</trkpt>
<trkpt lat="45.74312472" lon="7.50603055">
<ele>498.11426</ele>
<time>2026-05-08T07:44:02Z</time>
</trkpt>
<trkpt lat="45.74311555" lon="7.50623996">
<ele>498.06668</ele>
<time>2026-05-08T07:44:03Z</time>
</trkpt>
<trkpt lat="45.74310102" lon="7.50644821">
<ele>498.03497</ele>
<time>2026-05-08T07:44:04Z</time>
</trkpt>
<trkpt lat="45.74309148" lon="7.50665463">
<ele>497.99268</ele>
<time>2026-05-08T07:44:05Z</time>
</trkpt>
<trkpt lat="45.74308317" lon="7.50685945">
<ele>497.961</ele>
<time>2026-05-08T07:44:06Z</time>
</trkpt>
<trkpt lat="45.74307457" lon="7.50707341">
<ele>497.92398</ele>
<time>2026-05-08T07:44:07Z</time>
</trkpt>
<trkpt lat="45.7430616" lon="7.5072831">
<ele>497.92926</ele>
<time>2026-05-08T07:44:08Z</time>
</trkpt>
<trkpt lat="45.74304841" lon="7.50749123">
<ele>497.90814</ele>
<time>2026-05-08T07:44:09Z</time>
</trkpt>
<trkpt lat="45.74303678" lon="7.50770425">
<ele>497.88702</ele>
<time>2026-05-08T07:44:10Z</time>
</trkpt>
<trkpt lat="45.74302887" lon="7.50790922">
<ele>497.8553</ele>
<time>2026-05-08T07:44:11Z</time>
</trkpt>
<trkpt lat="45.74301708" lon="7.50811693">
<ele>497.8236</ele>
<time>2026-05-08T07:44:12Z</time>
</trkpt>
<trkpt lat="45.74300362" lon="7.50831978">
<ele>497.80774</ele>
<time>2026-05-08T07:44:13Z</time>
</trkpt>
<trkpt lat="45.74299089" lon="7.50852886">
<ele>497.79187</ele>
<time>2026-05-08T07:44:14Z</time>
</trkpt>
<trkpt lat="45.74297808" lon="7.5087444">
<ele>497.80246</ele>
<time>2026-05-08T07:44:15Z</time>
</trkpt>
<trkpt lat="45.74296671" lon="7.50895902">
<ele>497.8289</ele>
<time>2026-05-08T07:44:16Z</time>
</trkpt>
<trkpt lat="45.74295432" lon="7.50918238">
<ele>497.83945</ele>
<time>2026-05-08T07:44:17Z</time>
</trkpt>
<trkpt lat="45.74294349" lon="7.50939774">
<ele>497.83945</ele>
<time>2026-05-08T07:44:18Z</time>
</trkpt>
<trkpt lat="45.74292786" lon="7.50960667">
<ele>497.8553</ele>
<time>2026-05-08T07:44:19Z</time>
</trkpt>
<trkpt lat="45.74291578" lon="7.50981864">
<ele>497.86057</ele>
<time>2026-05-08T07:44:20Z</time>
</trkpt>
<trkpt lat="45.74290451" lon="7.51003236">
<ele>497.86584</ele>
<time>2026-05-08T07:44:21Z</time>
</trkpt>
<trkpt lat="45.74288747" lon="7.51023631">
<ele>497.88702</ele>
<time>2026-05-08T07:44:22Z</time>
</trkpt>
<trkpt lat="45.74287379" lon="7.51044327">
<ele>497.90814</ele>
<time>2026-05-08T07:44:23Z</time>
</trkpt>
<trkpt lat="45.74286298" lon="7.51064819">
<ele>497.93988</ele>
<time>2026-05-08T07:44:24Z</time>
</trkpt>
<trkpt lat="45.74284887" lon="7.51085872">
<ele>497.99268</ele>
<time>2026-05-08T07:44:25Z</time>
</trkpt>
<trkpt lat="45.74283522" lon="7.51108048">
<ele>498.0984</ele>
<time>2026-05-08T07:44:26Z</time>
</trkpt>
<trkpt lat="45.74282005" lon="7.51131659">
<ele>498.22525</ele>
<time>2026-05-08T07:44:27Z</time>
</trkpt>
<trkpt lat="45.74279945" lon="7.51156349">
<ele>498.36792</ele>
<time>2026-05-08T07:44:28Z</time>
</trkpt>
<trkpt lat="45.74277949" lon="7.51181919">
<ele>498.52118</ele>
<time>2026-05-08T07:44:29Z</time>
</trkpt>
<trkpt lat="45.74276214" lon="7.51209024">
<ele>498.7484</ele>
<time>2026-05-08T07:44:30Z</time>
</trkpt>
<trkpt lat="45.74274273" lon="7.51237103">
<ele>498.9228</ele>
<time>2026-05-08T07:44:31Z</time>
</trkpt>
<trkpt lat="45.74271472" lon="7.51266527">
<ele>499.18173</ele>
<time>2026-05-08T07:44:32Z</time>
</trkpt>
<trkpt lat="45.74268172" lon="7.51296191">
<ele>499.47766</ele>
<time>2026-05-08T07:44:33Z</time>
</trkpt>
<trkpt lat="45.74264953" lon="7.5132723">
<ele>499.8159</ele>
<time>2026-05-08T07:44:34Z</time>
</trkpt>
<trkpt lat="45.74261828" lon="7.51360436">
<ele>500.1171</ele>
<time>2026-05-08T07:44:35Z</time>
</trkpt>
<trkpt lat="45.74258243" lon="7.51393138">
<ele>500.38663</ele>
<time>2026-05-08T07:44:36Z</time>
</trkpt>
<trkpt lat="45.74254897" lon="7.51424474">
<ele>500.61917</ele>
<time>2026-05-08T07:44:37Z</time>
</trkpt>
<trkpt lat="45.74251694" lon="7.51457221">
<ele>500.86224</ele>
<time>2026-05-08T07:44:38Z</time>
</trkpt>
<trkpt lat="45.74248618" lon="7.51491324">
<ele>501.12122</ele>
<time>2026-05-08T07:44:39Z</time>
</trkpt>
<trkpt lat="45.74245675" lon="7.51523935">
<ele>501.38013</ele>
<time>2026-05-08T07:44:40Z</time>
</trkpt>
<trkpt lat="45.74242286" lon="7.51560442">
<ele>501.72363</ele>
<time>2026-05-08T07:44:41Z</time>
</trkpt>
<trkpt lat="45.74239042" lon="7.51596997">
<ele>501.99316</ele>
<time>2026-05-08T07:44:42Z</time>
</trkpt>
<trkpt lat="45.74235567" lon="7.51631549">
<ele>502.23624</ele>
<time>2026-05-08T07:44:43Z</time>
</trkpt>
<trkpt lat="45.74231807" lon="7.51666709">
<ele>502.5005</ele>
<time>2026-05-08T07:44:44Z</time>
</trkpt>
<trkpt lat="45.74228413" lon="7.51701658">
<ele>502.7383</ele>
<time>2026-05-08T07:44:45Z</time>
</trkpt>
<trkpt lat="45.74224777" lon="7.517359">
<ele>502.96027</ele>
<time>2026-05-08T07:44:46Z</time>
</trkpt>
<trkpt lat="45.74221236" lon="7.5176975">
<ele>503.13992</ele>
<time>2026-05-08T07:44:47Z</time>
</trkpt>
<trkpt lat="45.74217764" lon="7.5180194">
<ele>503.26675</ele>
<time>2026-05-08T07:44:48Z</time>
</trkpt>
<trkpt lat="45.74214274" lon="7.51833763">
<ele>503.36188</ele>
<time>2026-05-08T07:44:49Z</time>
</trkpt>
<trkpt lat="45.74211046" lon="7.5186468">
<ele>503.4253</ele>
<time>2026-05-08T07:44:50Z</time>
</trkpt>
<trkpt lat="45.74208107" lon="7.5189542">
<ele>503.4623</ele>
<time>2026-05-08T07:44:51Z</time>
</trkpt>
<trkpt lat="45.74205162" lon="7.51926253">
<ele>503.5099</ele>
<time>2026-05-08T07:44:52Z</time>
</trkpt>
<trkpt lat="45.74202437" lon="7.51956382">
<ele>503.55212</ele>
<time>2026-05-08T07:44:53Z</time>
</trkpt>
<trkpt lat="45.74199547" lon="7.51986452">
<ele>503.60498</ele>
<time>2026-05-08T07:44:54Z</time>
</trkpt>
<trkpt lat="45.74196723" lon="7.52016299">
<ele>503.67368</ele>
<time>2026-05-08T07:44:55Z</time>
</trkpt>
<trkpt lat="45.74193773" lon="7.52045677">
<ele>503.73184</ele>
<time>2026-05-08T07:44:56Z</time>
</trkpt>
<trkpt lat="45.74190889" lon="7.52075967">
<ele>503.82166</ele>
<time>2026-05-08T07:44:57Z</time>
</trkpt>
<trkpt lat="45.74187738" lon="7.5210898">
<ele>503.96436</ele>
<time>2026-05-08T07:44:58Z</time>
</trkpt>
<trkpt lat="45.74184818" lon="7.52140457">
<ele>504.0489</ele>
<time>2026-05-08T07:44:59Z</time>
</trkpt>
<trkpt lat="45.74182486" lon="7.52170375">
<ele>504.07535</ele>
<time>2026-05-08T07:45:00Z</time>
</trkpt>
<trkpt lat="45.74179916" lon="7.52197951">
<ele>504.00662</ele>
<time>2026-05-08T07:45:01Z</time>
</trkpt>
<trkpt lat="45.74177219" lon="7.52223907">
<ele>503.86395</ele>
<time>2026-05-08T07:45:02Z</time>
</trkpt>
<trkpt lat="45.74174855" lon="7.52247312">
<ele>503.68427</ele>
<time>2026-05-08T07:45:03Z</time>
</trkpt>
<trkpt lat="45.74172526" lon="7.52270657">
<ele>503.45175</ele>
<time>2026-05-08T07:45:04Z</time>
</trkpt>
<trkpt lat="45.74171014" lon="7.52292389">
<ele>503.26675</ele>
<time>2026-05-08T07:45:05Z</time>
</trkpt>
<trkpt lat="45.7416893" lon="7.52314011">
<ele>503.10297</ele>
<time>2026-05-08T07:45:06Z</time>
</trkpt>
<trkpt lat="45.74167273" lon="7.52336224">
<ele>502.955</ele>
<time>2026-05-08T07:45:07Z</time>
</trkpt>
<trkpt lat="45.74165425" lon="7.5235979">
<ele>502.84927</ele>
<time>2026-05-08T07:45:08Z</time>
</trkpt>
<trkpt lat="45.74163288" lon="7.52383845">
<ele>502.75946</ele>
<time>2026-05-08T07:45:09Z</time>
</trkpt>
<trkpt lat="45.74160806" lon="7.52408265">
<ele>502.66962</ele>
<time>2026-05-08T07:45:10Z</time>
</trkpt>
<trkpt lat="45.74159106" lon="7.52433587">
<ele>502.59036</ele>
<time>2026-05-08T07:45:11Z</time>
</trkpt>
<trkpt lat="45.74156972" lon="7.52458739">
<ele>502.51633</ele>
<time>2026-05-08T07:45:12Z</time>
</trkpt>
<trkpt lat="45.74154971" lon="7.52483269">
<ele>502.45294</ele>
<time>2026-05-08T07:45:13Z</time>
</trkpt>
<trkpt lat="45.74152843" lon="7.52509012">
<ele>502.37366</ele>
<time>2026-05-08T07:45:14Z</time>
</trkpt>
<trkpt lat="45.74150638" lon="7.52536391">
<ele>502.2891</ele>
<time>2026-05-08T07:45:15Z</time>
</trkpt>
<trkpt lat="45.7414863" lon="7.52562624">
<ele>502.19928</ele>
<time>2026-05-08T07:45:16Z</time>
</trkpt>
<trkpt lat="45.7414686" lon="7.52588453">
<ele>502.0513</ele>
<time>2026-05-08T07:45:17Z</time>
</trkpt>
<trkpt lat="45.74145197" lon="7.52610382">
<ele>501.86633</ele>
<time>2026-05-08T07:45:18Z</time>
</trkpt>
<trkpt lat="45.74143821" lon="7.52631753">
<ele>501.66022</ele>
<time>2026-05-08T07:45:19Z</time>
</trkpt>
<trkpt lat="45.74142324" lon="7.52651478">
<ele>501.4594</ele>
<time>2026-05-08T07:45:20Z</time>
</trkpt>
<trkpt lat="45.74140677" lon="7.52673711">
<ele>501.26392</ele>
<time>2026-05-08T07:45:21Z</time>
</trkpt>
<trkpt lat="45.74139285" lon="7.52694907">
<ele>501.0842</ele>
<time>2026-05-08T07:45:22Z</time>
</trkpt>
<trkpt lat="45.74137945" lon="7.52716641">
<ele>500.94153</ele>
<time>2026-05-08T07:45:23Z</time>
</trkpt>
<trkpt lat="45.74136422" lon="7.52738009">
<ele>500.83057</ele>
<time>2026-05-08T07:45:24Z</time>
</trkpt>
<trkpt lat="45.74134698" lon="7.52760708">
<ele>500.7354</ele>
<time>2026-05-08T07:45:25Z</time>
</trkpt>
<trkpt lat="45.74133331" lon="7.52783208">
<ele>500.65616</ele>
<time>2026-05-08T07:45:26Z</time>
</trkpt>
<trkpt lat="45.74131936" lon="7.52807143">
<ele>500.5716</ele>
<time>2026-05-08T07:45:27Z</time>
</trkpt>
<trkpt lat="45.74130293" lon="7.528307">
<ele>500.4765</ele>
<time>2026-05-08T07:45:28Z</time>
</trkpt>
<trkpt lat="45.74129785" lon="7.52851447">
<ele>500.3655</ele>
<time>2026-05-08T07:45:29Z</time>
</trkpt>
<trkpt lat="45.7412867" lon="7.52873179">
<ele>500.2651</ele>
<time>2026-05-08T07:45:30Z</time>
</trkpt>
<trkpt lat="45.74127388" lon="7.52893792">
<ele>500.16995</ele>
<time>2026-05-08T07:45:31Z</time>
</trkpt>
<trkpt lat="45.74126274" lon="7.52915753">
<ele>500.0643</ele>
<time>2026-05-08T07:45:32Z</time>
</trkpt>
<trkpt lat="45.74125228" lon="7.52938409">
<ele>500.00616</ele>
<time>2026-05-08T07:45:33Z</time>
</trkpt>
<trkpt lat="45.74124035" lon="7.52961052">
<ele>500.00616</ele>
<time>2026-05-08T07:45:34Z</time>
</trkpt>
<trkpt lat="45.74123169" lon="7.52985192">
<ele>499.99557</ele>
<time>2026-05-08T07:45:35Z</time>
</trkpt>
<trkpt lat="45.74121732" lon="7.53009018">
<ele>500.03256</ele>
<time>2026-05-08T07:45:36Z</time>
</trkpt>
<trkpt lat="45.74119938" lon="7.53034396">
<ele>500.08542</ele>
<time>2026-05-08T07:45:37Z</time>
</trkpt>
<trkpt lat="45.74119072" lon="7.53060044">
<ele>500.18054</ele>
<time>2026-05-08T07:45:38Z</time>
</trkpt>
<trkpt lat="45.74118438" lon="7.53086534">
<ele>500.24396</ele>
<time>2026-05-08T07:45:39Z</time>
</trkpt>
<trkpt lat="45.74117442" lon="7.5311359">
<ele>500.36023</ele>
<time>2026-05-08T07:45:40Z</time>
</trkpt>
<trkpt lat="45.74115813" lon="7.53141924">
<ele>500.48706</ele>
<time>2026-05-08T07:45:41Z</time>
</trkpt>
<trkpt lat="45.74114606" lon="7.53170659">
<ele>500.61386</ele>
<time>2026-05-08T07:45:42Z</time>
</trkpt>
<trkpt lat="45.74113343" lon="7.53199659">
<ele>500.7354</ele>
<time>2026-05-08T07:45:43Z</time>
</trkpt>
<trkpt lat="45.74111592" lon="7.53229004">
<ele>500.8834</ele>
<time>2026-05-08T07:45:44Z</time>
</trkpt>
<trkpt lat="45.74110792" lon="7.53259886">
<ele>501.04196</ele>
<time>2026-05-08T07:45:45Z</time>
</trkpt>
<trkpt lat="45.74110263" lon="7.53290122">
<ele>501.23218</ele>
<time>2026-05-08T07:45:46Z</time>
</trkpt>
<trkpt lat="45.74109824" lon="7.53321128">
<ele>501.43298</ele>
<time>2026-05-08T07:45:47Z</time>
</trkpt>
<trkpt lat="45.74109602" lon="7.5335396">
<ele>501.67612</ele>
<time>2026-05-08T07:45:48Z</time>
</trkpt>
<trkpt lat="45.74108873" lon="7.53388027">
<ele>501.90863</ele>
<time>2026-05-08T07:45:49Z</time>
</trkpt>
<trkpt lat="45.74108287" lon="7.53423022">
<ele>502.18344</ele>
<time>2026-05-08T07:45:50Z</time>
</trkpt>
<trkpt lat="45.74108134" lon="7.53458117">
<ele>502.4318</ele>
<time>2026-05-08T07:45:51Z</time>
</trkpt>
<trkpt lat="45.74107659" lon="7.53494072">
<ele>502.72772</ele>
<time>2026-05-08T07:45:52Z</time>
</trkpt>
<trkpt lat="45.74107283" lon="7.53529356">
<ele>502.98666</ele>
<time>2026-05-08T07:45:53Z</time>
</trkpt>
<trkpt lat="45.74107397" lon="7.53565735">
<ele>503.22452</ele>
<time>2026-05-08T07:45:54Z</time>
</trkpt>
<trkpt lat="45.74107587" lon="7.53601464">
<ele>503.4676</ele>
<time>2026-05-08T07:45:55Z</time>
</trkpt>
<trkpt lat="45.74107901" lon="7.53636328">
<ele>503.65784</ele>
<time>2026-05-08T07:45:56Z</time>
</trkpt>
<trkpt lat="45.74108361" lon="7.53671894">
<ele>503.84277</ele>
<time>2026-05-08T07:45:57Z</time>
</trkpt>
<trkpt lat="45.74108725" lon="7.53707745">
<ele>504.03833</ele>
<time>2026-05-08T07:45:58Z</time>
</trkpt>
<trkpt lat="45.7410934" lon="7.5374431">
<ele>504.20743</ele>
<time>2026-05-08T07:45:59Z</time>
</trkpt>
<trkpt lat="45.74110047" lon="7.53780581">
<ele>504.33426</ele>
<time>2026-05-08T07:46:00Z</time>
</trkpt>
<trkpt lat="45.74110299" lon="7.53816474">
<ele>504.46637</ele>
<time>2026-05-08T07:46:01Z</time>
</trkpt>
<trkpt lat="45.74111365" lon="7.53851659">
<ele>504.58792</ele>
<time>2026-05-08T07:46:02Z</time>
</trkpt>
<trkpt lat="45.74111895" lon="7.53886936">
<ele>504.66193</ele>
<time>2026-05-08T07:46:03Z</time>
</trkpt>
<trkpt lat="45.74112511" lon="7.53923755">
<ele>504.7095</ele>
<time>2026-05-08T07:46:04Z</time>
</trkpt>
<trkpt lat="45.7411369" lon="7.53959472">
<ele>504.75702</ele>
<time>2026-05-08T07:46:05Z</time>
</trkpt>
<trkpt lat="45.74114775" lon="7.53995829">
<ele>504.76758</ele>
<time>2026-05-08T07:46:06Z</time>
</trkpt>
<trkpt lat="45.74116496" lon="7.54032856">
<ele>504.77286</ele>
<time>2026-05-08T07:46:07Z</time>
</trkpt>
<trkpt lat="45.74117945" lon="7.54068992">
<ele>504.72006</ele>
<time>2026-05-08T07:46:08Z</time>
</trkpt>
<trkpt lat="45.74119096" lon="7.54105814">
<ele>504.69888</ele>
<time>2026-05-08T07:46:09Z</time>
</trkpt>
<trkpt lat="45.74120229" lon="7.54142698">
<ele>504.66193</ele>
<time>2026-05-08T07:46:10Z</time>
</trkpt>
<trkpt lat="45.74122081" lon="7.54179619">
<ele>504.5615</ele>
<time>2026-05-08T07:46:11Z</time>
</trkpt>
<trkpt lat="45.7412358" lon="7.54215789">
<ele>504.44525</ele>
<time>2026-05-08T07:46:12Z</time>
</trkpt>
<trkpt lat="45.74125041" lon="7.5425166">
<ele>504.32898</ele>
<time>2026-05-08T07:46:13Z</time>
</trkpt>
<trkpt lat="45.74126747" lon="7.54287806">
<ele>504.1123</ele>
<time>2026-05-08T07:46:14Z</time>
</trkpt>
<trkpt lat="45.74128674" lon="7.5432351">
<ele>503.84805</ele>
<time>2026-05-08T07:46:15Z</time>
</trkpt>
<trkpt lat="45.74130757" lon="7.54359918">
<ele>503.568</ele>
<time>2026-05-08T07:46:16Z</time>
</trkpt>
<trkpt lat="45.74132847" lon="7.54395502">
<ele>503.44116</ele>
<time>2026-05-08T07:46:17Z</time>
</trkpt>
<trkpt lat="45.74134632" lon="7.54430989">
<ele>503.2298</ele>
<time>2026-05-08T07:46:18Z</time>
</trkpt>
<trkpt lat="45.74137028" lon="7.54467733">
<ele>502.80173</ele>
<time>2026-05-08T07:46:19Z</time>
</trkpt>
<trkpt lat="45.74139525" lon="7.54504293">
<ele>502.34195</ele>
<time>2026-05-08T07:46:20Z</time>
</trkpt>
<trkpt lat="45.74142196" lon="7.54539993">
<ele>501.8769</ele>
<time>2026-05-08T07:46:21Z</time>
</trkpt>
<trkpt lat="45.74144867" lon="7.54575902">
<ele>501.34845</ele>
<time>2026-05-08T07:46:22Z</time>
</trkpt>
<trkpt lat="45.74147099" lon="7.54611573">
<ele>500.8094</ele>
<time>2026-05-08T07:46:23Z</time>
</trkpt>
<trkpt lat="45.74150131" lon="7.54647064">
<ele>500.2017</ele>
<time>2026-05-08T07:46:24Z</time>
</trkpt>
<trkpt lat="45.74152672" lon="7.54682894">
<ele>499.54636</ele>
<time>2026-05-08T07:46:25Z</time>
</trkpt>
<trkpt lat="45.74156134" lon="7.54718469">
<ele>498.8435</ele>
<time>2026-05-08T07:46:26Z</time>
</trkpt>
<trkpt lat="45.74159475" lon="7.54754077">
<ele>498.11426</ele>
<time>2026-05-08T07:46:27Z</time>
</trkpt>
<trkpt lat="45.74162428" lon="7.54790095">
<ele>497.3744</ele>
<time>2026-05-08T07:46:28Z</time>
</trkpt>
<trkpt lat="45.74165974" lon="7.5482539">
<ele>496.59753</ele>
<time>2026-05-08T07:46:29Z</time>
</trkpt>
<trkpt lat="45.74169653" lon="7.54861355">
<ele>495.8313</ele>
<time>2026-05-08T07:46:30Z</time>
</trkpt>
<trkpt lat="45.7417323" lon="7.54897136">
<ele>495.02274</ele>
<time>2026-05-08T07:46:31Z</time>
</trkpt>
<trkpt lat="45.74176935" lon="7.54932675">
<ele>494.2142</ele>
<time>2026-05-08T07:46:32Z</time>
</trkpt>
<trkpt lat="45.74180483" lon="7.54968488">
<ele>493.37393</ele>
<time>2026-05-08T07:46:33Z</time>
</trkpt>
<trkpt lat="45.74184264" lon="7.55003685">
<ele>492.5548</ele>
<time>2026-05-08T07:46:34Z</time>
</trkpt>
<trkpt lat="45.7418835" lon="7.55039188">
<ele>491.7251</ele>
<time>2026-05-08T07:46:35Z</time>
</trkpt>
<trkpt lat="45.74192422" lon="7.55074962">
<ele>490.85315</ele>
<time>2026-05-08T07:46:36Z</time>
</trkpt>
<trkpt lat="45.74196396" lon="7.55110167">
<ele>489.99704</ele>
<time>2026-05-08T07:46:37Z</time>
</trkpt>
<trkpt lat="45.74200883" lon="7.55146989">
<ele>489.1568</ele>
<time>2026-05-08T07:46:38Z</time>
</trkpt>
<trkpt lat="45.74205104" lon="7.55182134">
<ele>488.30597</ele>
<time>2026-05-08T07:46:39Z</time>
</trkpt>
<trkpt lat="45.7420954" lon="7.55217846">
<ele>487.42868</ele>
<time>2026-05-08T07:46:40Z</time>
</trkpt>
<trkpt lat="45.7421376" lon="7.55253719">
<ele>486.59903</ele>
<time>2026-05-08T07:46:41Z</time>
</trkpt>
<trkpt lat="45.74218727" lon="7.55289275">
<ele>485.76404</ele>
<time>2026-05-08T07:46:42Z</time>
</trkpt>
<trkpt lat="45.74223496" lon="7.55325159">
<ele>484.90796</ele>
<time>2026-05-08T07:46:43Z</time>
</trkpt>
<trkpt lat="45.74228715" lon="7.55360587">
<ele>484.08353</ele>
<time>2026-05-08T07:46:44Z</time>
</trkpt>
<trkpt lat="45.74233385" lon="7.55395758">
<ele>483.28555</ele>
<time>2026-05-08T07:46:45Z</time>
</trkpt>
<trkpt lat="45.74238365" lon="7.55430622">
<ele>482.4981</ele>
<time>2026-05-08T07:46:46Z</time>
</trkpt>
<trkpt lat="45.74243418" lon="7.55465552">
<ele>481.74774</ele>
<time>2026-05-08T07:46:47Z</time>
</trkpt>
<trkpt lat="45.74248582" lon="7.55500519">
<ele>481.00256</ele>
<time>2026-05-08T07:46:48Z</time>
</trkpt>
<trkpt lat="45.74253833" lon="7.55535993">
<ele>480.25214</ele>
<time>2026-05-08T07:46:49Z</time>
</trkpt>
<trkpt lat="45.74259423" lon="7.55571161">
<ele>479.46475</ele>
<time>2026-05-08T07:46:50Z</time>
</trkpt>
<trkpt lat="45.74264849" lon="7.55607301">
<ele>478.82</ele>
<time>2026-05-08T07:46:51Z</time>
</trkpt>
<trkpt lat="45.74270475" lon="7.55642852">
<ele>478.2757</ele>
<time>2026-05-08T07:46:52Z</time>
</trkpt>
<trkpt lat="45.74277049" lon="7.5567944">
<ele>477.5253</ele>
<time>2026-05-08T07:46:53Z</time>
</trkpt>
<trkpt lat="45.74283484" lon="7.55715576">
<ele>476.85413</ele>
<time>2026-05-08T07:46:54Z</time>
</trkpt>
<trkpt lat="45.7428996" lon="7.55751671">
<ele>476.19885</ele>
<time>2026-05-08T07:46:55Z</time>
</trkpt>
<trkpt lat="45.74296825" lon="7.55788634">
<ele>475.5911</ele>
<time>2026-05-08T07:46:56Z</time>
</trkpt>
<trkpt lat="45.74304029" lon="7.55826542">
<ele>474.99396</ele>
<time>2026-05-08T07:46:57Z</time>
</trkpt>
<trkpt lat="45.74311065" lon="7.55865276">
<ele>474.43378</ele>
<time>2026-05-08T07:46:58Z</time>
</trkpt>
<trkpt lat="45.74317907" lon="7.55903691">
<ele>473.9106</ele>
<time>2026-05-08T07:46:59Z</time>
</trkpt>
<trkpt lat="45.74324692" lon="7.55942869">
<ele>473.3663</ele>
<time>2026-05-08T07:47:00Z</time>
</trkpt>
<trkpt lat="45.74331405" lon="7.55981667">
<ele>472.8378</ele>
<time>2026-05-08T07:47:01Z</time>
</trkpt>
<trkpt lat="45.74337859" lon="7.56020855">
<ele>472.34106</ele>
<time>2026-05-08T07:47:02Z</time>
</trkpt>
<trkpt lat="45.74345033" lon="7.56060282">
<ele>471.8866</ele>
<time>2026-05-08T07:47:03Z</time>
</trkpt>
<trkpt lat="45.7435189" lon="7.56099185">
<ele>471.48495</ele>
<time>2026-05-08T07:47:04Z</time>
</trkpt>
<trkpt lat="45.7435867" lon="7.56138463">
<ele>471.0252</ele>
<time>2026-05-08T07:47:05Z</time>
</trkpt>
<trkpt lat="45.74365651" lon="7.561778">
<ele>470.59183</ele>
<time>2026-05-08T07:47:06Z</time>
</trkpt>
<trkpt lat="45.74372702" lon="7.56217394">
<ele>470.22192</ele>
<time>2026-05-08T07:47:07Z</time>
</trkpt>
<trkpt lat="45.74379826" lon="7.56256946">
<ele>469.8256</ele>
<time>2026-05-08T07:47:08Z</time>
</trkpt>
<trkpt lat="45.74386673" lon="7.56296207">
<ele>469.45035</ele>
<time>2026-05-08T07:47:09Z</time>
</trkpt>
<trkpt lat="45.74392912" lon="7.56336265">
<ele>469.0699</ele>
<time>2026-05-08T07:47:10Z</time>
</trkpt>
<trkpt lat="45.74398656" lon="7.56375903">
<ele>468.74222</ele>
<time>2026-05-08T07:47:11Z</time>
</trkpt>
<trkpt lat="45.74404444" lon="7.56415516">
<ele>468.52554</ele>
<time>2026-05-08T07:47:12Z</time>
</trkpt>
<trkpt lat="45.74409869" lon="7.56455672">
<ele>468.3036</ele>
<time>2026-05-08T07:47:13Z</time>
</trkpt>
<trkpt lat="45.74414568" lon="7.56495479">
<ele>468.03937</ele>
<time>2026-05-08T07:47:14Z</time>
</trkpt>
<trkpt lat="45.74419086" lon="7.5653577">
<ele>467.76456</ele>
<time>2026-05-08T07:47:15Z</time>
</trkpt>
<trkpt lat="45.74423366" lon="7.56576066">
<ele>467.53732</ele>
<time>2026-05-08T07:47:16Z</time>
</trkpt>
<trkpt lat="45.74426866" lon="7.56616681">
<ele>467.31537</ele>
<time>2026-05-08T07:47:17Z</time>
</trkpt>
<trkpt lat="45.74429932" lon="7.56657459">
<ele>467.10925</ele>
<time>2026-05-08T07:47:18Z</time>
</trkpt>
<trkpt lat="45.74432559" lon="7.56698342">
<ele>466.90845</ele>
<time>2026-05-08T07:47:19Z</time>
</trkpt>
<trkpt lat="45.74435226" lon="7.56739369">
<ele>466.73935</ele>
<time>2026-05-08T07:47:20Z</time>
</trkpt>
<trkpt lat="45.74437232" lon="7.56780237">
<ele>466.6178</ele>
<time>2026-05-08T07:47:21Z</time>
</trkpt>
<trkpt lat="45.74439876" lon="7.56822358">
<ele>466.52795</ele>
<time>2026-05-08T07:47:22Z</time>
</trkpt>
<trkpt lat="45.74442025" lon="7.56864449">
<ele>466.46982</ele>
<time>2026-05-08T07:47:23Z</time>
</trkpt>
<trkpt lat="45.74444003" lon="7.569071">
<ele>466.35883</ele>
<time>2026-05-08T07:47:24Z</time>
</trkpt>
<trkpt lat="45.74445253" lon="7.56949665">
<ele>466.23203</ele>
<time>2026-05-08T07:47:25Z</time>
</trkpt>
<trkpt lat="45.74446735" lon="7.5699189">
<ele>466.14746</ele>
<time>2026-05-08T07:47:26Z</time>
</trkpt>
<trkpt lat="45.74447392" lon="7.57033811">
<ele>466.41696</ele>
<time>2026-05-08T07:47:27Z</time>
</trkpt>
<trkpt lat="45.74448248" lon="7.57075969">
<ele>466.46982</ele>
<time>2026-05-08T07:47:28Z</time>
</trkpt>
<trkpt lat="45.7444932" lon="7.57118735">
<ele>466.3641</ele>
<time>2026-05-08T07:47:29Z</time>
</trkpt>
<trkpt lat="45.74449528" lon="7.57161585">
<ele>466.25317</ele>
<time>2026-05-08T07:47:30Z</time>
</trkpt>
<trkpt lat="45.74448985" lon="7.57203223">
<ele>466.14218</ele>
<time>2026-05-08T07:47:31Z</time>
</trkpt>
<trkpt lat="45.7444818" lon="7.57245697">
<ele>466.06818</ele>
<time>2026-05-08T07:47:32Z</time>
</trkpt>
<trkpt lat="45.74447679" lon="7.57288083">
<ele>465.99948</ele>
<time>2026-05-08T07:47:33Z</time>
</trkpt>
<trkpt lat="45.74445974" lon="7.57330288">
<ele>465.9255</ele>
<time>2026-05-08T07:47:34Z</time>
</trkpt>
<trkpt lat="45.74444324" lon="7.57372317">
<ele>465.7617</ele>
<time>2026-05-08T07:47:35Z</time>
</trkpt>
<trkpt lat="45.74442418" lon="7.57413541">
<ele>465.59787</ele>
<time>2026-05-08T07:47:36Z</time>
</trkpt>
<trkpt lat="45.74440036" lon="7.57454458">
<ele>465.46576</ele>
<time>2026-05-08T07:47:37Z</time>
</trkpt>
<trkpt lat="45.74436984" lon="7.57495821">
<ele>465.32834</ele>
<time>2026-05-08T07:47:38Z</time>
</trkpt>
<trkpt lat="45.74434192" lon="7.57537269">
<ele>465.1751</ele>
<time>2026-05-08T07:47:39Z</time>
</trkpt>
<trkpt lat="45.74430898" lon="7.57578764">
<ele>465.01654</ele>
<time>2026-05-08T07:47:40Z</time>
</trkpt>
<trkpt lat="45.74427117" lon="7.57620307">
<ele>464.87915</ele>
<time>2026-05-08T07:47:41Z</time>
</trkpt>
<trkpt lat="45.74423444" lon="7.57662455">
<ele>464.73117</ele>
<time>2026-05-08T07:47:42Z</time>
</trkpt>
<trkpt lat="45.7441967" lon="7.5770497">
<ele>464.59906</ele>
<time>2026-05-08T07:47:43Z</time>
</trkpt>
<trkpt lat="45.74415416" lon="7.57745443">
<ele>464.49866</ele>
<time>2026-05-08T07:47:44Z</time>
</trkpt>
<trkpt lat="45.74410845" lon="7.57785247">
<ele>464.39294</ele>
<time>2026-05-08T07:47:45Z</time>
</trkpt>
<trkpt lat="45.74406458" lon="7.57825981">
<ele>464.29254</ele>
<time>2026-05-08T07:47:46Z</time>
</trkpt>
<trkpt lat="45.74401478" lon="7.57865616">
<ele>464.171</ele>
<time>2026-05-08T07:47:47Z</time>
</trkpt>
<trkpt lat="45.74394983" lon="7.57905458">
<ele>464.05475</ele>
<time>2026-05-08T07:47:48Z</time>
</trkpt>
<trkpt lat="45.74388363" lon="7.5794686">
<ele>463.98605</ele>
<time>2026-05-08T07:47:49Z</time>
</trkpt>
<trkpt lat="45.74381794" lon="7.57987876">
<ele>463.88562</ele>
<time>2026-05-08T07:47:50Z</time>
</trkpt>
<trkpt lat="45.74375509" lon="7.5802687">
<ele>463.7958</ele>
<time>2026-05-08T07:47:51Z</time>
</trkpt>
<trkpt lat="45.74368094" lon="7.58067128">
<ele>463.7535</ele>
<time>2026-05-08T07:47:52Z</time>
</trkpt>
<trkpt lat="45.74361388" lon="7.5810604">
<ele>463.71124</ele>
<time>2026-05-08T07:47:53Z</time>
</trkpt>
<trkpt lat="45.74353298" lon="7.58146979">
<ele>463.64783</ele>
<time>2026-05-08T07:47:54Z</time>
</trkpt>
<trkpt lat="45.74345854" lon="7.58186749">
<ele>463.60553</ele>
<time>2026-05-08T07:47:55Z</time>
</trkpt>
<trkpt lat="45.74337708" lon="7.58226635">
<ele>463.57913</ele>
<time>2026-05-08T07:47:56Z</time>
</trkpt>
<trkpt lat="45.74330034" lon="7.58266674">
<ele>463.5474</ele>
<time>2026-05-08T07:47:57Z</time>
</trkpt>
<trkpt lat="45.74322133" lon="7.58306908">
<ele>463.4946</ele>
<time>2026-05-08T07:47:58Z</time>
</trkpt>
<trkpt lat="45.74314234" lon="7.58346688">
<ele>463.44702</ele>
<time>2026-05-08T07:47:59Z</time>
</trkpt>
<trkpt lat="45.74306757" lon="7.58387157">
<ele>463.39417</ele>
<time>2026-05-08T07:48:00Z</time>
</trkpt>
<trkpt lat="45.74298527" lon="7.58427174">
<ele>463.36774</ele>
<time>2026-05-08T07:48:01Z</time>
</trkpt>
<trkpt lat="45.74290563" lon="7.58467291">
<ele>463.3519</ele>
<time>2026-05-08T07:48:02Z</time>
</trkpt>
<trkpt lat="45.74282567" lon="7.58507444">
<ele>463.3519</ele>
<time>2026-05-08T07:48:03Z</time>
</trkpt>
<trkpt lat="45.7427491" lon="7.58546709">
<ele>463.34662</ele>
<time>2026-05-08T07:48:04Z</time>
</trkpt>
<trkpt lat="45.74267462" lon="7.5858695">
<ele>463.40472</ele>
<time>2026-05-08T07:48:05Z</time>
</trkpt>
<trkpt lat="45.74260135" lon="7.58626832">
<ele>463.4787</ele>
<time>2026-05-08T07:48:06Z</time>
</trkpt>
<trkpt lat="45.74252859" lon="7.58666255">
<ele>463.6267</ele>
<time>2026-05-08T07:48:07Z</time>
</trkpt>
<trkpt lat="45.74245203" lon="7.58706494">
<ele>463.8011</ele>
<time>2026-05-08T07:48:08Z</time>
</trkpt>
<trkpt lat="45.74237693" lon="7.58746506">
<ele>464.01776</ele>
<time>2026-05-08T07:48:09Z</time>
</trkpt>
<trkpt lat="45.74229783" lon="7.58786186">
<ele>464.28726</ele>
<time>2026-05-08T07:48:10Z</time>
</trkpt>
<trkpt lat="45.74220985" lon="7.58826384">
<ele>464.5515</ele>
<time>2026-05-08T07:48:11Z</time>
</trkpt>
<trkpt lat="45.74213711" lon="7.58867351">
<ele>464.81042</ele>
<time>2026-05-08T07:48:12Z</time>
</trkpt>
<trkpt lat="45.74205948" lon="7.58907229">
<ele>465.0958</ele>
<time>2026-05-08T07:48:13Z</time>
</trkpt>
<trkpt lat="45.74198164" lon="7.5894723">
<ele>465.40234</ele>
<time>2026-05-08T07:48:14Z</time>
</trkpt>
<trkpt lat="45.74191156" lon="7.58987429">
<ele>465.70883</ele>
<time>2026-05-08T07:48:15Z</time>
</trkpt>
<trkpt lat="45.74182955" lon="7.59027775">
<ele>466.01004</ele>
<time>2026-05-08T07:48:16Z</time>
</trkpt>
<trkpt lat="45.74175995" lon="7.59066918">
<ele>466.34827</ele>
<time>2026-05-08T07:48:17Z</time>
</trkpt>
<trkpt lat="45.74169504" lon="7.59108144">
<ele>466.6812</ele>
<time>2026-05-08T07:48:18Z</time>
</trkpt>
<trkpt lat="45.7416352" lon="7.59149303">
<ele>467.02472</ele>
<time>2026-05-08T07:48:19Z</time>
</trkpt>
<trkpt lat="45.74159199" lon="7.59190118">
<ele>467.39462</ele>
<time>2026-05-08T07:48:20Z</time>
</trkpt>
<trkpt lat="45.74155465" lon="7.59232243">
<ele>467.791</ele>
<time>2026-05-08T07:48:21Z</time>
</trkpt>
<trkpt lat="45.74152457" lon="7.59274042">
<ele>468.21906</ele>
<time>2026-05-08T07:48:22Z</time>
</trkpt>
<trkpt lat="45.74150013" lon="7.59316869">
<ele>468.65765</ele>
<time>2026-05-08T07:48:23Z</time>
</trkpt>
<trkpt lat="45.74148889" lon="7.59359311">
<ele>469.10156</ele>
<time>2026-05-08T07:48:24Z</time>
</trkpt>
<trkpt lat="45.7414825" lon="7.59402057">
<ele>469.49265</ele>
<time>2026-05-08T07:48:25Z</time>
</trkpt>
<trkpt lat="45.74149494" lon="7.59443948">
<ele>469.8837</ele>
<time>2026-05-08T07:48:26Z</time>
</trkpt>
<trkpt lat="45.74151393" lon="7.59485856">
<ele>470.21133</ele>
<time>2026-05-08T07:48:27Z</time>
</trkpt>
<trkpt lat="45.74154461" lon="7.59527433">
<ele>470.48615</ele>
<time>2026-05-08T07:48:28Z</time>
</trkpt>
<trkpt lat="45.74156975" lon="7.59565019">
<ele>470.70282</ele>
<time>2026-05-08T07:48:29Z</time>
</trkpt>
<trkpt lat="45.74160509" lon="7.59603428">
<ele>470.86664</ele>
<time>2026-05-08T07:48:30Z</time>
</trkpt>
<trkpt lat="45.74164033" lon="7.59640546">
<ele>471.00403</ele>
<time>2026-05-08T07:48:31Z</time>
</trkpt>
<trkpt lat="45.74167549" lon="7.59679424">
<ele>471.0939</ele>
<time>2026-05-08T07:48:32Z</time>
</trkpt>
<trkpt lat="45.74170375" lon="7.59716088">
<ele>471.1573</ele>
<time>2026-05-08T07:48:33Z</time>
</trkpt>
<trkpt lat="45.7417319" lon="7.59751469">
<ele>471.18372</ele>
<time>2026-05-08T07:48:34Z</time>
</trkpt>
<trkpt lat="45.74176186" lon="7.59787424">
<ele>471.1943</ele>
<time>2026-05-08T07:48:35Z</time>
</trkpt>
<trkpt lat="45.74179114" lon="7.59822652">
<ele>471.1573</ele>
<time>2026-05-08T07:48:36Z</time>
</trkpt>
<trkpt lat="45.74181817" lon="7.59857885">
<ele>471.11502</ele>
<time>2026-05-08T07:48:37Z</time>
</trkpt>
<trkpt lat="45.74184813" lon="7.59892979">
<ele>471.01987</ele>
<time>2026-05-08T07:48:38Z</time>
</trkpt>
<trkpt lat="45.74188122" lon="7.59927945">
<ele>470.9142</ele>
<time>2026-05-08T07:48:39Z</time>
</trkpt>
<trkpt lat="45.74190755" lon="7.59962802">
<ele>470.86136</ele>
<time>2026-05-08T07:48:40Z</time>
</trkpt>
<trkpt lat="45.74193495" lon="7.59998574">
<ele>470.7081</ele>
<time>2026-05-08T07:48:41Z</time>
</trkpt>
<trkpt lat="45.74196263" lon="7.60034746">
<ele>470.49142</ele>
<time>2026-05-08T07:48:42Z</time>
</trkpt>
<trkpt lat="45.7419976" lon="7.60071922">
<ele>470.2695</ele>
<time>2026-05-08T07:48:43Z</time>
</trkpt>
<trkpt lat="45.74202742" lon="7.60106768">
<ele>469.99997</ele>
<time>2026-05-08T07:48:44Z</time>
</trkpt>
<trkpt lat="45.74206004" lon="7.60142993">
<ele>469.67758</ele>
<time>2026-05-08T07:48:45Z</time>
</trkpt>
<trkpt lat="45.74209386" lon="7.60178651">
<ele>469.35526</ele>
<time>2026-05-08T07:48:46Z</time>
</trkpt>
<trkpt lat="45.74211885" lon="7.60214996">
<ele>468.99588</ele>
<time>2026-05-08T07:48:47Z</time>
</trkpt>
<trkpt lat="45.74214793" lon="7.60250937">
<ele>468.66296</ele>
<time>2026-05-08T07:48:48Z</time>
</trkpt>
<trkpt lat="45.7421814" lon="7.60286276">
<ele>468.32474</ele>
<time>2026-05-08T07:48:49Z</time>
</trkpt>
<trkpt lat="45.74220928" lon="7.60320507">
<ele>467.98123</ele>
<time>2026-05-08T07:48:50Z</time>
</trkpt>
<trkpt lat="45.74223992" lon="7.60355248">
<ele>467.64832</ele>
<time>2026-05-08T07:48:51Z</time>
</trkpt>
<trkpt lat="45.74227823" lon="7.60390497">
<ele>467.32593</ele>
<time>2026-05-08T07:48:52Z</time>
</trkpt>
<trkpt lat="45.74232168" lon="7.60425326">
<ele>467.20966</ele>
<time>2026-05-08T07:48:53Z</time>
</trkpt>
<trkpt lat="45.74236688" lon="7.60460623">
<ele>466.92957</ele>
<time>2026-05-08T07:48:54Z</time>
</trkpt>
<trkpt lat="45.74241226" lon="7.60495265">
<ele>466.73407</ele>
<time>2026-05-08T07:48:55Z</time>
</trkpt>
<trkpt lat="45.74247186" lon="7.60529209">
<ele>466.53854</ele>
<time>2026-05-08T07:48:56Z</time>
</trkpt>
<trkpt lat="45.74252857" lon="7.60563483">
<ele>466.343</ele>
<time>2026-05-08T07:48:57Z</time>
</trkpt>
<trkpt lat="45.74259049" lon="7.60597553">
<ele>466.16333</ele>
<time>2026-05-08T07:48:58Z</time>
</trkpt>
<trkpt lat="45.7426528" lon="7.60631543">
<ele>466.03122</ele>
<time>2026-05-08T07:48:59Z</time>
</trkpt>
<trkpt lat="45.74271878" lon="7.60664971">
<ele>465.88324</ele>
<time>2026-05-08T07:49:00Z</time>
</trkpt>
<trkpt lat="45.74278862" lon="7.60698707">
<ele>465.75113</ele>
<time>2026-05-08T07:49:01Z</time>
</trkpt>
<trkpt lat="45.74286374" lon="7.60731742">
<ele>465.6137</ele>
<time>2026-05-08T07:49:02Z</time>
</trkpt>
<trkpt lat="45.74294043" lon="7.60762674">
<ele>465.53973</ele>
<time>2026-05-08T07:49:03Z</time>
</trkpt>
<trkpt lat="45.74302175" lon="7.60793424">
<ele>465.4393</ele>
<time>2026-05-08T07:49:04Z</time>
</trkpt>
<trkpt lat="45.74310705" lon="7.60823368">
<ele>465.3759</ele>
<time>2026-05-08T07:49:05Z</time>
</trkpt>
<trkpt lat="45.74320175" lon="7.60853874">
<ele>465.4816</ele>
<time>2026-05-08T07:49:06Z</time>
</trkpt>
<trkpt lat="45.74329522" lon="7.60884117">
<ele>465.81982</ele>
<time>2026-05-08T07:49:07Z</time>
</trkpt>
<trkpt lat="45.74339219" lon="7.60914038">
<ele>465.61902</ele>
<time>2026-05-08T07:49:08Z</time>
</trkpt>
<trkpt lat="45.74543127" lon="7.61353291">
<ele>469.5455</ele>
<time>2026-05-08T07:49:25Z</time>
</trkpt>
<trkpt lat="45.74556492" lon="7.613748">
<ele>469.6036</ele>
<time>2026-05-08T07:49:26Z</time>
</trkpt>
<trkpt lat="45.74567352" lon="7.61402099">
<ele>469.74628</ele>
<time>2026-05-08T07:49:27Z</time>
</trkpt>
<trkpt lat="45.74579791" lon="7.61427375">
<ele>469.88898</ele>
<time>2026-05-08T07:49:28Z</time>
</trkpt>
<trkpt lat="45.74592356" lon="7.61455792">
<ele>470.0634</ele>
<time>2026-05-08T07:49:29Z</time>
</trkpt>
<trkpt lat="45.74603857" lon="7.61484512">
<ele>470.2642</ele>
<time>2026-05-08T07:49:30Z</time>
</trkpt>
<trkpt lat="45.74615744" lon="7.61513137">
<ele>470.4967</ele>
<time>2026-05-08T07:49:31Z</time>
</trkpt>
<trkpt lat="45.74627027" lon="7.61541512">
<ele>470.76096</ele>
<time>2026-05-08T07:49:32Z</time>
</trkpt>
<trkpt lat="45.74638208" lon="7.61572345">
<ele>471.09918</ele>
<time>2026-05-08T07:49:33Z</time>
</trkpt>
<trkpt lat="45.74649912" lon="7.61604838">
<ele>471.50607</ele>
<time>2026-05-08T07:49:34Z</time>
</trkpt>
<trkpt lat="45.74661163" lon="7.61637754">
<ele>471.9817</ele>
<time>2026-05-08T07:49:35Z</time>
</trkpt>
<trkpt lat="45.74672595" lon="7.61673445">
<ele>472.44675</ele>
<time>2026-05-08T07:49:36Z</time>
</trkpt>
<trkpt lat="45.7468438" lon="7.61708711">
<ele>472.95407</ele>
<time>2026-05-08T07:49:37Z</time>
</trkpt>
<trkpt lat="45.74694041" lon="7.61743603">
<ele>473.40326</ele>
<time>2026-05-08T07:49:38Z</time>
</trkpt>
<trkpt lat="45.74703683" lon="7.61779688">
<ele>473.79962</ele>
<time>2026-05-08T07:49:39Z</time>
</trkpt>
<trkpt lat="45.74712729" lon="7.61814117">
<ele>474.1061</ele>
<time>2026-05-08T07:49:40Z</time>
</trkpt>
<trkpt lat="45.74720383" lon="7.6184805">
<ele>474.37564</ele>
<time>2026-05-08T07:49:41Z</time>
</trkpt>
<trkpt lat="45.74727229" lon="7.61881813">
<ele>474.7033</ele>
<time>2026-05-08T07:49:42Z</time>
</trkpt>
<trkpt lat="45.74734085" lon="7.61914104">
<ele>474.9834</ele>
<time>2026-05-08T07:49:43Z</time>
</trkpt>
<trkpt lat="45.74739999" lon="7.61946984">
<ele>475.2476</ele>
<time>2026-05-08T07:49:44Z</time>
</trkpt>
<trkpt lat="45.74746487" lon="7.61981538">
<ele>475.6757</ele>
<time>2026-05-08T07:49:45Z</time>
</trkpt>
<trkpt lat="45.74752604" lon="7.62017129">
<ele>476.05615</ele>
<time>2026-05-08T07:49:46Z</time>
</trkpt>
<trkpt lat="45.74757842" lon="7.62054443">
<ele>476.3891</ele>
<time>2026-05-08T07:49:47Z</time>
</trkpt>
<trkpt lat="45.74762519" lon="7.62093606">
<ele>476.7326</ele>
<time>2026-05-08T07:49:48Z</time>
</trkpt>
<trkpt lat="45.74766582" lon="7.62133312">
<ele>477.05496</ele>
<time>2026-05-08T07:49:49Z</time>
</trkpt>
<trkpt lat="45.74770072" lon="7.62174246">
<ele>477.3456</ele>
<time>2026-05-08T07:49:50Z</time>
</trkpt>
<trkpt lat="45.74772838" lon="7.62214106">
<ele>477.6257</ele>
<time>2026-05-08T07:49:51Z</time>
</trkpt>
<trkpt lat="45.74774484" lon="7.62255868">
<ele>477.83707</ele>
<time>2026-05-08T07:49:52Z</time>
</trkpt>
<trkpt lat="45.74775547" lon="7.62296502">
<ele>478.00092</ele>
<time>2026-05-08T07:49:53Z</time>
</trkpt>
<trkpt lat="45.74775687" lon="7.62336071">
<ele>478.0379</ele>
<time>2026-05-08T07:49:54Z</time>
</trkpt>
<trkpt lat="45.7477574" lon="7.62376961">
<ele>478.05374</ele>
<time>2026-05-08T07:49:55Z</time>
</trkpt>
<trkpt lat="45.74774916" lon="7.62417372">
<ele>477.99033</ele>
<time>2026-05-08T07:49:56Z</time>
</trkpt>
<trkpt lat="45.7477348" lon="7.62458111">
<ele>477.86353</ele>
<time>2026-05-08T07:49:57Z</time>
</trkpt>
<trkpt lat="45.74771463" lon="7.62499091">
<ele>477.6627</ele>
<time>2026-05-08T07:49:58Z</time>
</trkpt>
<trkpt lat="45.74768968" lon="7.62539346">
<ele>477.44077</ele>
<time>2026-05-08T07:49:59Z</time>
</trkpt>
<trkpt lat="45.74765209" lon="7.6257994">
<ele>477.12366</ele>
<time>2026-05-08T07:50:00Z</time>
</trkpt>
<trkpt lat="45.74760824" lon="7.62619888">
<ele>476.68503</ele>
<time>2026-05-08T07:50:01Z</time>
</trkpt>
<trkpt lat="45.74755654" lon="7.62659813">
<ele>476.26227</ele>
<time>2026-05-08T07:50:02Z</time>
</trkpt>
<trkpt lat="45.74749915" lon="7.62699367">
<ele>475.75494</ele>
<time>2026-05-08T07:50:03Z</time>
</trkpt>
<trkpt lat="45.74743778" lon="7.62739484">
<ele>475.15778</ele>
<time>2026-05-08T07:50:04Z</time>
</trkpt>
<trkpt lat="45.74736415" lon="7.6277833">
<ele>474.41794</ele>
<time>2026-05-08T07:50:05Z</time>
</trkpt>
<trkpt lat="45.74729081" lon="7.62817601">
<ele>473.69922</ele>
<time>2026-05-08T07:50:06Z</time>
</trkpt>
<trkpt lat="45.74720476" lon="7.62855534">
<ele>472.95407</ele>
<time>2026-05-08T07:50:07Z</time>
</trkpt>
<trkpt lat="45.74711362" lon="7.62893611">
<ele>472.1614</ele>
<time>2026-05-08T07:50:08Z</time>
</trkpt>
<trkpt lat="45.74701427" lon="7.62932227">
<ele>471.32114</ele>
<time>2026-05-08T07:50:09Z</time>
</trkpt>
<trkpt lat="45.74691364" lon="7.62969355">
<ele>470.43857</ele>
<time>2026-05-08T07:50:10Z</time>
</trkpt>
<trkpt lat="45.74680464" lon="7.63006408">
<ele>469.56662</ele>
<time>2026-05-08T07:50:11Z</time>
</trkpt>
<trkpt lat="45.74669631" lon="7.63043195">
<ele>468.68408</ele>
<time>2026-05-08T07:50:12Z</time>
</trkpt>
<trkpt lat="45.74657529" lon="7.63080338">
<ele>467.75928</ele>
<time>2026-05-08T07:50:13Z</time>
</trkpt>
<trkpt lat="45.7464499" lon="7.63116135">
<ele>466.88205</ele>
<time>2026-05-08T07:50:14Z</time>
</trkpt>
<trkpt lat="45.74631696" lon="7.63151163">
<ele>466.0365</ele>
<time>2026-05-08T07:50:15Z</time>
</trkpt>
<trkpt lat="45.74617466" lon="7.6318603">
<ele>465.12753</ele>
<time>2026-05-08T07:50:16Z</time>
</trkpt>
<trkpt lat="45.74602523" lon="7.63221311">
<ele>464.22913</ele>
<time>2026-05-08T07:50:17Z</time>
</trkpt>
<trkpt lat="45.74587105" lon="7.63255045">
<ele>463.32016</ele>
<time>2026-05-08T07:50:18Z</time>
</trkpt>
<trkpt lat="45.74571704" lon="7.63289309">
<ele>462.4165</ele>
<time>2026-05-08T07:50:19Z</time>
</trkpt>
<trkpt lat="45.74555916" lon="7.63322774">
<ele>461.5287</ele>
<time>2026-05-08T07:50:20Z</time>
</trkpt>
<trkpt lat="45.74539327" lon="7.63355704">
<ele>460.64615</ele>
<time>2026-05-08T07:50:21Z</time>
</trkpt>
<trkpt lat="45.74521978" lon="7.63387635">
<ele>459.76892</ele>
<time>2026-05-08T07:50:22Z</time>
</trkpt>
<trkpt lat="45.74504451" lon="7.63419081">
<ele>458.93393</ele>
<time>2026-05-08T07:50:23Z</time>
</trkpt>
<trkpt lat="45.74485769" lon="7.63450132">
<ele>458.13068</ele>
<time>2026-05-08T07:50:24Z</time>
</trkpt>
<trkpt lat="45.74466392" lon="7.63482031">
<ele>457.3644</ele>
<time>2026-05-08T07:50:25Z</time>
</trkpt>
<trkpt lat="45.74447906" lon="7.63512998">
<ele>456.59283</ele>
<time>2026-05-08T07:50:26Z</time>
</trkpt>
<trkpt lat="45.74429661" lon="7.63543783">
<ele>455.93225</ele>
<time>2026-05-08T07:50:27Z</time>
</trkpt>
<trkpt lat="45.74410999" lon="7.63574776">
<ele>455.3087</ele>
<time>2026-05-08T07:50:28Z</time>
</trkpt>
<trkpt lat="45.74393342" lon="7.63605394">
<ele>454.69565</ele>
<time>2026-05-08T07:50:29Z</time>
</trkpt>
<trkpt lat="45.74374968" lon="7.63636812">
<ele>454.1302</ele>
<time>2026-05-08T07:50:30Z</time>
</trkpt>
<trkpt lat="45.7435614" lon="7.63668793">
<ele>453.59644</ele>
<time>2026-05-08T07:50:31Z</time>
</trkpt>
<trkpt lat="45.74337793" lon="7.63699754">
<ele>453.08383</ele>
<time>2026-05-08T07:50:32Z</time>
</trkpt>
<trkpt lat="45.7431951" lon="7.63731026">
<ele>452.61877</ele>
<time>2026-05-08T07:50:33Z</time>
</trkpt>
<trkpt lat="45.74301582" lon="7.63761823">
<ele>452.1643</ele>
<time>2026-05-08T07:50:34Z</time>
</trkpt>
<trkpt lat="45.74283092" lon="7.63793035">
<ele>451.7521</ele>
<time>2026-05-08T07:50:35Z</time>
</trkpt>
<trkpt lat="45.74264712" lon="7.63823664">
<ele>451.35046</ele>
<time>2026-05-08T07:50:36Z</time>
</trkpt>
<trkpt lat="45.74246806" lon="7.6385492">
<ele>450.95413</ele>
<time>2026-05-08T07:50:37Z</time>
</trkpt>
<trkpt lat="45.74228651" lon="7.63886308">
<ele>450.5525</ele>
<time>2026-05-08T07:50:38Z</time>
</trkpt>
<trkpt lat="45.74210843" lon="7.63917531">
<ele>450.19843</ele>
<time>2026-05-08T07:50:39Z</time>
</trkpt>
<trkpt lat="45.74193284" lon="7.63949011">
<ele>449.87604</ele>
<time>2026-05-08T07:50:40Z</time>
</trkpt>
<trkpt lat="45.74176047" lon="7.63981562">
<ele>449.5167</ele>
<time>2026-05-08T07:50:41Z</time>
</trkpt>
<trkpt lat="45.74159658" lon="7.6401485">
<ele>449.15735</ele>
<time>2026-05-08T07:50:42Z</time>
</trkpt>
<trkpt lat="45.74144034" lon="7.64047632">
<ele>448.80328</ele>
<time>2026-05-08T07:50:43Z</time>
</trkpt>
<trkpt lat="45.74128969" lon="7.64081815">
<ele>448.43335</ele>
<time>2026-05-08T07:50:44Z</time>
</trkpt>
<trkpt lat="45.74114888" lon="7.64116104">
<ele>448.08984</ele>
<time>2026-05-08T07:50:45Z</time>
</trkpt>
<trkpt lat="45.74101647" lon="7.64151446">
<ele>447.71994</ele>
<time>2026-05-08T07:50:46Z</time>
</trkpt>
<trkpt lat="45.74087788" lon="7.64188544">
<ele>447.32886</ele>
<time>2026-05-08T07:50:47Z</time>
</trkpt>
<trkpt lat="45.74076031" lon="7.6422524">
<ele>446.91138</ele>
<time>2026-05-08T07:50:48Z</time>
</trkpt>
<trkpt lat="45.74065755" lon="7.64262477">
<ele>446.4833</ele>
<time>2026-05-08T07:50:49Z</time>
</trkpt>
<trkpt lat="45.74054854" lon="7.64299343">
<ele>446.02356</ele>
<time>2026-05-08T07:50:50Z</time>
</trkpt>
<trkpt lat="45.74047171" lon="7.64339303">
<ele>445.57962</ele>
<time>2026-05-08T07:50:51Z</time>
</trkpt>
<trkpt lat="45.74039921" lon="7.64378664">
<ele>445.09348</ele>
<time>2026-05-08T07:50:52Z</time>
</trkpt>
<trkpt lat="45.7403353" lon="7.64416767">
<ele>444.602</ele>
<time>2026-05-08T07:50:53Z</time>
</trkpt>
<trkpt lat="45.74026944" lon="7.6445806">
<ele>444.07352</ele>
<time>2026-05-08T07:50:54Z</time>
</trkpt>
<trkpt lat="45.74022452" lon="7.64498533">
<ele>443.50278</ele>
<time>2026-05-08T07:50:55Z</time>
</trkpt>
<trkpt lat="45.74018058" lon="7.64538549">
<ele>442.93204</ele>
<time>2026-05-08T07:50:56Z</time>
</trkpt>
<trkpt lat="45.74014444" lon="7.64579199">
<ele>442.29788</ele>
<time>2026-05-08T07:50:57Z</time>
</trkpt>
<trkpt lat="45.74010844" lon="7.6461963">
<ele>441.63202</ele>
<time>2026-05-08T07:50:58Z</time>
</trkpt>
<trkpt lat="45.74006402" lon="7.64659192">
<ele>440.93976</ele>
<time>2026-05-08T07:50:59Z</time>
</trkpt>
<trkpt lat="45.74002257" lon="7.6469934">
<ele>440.23688</ele>
<time>2026-05-08T07:51:00Z</time>
</trkpt>
<trkpt lat="45.73999127" lon="7.6473882">
<ele>439.58685</ele>
<time>2026-05-08T07:51:01Z</time>
</trkpt>
<trkpt lat="45.73993502" lon="7.6477821">
<ele>439.01083</ele>
<time>2026-05-08T07:51:03Z</time>
</trkpt>
<trkpt lat="45.73989366" lon="7.64818338">
<ele>438.4137</ele>
<time>2026-05-08T07:51:04Z</time>
</trkpt>
<trkpt lat="45.73983127" lon="7.64858037">
<ele>437.8588</ele>
<time>2026-05-08T07:51:05Z</time>
</trkpt>
<trkpt lat="45.73976467" lon="7.64896728">
<ele>437.2986</ele>
<time>2026-05-08T07:51:06Z</time>
</trkpt>
<trkpt lat="45.73968265" lon="7.64935481">
<ele>436.78073</ele>
<time>2026-05-08T07:51:07Z</time>
</trkpt>
<trkpt lat="45.73959703" lon="7.64973839">
<ele>436.21527</ele>
<time>2026-05-08T07:51:08Z</time>
</trkpt>
<trkpt lat="45.73949194" lon="7.65011731">
<ele>435.6445</ele>
<time>2026-05-08T07:51:09Z</time>
</trkpt>
<trkpt lat="45.73937699" lon="7.65049838">
<ele>435.11078</ele>
<time>2026-05-08T07:51:10Z</time>
</trkpt>
<trkpt lat="45.73925223" lon="7.65087068">
<ele>434.6193</ele>
<time>2026-05-08T07:51:11Z</time>
</trkpt>
<trkpt lat="45.7391271" lon="7.65123642">
<ele>434.19653</ele>
<time>2026-05-08T07:51:12Z</time>
</trkpt>
<trkpt lat="45.73898343" lon="7.65157824">
<ele>433.816</ele>
<time>2026-05-08T07:51:13Z</time>
</trkpt>
<trkpt lat="45.73883524" lon="7.65192486">
<ele>433.37213</ele>
<time>2026-05-08T07:51:14Z</time>
</trkpt>
<trkpt lat="45.73868223" lon="7.65226321">
<ele>433.00748</ele>
<time>2026-05-08T07:51:15Z</time>
</trkpt>
<trkpt lat="45.73851044" lon="7.65258245">
<ele>432.6323</ele>
<time>2026-05-08T07:51:16Z</time>
</trkpt>
<trkpt lat="45.73833545" lon="7.65290189">
<ele>432.29407</ele>
<time>2026-05-08T07:51:17Z</time>
</trkpt>
<trkpt lat="45.73814953" lon="7.65321343">
<ele>431.97696</ele>
<time>2026-05-08T07:51:18Z</time>
</trkpt>
<trkpt lat="45.73795334" lon="7.65351235">
<ele>431.7286</ele>
<time>2026-05-08T07:51:19Z</time>
</trkpt>
<trkpt lat="45.73775856" lon="7.65381313">
<ele>431.46967</ele>
<time>2026-05-08T07:51:20Z</time>
</trkpt>
<trkpt lat="45.7375653" lon="7.65410983">
<ele>431.18958</ele>
<time>2026-05-08T07:51:21Z</time>
</trkpt>
<trkpt lat="45.73736594" lon="7.65439774">
<ele>430.9095</ele>
<time>2026-05-08T07:51:22Z</time>
</trkpt>
<trkpt lat="45.73717055" lon="7.65468677">
<ele>430.70337</ele>
<time>2026-05-08T07:51:23Z</time>
</trkpt>
<trkpt lat="45.73696836" lon="7.65496624">
<ele>430.4867</ele>
<time>2026-05-08T07:51:24Z</time>
</trkpt>
<trkpt lat="45.73676222" lon="7.65524727">
<ele>430.23306</ele>
<time>2026-05-08T07:51:25Z</time>
</trkpt>
<trkpt lat="45.73654749" lon="7.65551625">
<ele>429.96353</ele>
<time>2026-05-08T07:51:26Z</time>
</trkpt>
<trkpt lat="45.73632299" lon="7.65576563">
<ele>429.7257</ele>
<time>2026-05-08T07:51:27Z</time>
</trkpt>
<trkpt lat="45.73610082" lon="7.65601449">
<ele>429.43506</ele>
<time>2026-05-08T07:51:28Z</time>
</trkpt>
<trkpt lat="45.73587324" lon="7.65625436">
<ele>429.1497</ele>
<time>2026-05-08T07:51:29Z</time>
</trkpt>
<trkpt lat="45.73565039" lon="7.65647075">
<ele>428.91718</ele>
<time>2026-05-08T07:51:30Z</time>
</trkpt>
<trkpt lat="45.73541437" lon="7.65668312">
<ele>428.82736</ele>
<time>2026-05-08T07:51:31Z</time>
</trkpt>
<trkpt lat="45.72867128" lon="7.66306583">
<ele>419.70078</ele>
<time>2026-05-08T07:52:02Z</time>
</trkpt>
<trkpt lat="45.72849463" lon="7.66327501">
<ele>419.26743</ele>
<time>2026-05-08T07:52:03Z</time>
</trkpt>
<trkpt lat="45.72830099" lon="7.66348548">
<ele>418.8288</ele>
<time>2026-05-08T07:52:04Z</time>
</trkpt>
<trkpt lat="45.72813078" lon="7.66367945">
<ele>418.5276</ele>
<time>2026-05-08T07:52:05Z</time>
</trkpt>
<trkpt lat="45.72796073" lon="7.66387355">
<ele>418.49588</ele>
<time>2026-05-08T07:52:06Z</time>
</trkpt>
<trkpt lat="45.72080748" lon="7.66975666">
<ele>405.242</ele>
<time>2026-05-08T07:52:45Z</time>
</trkpt>
<trkpt lat="45.72058142" lon="7.66979772">
<ele>404.6871</ele>
<time>2026-05-08T07:52:46Z</time>
</trkpt>
<trkpt lat="45.72037065" lon="7.66985896">
<ele>404.1322</ele>
<time>2026-05-08T07:52:47Z</time>
</trkpt>
<trkpt lat="45.7201571" lon="7.66992214">
<ele>403.62488</ele>
<time>2026-05-08T07:52:48Z</time>
</trkpt>
<trkpt lat="45.71993404" lon="7.6699947">
<ele>403.1387</ele>
<time>2026-05-08T07:52:49Z</time>
</trkpt>
<trkpt lat="45.71970483" lon="7.67005271">
<ele>402.63666</ele>
<time>2026-05-08T07:52:50Z</time>
</trkpt>
<trkpt lat="45.71945994" lon="7.67011739">
<ele>402.15048</ele>
<time>2026-05-08T07:52:51Z</time>
</trkpt>
<trkpt lat="45.71922235" lon="7.67017066">
<ele>401.64844</ele>
<time>2026-05-08T07:52:52Z</time>
</trkpt>
<trkpt lat="45.71897485" lon="7.67022146">
<ele>401.13583</ele>
<time>2026-05-08T07:52:53Z</time>
</trkpt>
<trkpt lat="45.7187259" lon="7.67026732">
<ele>400.59152</ele>
<time>2026-05-08T07:52:54Z</time>
</trkpt>
<trkpt lat="45.71847799" lon="7.67030957">
<ele>400.02606</ele>
<time>2026-05-08T07:52:55Z</time>
</trkpt>
<trkpt lat="45.71822256" lon="7.6703464">
<ele>399.45004</ele>
<time>2026-05-08T07:52:56Z</time>
</trkpt>
<trkpt lat="45.71795735" lon="7.67037132">
<ele>398.8634</ele>
<time>2026-05-08T07:52:57Z</time>
</trkpt>
<trkpt lat="45.7176821" lon="7.67039251">
<ele>398.2557</ele>
<time>2026-05-08T07:52:58Z</time>
</trkpt>
<trkpt lat="45.71740866" lon="7.67040347">
<ele>397.62155</ele>
<time>2026-05-08T07:52:59Z</time>
</trkpt>
<trkpt lat="45.71713899" lon="7.67040357">
<ele>396.96628</ele>
<time>2026-05-08T07:53:00Z</time>
</trkpt>
<trkpt lat="45.71684908" lon="7.67039072">
<ele>396.2951</ele>
<time>2026-05-08T07:53:01Z</time>
</trkpt>
<trkpt lat="45.71655986" lon="7.67037094">
<ele>395.59225</ele>
<time>2026-05-08T07:53:02Z</time>
</trkpt>
<trkpt lat="45.71627005" lon="7.67034177">
<ele>394.84708</ele>
<time>2026-05-08T07:53:03Z</time>
</trkpt>
<trkpt lat="45.71598626" lon="7.67031326">
<ele>394.07556</ele>
<time>2026-05-08T07:53:04Z</time>
</trkpt>
<trkpt lat="45.71570435" lon="7.67027816">
<ele>393.30402</ele>
<time>2026-05-08T07:53:05Z</time>
</trkpt>
<trkpt lat="45.71540854" lon="7.67023896">
<ele>392.56415</ele>
<time>2026-05-08T07:53:06Z</time>
</trkpt>
<trkpt lat="45.71512067" lon="7.67020825">
<ele>391.856</ele>
<time>2026-05-08T07:53:07Z</time>
</trkpt>
<trkpt lat="45.71484454" lon="7.67017035">
<ele>391.1373</ele>
<time>2026-05-08T07:53:08Z</time>
</trkpt>
<trkpt lat="45.71456205" lon="7.67013733">
<ele>390.46085</ele>
<time>2026-05-08T07:53:09Z</time>
</trkpt>
<trkpt lat="45.7142672" lon="7.6700992">
<ele>389.81613</ele>
<time>2026-05-08T07:53:10Z</time>
</trkpt>
<trkpt lat="45.71398373" lon="7.67005947">
<ele>389.2031</ele>
<time>2026-05-08T07:53:11Z</time>
</trkpt>
<trkpt lat="45.71371715" lon="7.67002767">
<ele>388.60068</ele>
<time>2026-05-08T07:53:12Z</time>
</trkpt>
<trkpt lat="45.71343443" lon="7.66999246">
<ele>388.02994</ele>
<time>2026-05-08T07:53:13Z</time>
</trkpt>
<trkpt lat="45.7131502" lon="7.66995005">
<ele>387.54373</ele>
<time>2026-05-08T07:53:14Z</time>
</trkpt>
<trkpt lat="45.71286339" lon="7.66990958">
<ele>387.0734</ele>
<time>2026-05-08T07:53:15Z</time>
</trkpt>
<trkpt lat="45.71257087" lon="7.66987853">
<ele>386.65063</ele>
<time>2026-05-08T07:53:16Z</time>
</trkpt>
<trkpt lat="45.71228662" lon="7.66984142">
<ele>386.2437</ele>
<time>2026-05-08T07:53:17Z</time>
</trkpt>
<trkpt lat="45.71200639" lon="7.66980568">
<ele>385.87906</ele>
<time>2026-05-08T07:53:18Z</time>
</trkpt>
<trkpt lat="45.71172942" lon="7.66977365">
<ele>385.525</ele>
<time>2026-05-08T07:53:19Z</time>
</trkpt>
<trkpt lat="45.71145454" lon="7.66973211">
<ele>385.1974</ele>
<time>2026-05-08T07:53:20Z</time>
</trkpt>
<trkpt lat="45.7111762" lon="7.6696985">
<ele>384.91196</ele>
<time>2026-05-08T07:53:21Z</time>
</trkpt>
<trkpt lat="45.71089162" lon="7.66965732">
<ele>384.71646</ele>
<time>2026-05-08T07:53:22Z</time>
</trkpt>
<trkpt lat="45.71060215" lon="7.66961815">
<ele>384.53677</ele>
<time>2026-05-08T07:53:23Z</time>
</trkpt>
<trkpt lat="45.71031008" lon="7.66957496">
<ele>384.3624</ele>
<time>2026-05-08T07:53:24Z</time>
</trkpt>
<trkpt lat="45.71002539" lon="7.66952326">
<ele>384.12457</ele>
<time>2026-05-08T07:53:25Z</time>
</trkpt>
<trkpt lat="45.70974452" lon="7.66947756">
<ele>383.91846</ele>
<time>2026-05-08T07:53:26Z</time>
</trkpt>
<trkpt lat="45.70946286" lon="7.66942405">
<ele>383.7705</ele>
<time>2026-05-08T07:53:27Z</time>
</trkpt>
<trkpt lat="45.70918129" lon="7.66936873">
<ele>383.59613</ele>
<time>2026-05-08T07:53:28Z</time>
</trkpt>
<trkpt lat="45.70889615" lon="7.66931518">
<ele>383.40057</ele>
<time>2026-05-08T07:53:29Z</time>
</trkpt>
<trkpt lat="45.70861092" lon="7.66926665">
<ele>383.17862</ele>
<time>2026-05-08T07:53:30Z</time>
</trkpt>
<trkpt lat="45.70832899" lon="7.66921081">
<ele>382.99365</ele>
<time>2026-05-08T07:53:31Z</time>
</trkpt>
<trkpt lat="45.70804801" lon="7.66916231">
<ele>382.87213</ele>
<time>2026-05-08T07:53:32Z</time>
</trkpt>
<trkpt lat="45.70777315" lon="7.6691108">
<ele>382.66602</ele>
<time>2026-05-08T07:53:33Z</time>
</trkpt>
<trkpt lat="45.70749486" lon="7.66905955">
<ele>382.41763</ele>
<time>2026-05-08T07:53:34Z</time>
</trkpt>
<trkpt lat="45.70722068" lon="7.6690037">
<ele>382.14282</ele>
<time>2026-05-08T07:53:35Z</time>
</trkpt>
<trkpt lat="45.70694628" lon="7.66894072">
<ele>382.18512</ele>
<time>2026-05-08T07:53:36Z</time>
</trkpt>
<trkpt lat="45.7066674" lon="7.66887698">
<ele>382.27496</ele>
<time>2026-05-08T07:53:37Z</time>
</trkpt>
<trkpt lat="45.70639004" lon="7.66881699">
<ele>382.4282</ele>
<time>2026-05-08T07:53:38Z</time>
</trkpt>
<trkpt lat="45.70610557" lon="7.66875419">
<ele>382.00543</ele>
<time>2026-05-08T07:53:39Z</time>
</trkpt>
<trkpt lat="45.70582882" lon="7.66868968">
<ele>381.69894</ele>
<time>2026-05-08T07:53:40Z</time>
</trkpt>
<trkpt lat="45.70554637" lon="7.66863042">
<ele>381.51923</ele>
<time>2026-05-08T07:53:41Z</time>
</trkpt>
<trkpt lat="45.70526593" lon="7.66856524">
<ele>381.36072</ele>
<time>2026-05-08T07:53:42Z</time>
</trkpt>
<trkpt lat="45.70497922" lon="7.66849651">
<ele>381.21802</ele>
<time>2026-05-08T07:53:43Z</time>
</trkpt>
<trkpt lat="45.70469957" lon="7.66842253">
<ele>381.00134</ele>
<time>2026-05-08T07:53:44Z</time>
</trkpt>
<trkpt lat="45.70442395" lon="7.66834764">
<ele>380.80582</ele>
<time>2026-05-08T07:53:45Z</time>
</trkpt>
<trkpt lat="45.70414522" lon="7.66827369">
<ele>380.58914</ele>
<time>2026-05-08T07:53:46Z</time>
</trkpt>
<trkpt lat="45.70386817" lon="7.66821">
<ele>380.3989</ele>
<time>2026-05-08T07:53:47Z</time>
</trkpt>
<trkpt lat="45.7035933" lon="7.66815">
<ele>380.2034</ele>
<time>2026-05-08T07:53:48Z</time>
</trkpt>
<trkpt lat="45.70331146" lon="7.66808287">
<ele>380.02368</ele>
<time>2026-05-08T07:53:49Z</time>
</trkpt>
<trkpt lat="45.70302882" lon="7.66802119">
<ele>379.83344</ele>
<time>2026-05-08T07:53:50Z</time>
</trkpt>
<trkpt lat="45.70274754" lon="7.6679567">
<ele>379.68018</ele>
<time>2026-05-08T07:53:51Z</time>
</trkpt>
<trkpt lat="45.70246364" lon="7.66789419">
<ele>379.52167</ele>
<time>2026-05-08T07:53:52Z</time>
</trkpt>
<trkpt lat="45.70217856" lon="7.66785122">
<ele>379.3684</ele>
<time>2026-05-08T07:53:53Z</time>
</trkpt>
<trkpt lat="45.70189592" lon="7.66780756">
<ele>379.24158</ele>
<time>2026-05-08T07:53:54Z</time>
</trkpt>
<trkpt lat="45.70161441" lon="7.66776764">
<ele>379.13058</ele>
<time>2026-05-08T07:53:55Z</time>
</trkpt>
<trkpt lat="45.70132501" lon="7.66773875">
<ele>378.99316</ele>
<time>2026-05-08T07:53:56Z</time>
</trkpt>
<trkpt lat="45.70103053" lon="7.66772575">
<ele>378.87164</ele>
<time>2026-05-08T07:53:57Z</time>
</trkpt>
<trkpt lat="45.70073991" lon="7.66771808">
<ele>378.7818</ele>
<time>2026-05-08T07:53:58Z</time>
</trkpt>
<trkpt lat="45.70045313" lon="7.66771991">
<ele>378.6814</ele>
<time>2026-05-08T07:53:59Z</time>
</trkpt>
<trkpt lat="45.70016343" lon="7.66772966">
<ele>378.55984</ele>
<time>2026-05-08T07:54:00Z</time>
</trkpt>
<trkpt lat="45.69987438" lon="7.66775732">
<ele>378.45416</ele>
<time>2026-05-08T07:54:01Z</time>
</trkpt>
<trkpt lat="45.69958109" lon="7.66778799">
<ele>378.3115</ele>
<time>2026-05-08T07:54:02Z</time>
</trkpt>
<trkpt lat="45.69929354" lon="7.66782849">
<ele>378.14233</ele>
<time>2026-05-08T07:54:03Z</time>
</trkpt>
<trkpt lat="45.6990031" lon="7.66787993">
<ele>377.97327</ele>
<time>2026-05-08T07:54:04Z</time>
</trkpt>
<trkpt lat="45.69870803" lon="7.66794213">
<ele>377.8253</ele>
<time>2026-05-08T07:54:05Z</time>
</trkpt>
<trkpt lat="45.69842229" lon="7.66800484">
<ele>377.66675</ele>
<time>2026-05-08T07:54:06Z</time>
</trkpt>
<trkpt lat="45.69814039" lon="7.66807501">
<ele>377.49234</ele>
<time>2026-05-08T07:54:07Z</time>
</trkpt>
<trkpt lat="45.69785829" lon="7.66815563">
<ele>377.34967</ele>
<time>2026-05-08T07:54:08Z</time>
</trkpt>
<trkpt lat="45.69757538" lon="7.66824262">
<ele>377.2017</ele>
<time>2026-05-08T07:54:09Z</time>
</trkpt>
<trkpt lat="45.69728786" lon="7.66832967">
<ele>377.03787</ele>
<time>2026-05-08T07:54:10Z</time>
</trkpt>
<trkpt lat="45.69700392" lon="7.66841746">
<ele>376.8952</ele>
<time>2026-05-08T07:54:11Z</time>
</trkpt>
<trkpt lat="45.69671783" lon="7.66848959">
<ele>376.73663</ele>
<time>2026-05-08T07:54:12Z</time>
</trkpt>
<trkpt lat="45.69642995" lon="7.66855012">
<ele>376.60455</ele>
<time>2026-05-08T07:54:13Z</time>
</trkpt>
<trkpt lat="45.69613911" lon="7.66860399">
<ele>376.4407</ele>
<time>2026-05-08T07:54:14Z</time>
</trkpt>
<trkpt lat="45.69584363" lon="7.66864677">
<ele>376.28217</ele>
<time>2026-05-08T07:54:15Z</time>
</trkpt>
<trkpt lat="45.69555768" lon="7.66868307">
<ele>376.14478</ele>
<time>2026-05-08T07:54:16Z</time>
</trkpt>
<trkpt lat="45.69526605" lon="7.6687028">
<ele>375.99152</ele>
<time>2026-05-08T07:54:17Z</time>
</trkpt>
<trkpt lat="45.69496044" lon="7.66871456">
<ele>375.8224</ele>
<time>2026-05-08T07:54:18Z</time>
</trkpt>
<trkpt lat="45.69464882" lon="7.66872544">
<ele>375.5846</ele>
<time>2026-05-08T07:54:19Z</time>
</trkpt>
<trkpt lat="45.69437081" lon="7.66872182">
<ele>375.33624</ele>
<time>2026-05-08T07:54:20Z</time>
</trkpt>
<trkpt lat="45.69409022" lon="7.66872239">
<ele>375.10898</ele>
<time>2026-05-08T07:54:21Z</time>
</trkpt>
<trkpt lat="45.69379456" lon="7.66871605">
<ele>374.81305</ele>
<time>2026-05-08T07:54:22Z</time>
</trkpt>
<trkpt lat="45.69352285" lon="7.66869601">
<ele>374.53296</ele>
<time>2026-05-08T07:54:23Z</time>
</trkpt>
<trkpt lat="45.69323853" lon="7.66866983">
<ele>374.30045</ele>
<time>2026-05-08T07:54:24Z</time>
</trkpt>
<trkpt lat="45.69297373" lon="7.66862937">
<ele>374.12604</ele>
<time>2026-05-08T07:54:25Z</time>
</trkpt>
<trkpt lat="45.69269547" lon="7.6685775">
<ele>373.98862</ele>
<time>2026-05-08T07:54:26Z</time>
</trkpt>
<trkpt lat="45.69241227" lon="7.66850355">
<ele>373.85126</ele>
<time>2026-05-08T07:54:27Z</time>
</trkpt>
<trkpt lat="45.69212884" lon="7.66841591">
<ele>373.76138</ele>
<time>2026-05-08T07:54:28Z</time>
</trkpt>
<trkpt lat="45.69184769" lon="7.66832732">
<ele>373.67685</ele>
<time>2026-05-08T07:54:29Z</time>
</trkpt>
<trkpt lat="45.69156914" lon="7.66823489">
<ele>373.59756</ele>
<time>2026-05-08T07:54:30Z</time>
</trkpt>
<trkpt lat="45.69128653" lon="7.66814183">
<ele>373.69797</ele>
<time>2026-05-08T07:54:31Z</time>
</trkpt>
<trkpt lat="45.69100555" lon="7.66805036">
<ele>373.5236</ele>
<time>2026-05-08T07:54:32Z</time>
</trkpt>
<trkpt lat="45.69072658" lon="7.6679572">
<ele>373.46545</ele>
<time>2026-05-08T07:54:33Z</time>
</trkpt>
<trkpt lat="45.69044266" lon="7.66786138">
<ele>373.4285</ele>
<time>2026-05-08T07:54:34Z</time>
</trkpt>
<trkpt lat="45.69015553" lon="7.66776778">
<ele>373.36505</ele>
<time>2026-05-08T07:54:35Z</time>
</trkpt>
<trkpt lat="45.68987394" lon="7.66768189">
<ele>373.3439</ele>
<time>2026-05-08T07:54:36Z</time>
</trkpt>
<trkpt lat="45.68958681" lon="7.66760773">
<ele>373.37036</ele>
<time>2026-05-08T07:54:37Z</time>
</trkpt>
<trkpt lat="45.6892998" lon="7.6675498">
<ele>373.37564</ele>
<time>2026-05-08T07:54:38Z</time>
</trkpt>
<trkpt lat="45.68901109" lon="7.66751978">
<ele>373.38092</ele>
<time>2026-05-08T07:54:39Z</time>
</trkpt>
<trkpt lat="45.68872343" lon="7.66751123">
<ele>373.37036</ele>
<time>2026-05-08T07:54:40Z</time>
</trkpt>
<trkpt lat="45.68842553" lon="7.66751821">
<ele>373.38092</ele>
<time>2026-05-08T07:54:41Z</time>
</trkpt>
<trkpt lat="45.68814232" lon="7.66753904">
<ele>373.38092</ele>
<time>2026-05-08T07:54:42Z</time>
</trkpt>
<trkpt lat="45.68785683" lon="7.66758847">
<ele>373.38092</ele>
<time>2026-05-08T07:54:43Z</time>
</trkpt>
<trkpt lat="45.68757337" lon="7.6676569">
<ele>373.38092</ele>
<time>2026-05-08T07:54:44Z</time>
</trkpt>
<trkpt lat="45.68729047" lon="7.66773579">
<ele>373.37564</ele>
<time>2026-05-08T07:54:45Z</time>
</trkpt>
<trkpt lat="45.68701033" lon="7.66783166">
<ele>373.40204</ele>
<time>2026-05-08T07:54:46Z</time>
</trkpt>
<trkpt lat="45.68673083" lon="7.66794248">
<ele>373.4549</ele>
<time>2026-05-08T07:54:47Z</time>
</trkpt>
<trkpt lat="45.68645485" lon="7.66806618">
<ele>373.49716</ele>
<time>2026-05-08T07:54:48Z</time>
</trkpt>
<trkpt lat="45.68618281" lon="7.66821852">
<ele>373.55002</ele>
<time>2026-05-08T07:54:49Z</time>
</trkpt>
<trkpt lat="45.68591618" lon="7.66838498">
<ele>373.60284</ele>
<time>2026-05-08T07:54:50Z</time>
</trkpt>
<trkpt lat="45.68565657" lon="7.668564">
<ele>373.661</ele>
<time>2026-05-08T07:54:51Z</time>
</trkpt>
<trkpt lat="45.68540085" lon="7.66875451">
<ele>373.6874</ele>
<time>2026-05-08T07:54:52Z</time>
</trkpt>
<trkpt lat="45.68514061" lon="7.66895324">
<ele>373.72443</ele>
<time>2026-05-08T07:54:53Z</time>
</trkpt>
<trkpt lat="45.6848779" lon="7.66914924">
<ele>373.76138</ele>
<time>2026-05-08T07:54:54Z</time>
</trkpt>
<trkpt lat="45.68462313" lon="7.6693467">
<ele>373.79312</ele>
<time>2026-05-08T07:54:55Z</time>
</trkpt>
<trkpt lat="45.68435934" lon="7.66955028">
<ele>373.85126</ele>
<time>2026-05-08T07:54:56Z</time>
</trkpt>
<trkpt lat="45.68409999" lon="7.66975381">
<ele>373.89352</ele>
<time>2026-05-08T07:54:57Z</time>
</trkpt>
<trkpt lat="45.68383892" lon="7.66995322">
<ele>373.91992</ele>
<time>2026-05-08T07:54:58Z</time>
</trkpt>
<trkpt lat="45.68358856" lon="7.67014943">
<ele>373.9675</ele>
<time>2026-05-08T07:54:59Z</time>
</trkpt>
<trkpt lat="45.68333289" lon="7.6703462">
<ele>374.01508</ele>
<time>2026-05-08T07:55:00Z</time>
</trkpt>
<trkpt lat="45.68307579" lon="7.67054509">
<ele>374.0573</ele>
<time>2026-05-08T07:55:01Z</time>
</trkpt>
<trkpt lat="45.68282336" lon="7.67074283">
<ele>374.08905</ele>
<time>2026-05-08T07:55:02Z</time>
</trkpt>
<trkpt lat="45.68257104" lon="7.67095286">
<ele>374.08905</ele>
<time>2026-05-08T07:55:03Z</time>
</trkpt>
<trkpt lat="45.68231246" lon="7.67115263">
<ele>374.1049</ele>
<time>2026-05-08T07:55:04Z</time>
</trkpt>
<trkpt lat="45.68205315" lon="7.67135562">
<ele>374.13663</ele>
<time>2026-05-08T07:55:05Z</time>
</trkpt>
<trkpt lat="45.68179404" lon="7.67155536">
<ele>374.12073</ele>
<time>2026-05-08T07:55:06Z</time>
</trkpt>
<trkpt lat="45.68153542" lon="7.67175739">
<ele>374.09433</ele>
<time>2026-05-08T07:55:07Z</time>
</trkpt>
<trkpt lat="45.68128367" lon="7.67195595">
<ele>374.06265</ele>
<time>2026-05-08T07:55:08Z</time>
</trkpt>
<trkpt lat="45.68102702" lon="7.6721639">
<ele>374.01508</ele>
<time>2026-05-08T07:55:09Z</time>
</trkpt>
<trkpt lat="45.68077552" lon="7.67236569">
<ele>373.96222</ele>
<time>2026-05-08T07:55:10Z</time>
</trkpt>
<trkpt lat="45.68051962" lon="7.67256356">
<ele>373.8882</ele>
<time>2026-05-08T07:55:11Z</time>
</trkpt>
<trkpt lat="45.68026803" lon="7.67276412">
<ele>373.77722</ele>
<time>2026-05-08T07:55:12Z</time>
</trkpt>
<trkpt lat="45.68000715" lon="7.67294887">
<ele>373.67685</ele>
<time>2026-05-08T07:55:13Z</time>
</trkpt>
<trkpt lat="45.67975488" lon="7.67315205">
<ele>373.59756</ele>
<time>2026-05-08T07:55:14Z</time>
</trkpt>
<trkpt lat="45.67950775" lon="7.67336402">
<ele>373.476</ele>
<time>2026-05-08T07:55:15Z</time>
</trkpt>
<trkpt lat="45.6792674" lon="7.67359882">
<ele>373.3439</ele>
<time>2026-05-08T07:55:16Z</time>
</trkpt>
<trkpt lat="45.67903112" lon="7.67384169">
<ele>373.19064</ele>
<time>2026-05-08T07:55:17Z</time>
</trkpt>
<trkpt lat="45.67880428" lon="7.67410328">
<ele>373.0427</ele>
<time>2026-05-08T07:55:18Z</time>
</trkpt>
<trkpt lat="45.6785822" lon="7.67437051">
<ele>372.86832</ele>
<time>2026-05-08T07:55:19Z</time>
</trkpt>
<trkpt lat="45.6783732" lon="7.6746479">
<ele>372.70447</ele>
<time>2026-05-08T07:55:20Z</time>
</trkpt>
<trkpt lat="45.67816509" lon="7.67494568">
<ele>372.54593</ele>
<time>2026-05-08T07:55:21Z</time>
</trkpt>
<trkpt lat="45.67797285" lon="7.67525622">
<ele>372.37155</ele>
<time>2026-05-08T07:55:22Z</time>
</trkpt>
<trkpt lat="45.67777676" lon="7.67557337">
<ele>372.19714</ele>
<time>2026-05-08T07:55:23Z</time>
</trkpt>
<trkpt lat="45.67760805" lon="7.67590974">
<ele>372.03333</ele>
<time>2026-05-08T07:55:24Z</time>
</trkpt>
<trkpt lat="45.67744325" lon="7.67624631">
<ele>371.8378</ele>
<time>2026-05-08T07:55:25Z</time>
</trkpt>
<trkpt lat="45.67728444" lon="7.67658854">
<ele>371.64752</ele>
<time>2026-05-08T07:55:26Z</time>
</trkpt>
<trkpt lat="45.677135" lon="7.67693906">
<ele>371.4203</ele>
<time>2026-05-08T07:55:27Z</time>
</trkpt>
<trkpt lat="45.67698958" lon="7.67728868">
<ele>371.19836</ele>
<time>2026-05-08T07:55:28Z</time>
</trkpt>
<trkpt lat="45.6768406" lon="7.67763961">
<ele>370.9341</ele>
<time>2026-05-08T07:55:29Z</time>
</trkpt>
<trkpt lat="45.67668952" lon="7.67799475">
<ele>370.69104</ele>
<time>2026-05-08T07:55:30Z</time>
</trkpt>
<trkpt lat="45.67652688" lon="7.67834731">
<ele>370.43207</ele>
<time>2026-05-08T07:55:31Z</time>
</trkpt>
<trkpt lat="45.67635721" lon="7.67868823">
<ele>370.16257</ele>
<time>2026-05-08T07:55:32Z</time>
</trkpt>
<trkpt lat="45.67617307" lon="7.67901367">
<ele>369.9089</ele>
<time>2026-05-08T07:55:33Z</time>
</trkpt>
<trkpt lat="45.67598207" lon="7.67932686">
<ele>369.67108</ele>
<time>2026-05-08T07:55:34Z</time>
</trkpt>
<trkpt lat="45.67577902" lon="7.67962841">
<ele>369.43857</ele>
<time>2026-05-08T07:55:35Z</time>
</trkpt>
<trkpt lat="45.67557587" lon="7.67992651">
<ele>369.21133</ele>
<time>2026-05-08T07:55:36Z</time>
</trkpt>
<trkpt lat="45.67535441" lon="7.68020148">
<ele>369.0158</ele>
<time>2026-05-08T07:55:37Z</time>
</trkpt>
<trkpt lat="45.6751269" lon="7.68046147">
<ele>368.82553</ele>
<time>2026-05-08T07:55:38Z</time>
</trkpt>
<trkpt lat="45.67489393" lon="7.68070779">
<ele>368.60886</ele>
<time>2026-05-08T07:55:39Z</time>
</trkpt>
<trkpt lat="45.67465781" lon="7.68093902">
<ele>368.44507</ele>
<time>2026-05-08T07:55:40Z</time>
</trkpt>
<trkpt lat="45.67440945" lon="7.68115611">
<ele>368.27066</ele>
<time>2026-05-08T07:55:41Z</time>
</trkpt>
<trkpt lat="45.67415632" lon="7.68135504">
<ele>368.10156</ele>
<time>2026-05-08T07:55:42Z</time>
</trkpt>
<trkpt lat="45.67389407" lon="7.68154707">
<ele>367.9853</ele>
<time>2026-05-08T07:55:43Z</time>
</trkpt>
<trkpt lat="45.67362312" lon="7.68171283">
<ele>367.86377</ele>
<time>2026-05-08T07:55:44Z</time>
</trkpt>
<trkpt lat="45.67334811" lon="7.68186789">
<ele>367.7475</ele>
<time>2026-05-08T07:55:45Z</time>
</trkpt>
<trkpt lat="45.67307112" lon="7.682">
<ele>367.65237</ele>
<time>2026-05-08T07:55:46Z</time>
</trkpt>
<trkpt lat="45.67279496" lon="7.68212386">
<ele>367.59424</ele>
<time>2026-05-08T07:55:47Z</time>
</trkpt>
<trkpt lat="45.67251349" lon="7.68223279">
<ele>367.57834</ele>
<time>2026-05-08T07:55:48Z</time>
</trkpt>
<trkpt lat="45.6722336" lon="7.68233479">
<ele>367.52554</ele>
<time>2026-05-08T07:55:49Z</time>
</trkpt>
<trkpt lat="45.67194679" lon="7.68243482">
<ele>367.50436</ele>
<time>2026-05-08T07:55:50Z</time>
</trkpt>
<trkpt lat="45.67166573" lon="7.68252612">
<ele>367.45682</ele>
<time>2026-05-08T07:55:51Z</time>
</trkpt>
<trkpt lat="45.67138299" lon="7.68262705">
<ele>367.46213</ele>
<time>2026-05-08T07:55:52Z</time>
</trkpt>
<trkpt lat="45.67110192" lon="7.68271813">
<ele>367.47797</ele>
<time>2026-05-08T07:55:53Z</time>
</trkpt>
<trkpt lat="45.6708178" lon="7.6828264">
<ele>367.48325</ele>
<time>2026-05-08T07:55:54Z</time>
</trkpt>
<trkpt lat="45.67053631" lon="7.68293211">
<ele>367.4727</ele>
<time>2026-05-08T07:55:55Z</time>
</trkpt>
<trkpt lat="45.67025691" lon="7.68303449">
<ele>367.51498</ele>
<time>2026-05-08T07:55:56Z</time>
</trkpt>
<trkpt lat="45.66997601" lon="7.68312461">
<ele>367.5361</ele>
<time>2026-05-08T07:55:57Z</time>
</trkpt>
<trkpt lat="45.66969262" lon="7.68322465">
<ele>367.5625</ele>
<time>2026-05-08T07:55:58Z</time>
</trkpt>
<trkpt lat="45.66940765" lon="7.68331999">
<ele>367.59952</ele>
<time>2026-05-08T07:55:59Z</time>
</trkpt>
<trkpt lat="45.66912678" lon="7.68341421">
<ele>367.67877</ele>
<time>2026-05-08T07:56:00Z</time>
</trkpt>
<trkpt lat="45.66884872" lon="7.68351574">
<ele>367.7475</ele>
<time>2026-05-08T07:56:01Z</time>
</trkpt>
<trkpt lat="45.66856812" lon="7.6836151">
<ele>367.80032</ele>
<time>2026-05-08T07:56:02Z</time>
</trkpt>
<trkpt lat="45.66828054" lon="7.68371471">
<ele>367.87433</ele>
<time>2026-05-08T07:56:03Z</time>
</trkpt>
<trkpt lat="45.66799486" lon="7.6838187">
<ele>367.94302</ele>
<time>2026-05-08T07:56:04Z</time>
</trkpt>
<trkpt lat="45.66772025" lon="7.68393928">
<ele>368.07513</ele>
<time>2026-05-08T07:56:05Z</time>
</trkpt>
<trkpt lat="45.66744777" lon="7.68406425">
<ele>368.2231</ele>
<time>2026-05-08T07:56:06Z</time>
</trkpt>
<trkpt lat="45.66717727" lon="7.68419737">
<ele>368.3922</ele>
<time>2026-05-08T07:56:07Z</time>
</trkpt>
<trkpt lat="45.66690146" lon="7.6843447">
<ele>368.55072</ele>
<time>2026-05-08T07:56:08Z</time>
</trkpt>
<trkpt lat="45.66662819" lon="7.68450272">
<ele>368.7093</ele>
<time>2026-05-08T07:56:09Z</time>
</trkpt>
<trkpt lat="45.66636015" lon="7.68467196">
<ele>368.88895</ele>
<time>2026-05-08T07:56:10Z</time>
</trkpt>
<trkpt lat="45.66609399" lon="7.68484984">
<ele>369.03165</ele>
<time>2026-05-08T07:56:11Z</time>
</trkpt>
<trkpt lat="45.66583175" lon="7.68502816">
<ele>369.2219</ele>
<time>2026-05-08T07:56:12Z</time>
</trkpt>
<trkpt lat="45.66557213" lon="7.68521975">
<ele>369.40155</ele>
<time>2026-05-08T07:56:13Z</time>
</trkpt>
<trkpt lat="45.66532265" lon="7.68543394">
<ele>369.57596</ele>
<time>2026-05-08T07:56:14Z</time>
</trkpt>
<trkpt lat="45.66506452" lon="7.68565073">
<ele>369.76624</ele>
<time>2026-05-08T07:56:15Z</time>
</trkpt>
<trkpt lat="45.66481963" lon="7.68587488">
<ele>369.96173</ele>
<time>2026-05-08T07:56:16Z</time>
</trkpt>
<trkpt lat="45.66458129" lon="7.68611426">
<ele>370.13086</ele>
<time>2026-05-08T07:56:17Z</time>
</trkpt>
<trkpt lat="45.66434265" lon="7.6863592">
<ele>370.3158</ele>
<time>2026-05-08T07:56:18Z</time>
</trkpt>
<trkpt lat="45.6641108" lon="7.68660905">
<ele>370.4902</ele>
<time>2026-05-08T07:56:19Z</time>
</trkpt>
<trkpt lat="45.6638819" lon="7.68686917">
<ele>370.6593</ele>
<time>2026-05-08T07:56:20Z</time>
</trkpt>
<trkpt lat="45.66366037" lon="7.68713731">
<ele>370.84427</ele>
<time>2026-05-08T07:56:21Z</time>
</trkpt>
<trkpt lat="45.66344778" lon="7.68741277">
<ele>371.02393</ele>
<time>2026-05-08T07:56:22Z</time>
</trkpt>
<trkpt lat="45.66323992" lon="7.68770181">
<ele>371.16135</ele>
<time>2026-05-08T07:56:23Z</time>
</trkpt>
<trkpt lat="45.66303307" lon="7.68799693">
<ele>371.2829</ele>
<time>2026-05-08T07:56:24Z</time>
</trkpt>
<trkpt lat="45.66282242" lon="7.68829511">
<ele>371.35687</ele>
<time>2026-05-08T07:56:25Z</time>
</trkpt>
<trkpt lat="45.66262553" lon="7.68858687">
<ele>371.43088</ele>
<time>2026-05-08T07:56:26Z</time>
</trkpt>
<trkpt lat="45.66242174" lon="7.68887808">
<ele>371.4943</ele>
<time>2026-05-08T07:56:27Z</time>
</trkpt>
<trkpt lat="45.66221355" lon="7.68917595">
<ele>371.5577</ele>
<time>2026-05-08T07:56:28Z</time>
</trkpt>
<trkpt lat="45.66200463" lon="7.68947181">
<ele>371.5841</ele>
<time>2026-05-08T07:56:29Z</time>
</trkpt>
<trkpt lat="45.66179886" lon="7.68976892">
<ele>371.59467</ele>
<time>2026-05-08T07:56:30Z</time>
</trkpt>
<trkpt lat="45.66159145" lon="7.69006747">
<ele>371.57883</ele>
<time>2026-05-08T07:56:31Z</time>
</trkpt>
<trkpt lat="45.66138381" lon="7.69036237">
<ele>371.54187</ele>
<time>2026-05-08T07:56:32Z</time>
</trkpt>
<trkpt lat="45.66118309" lon="7.69065403">
<ele>371.47845</ele>
<time>2026-05-08T07:56:33Z</time>
</trkpt>
<trkpt lat="45.66097711" lon="7.69094503">
<ele>371.36743</ele>
<time>2026-05-08T07:56:34Z</time>
</trkpt>
<trkpt lat="45.66077124" lon="7.691237">
<ele>371.2406</ele>
<time>2026-05-08T07:56:35Z</time>
</trkpt>
<trkpt lat="45.66056204" lon="7.69152289">
<ele>371.09265</ele>
<time>2026-05-08T07:56:36Z</time>
</trkpt>
<trkpt lat="45.66035265" lon="7.69180107">
<ele>370.89185</ele>
<time>2026-05-08T07:56:37Z</time>
</trkpt>
<trkpt lat="45.66013182" lon="7.69207125">
<ele>370.67514</ele>
<time>2026-05-08T07:56:38Z</time>
</trkpt>
<trkpt lat="45.65990659" lon="7.69233792">
<ele>370.43207</ele>
<time>2026-05-08T07:56:39Z</time>
</trkpt>
<trkpt lat="45.65968058" lon="7.69259437">
<ele>370.16257</ele>
<time>2026-05-08T07:56:40Z</time>
</trkpt>
<trkpt lat="45.6594481" lon="7.6928443">
<ele>369.8402</ele>
<time>2026-05-08T07:56:41Z</time>
</trkpt>
<trkpt lat="45.65920979" lon="7.69308954">
<ele>369.54425</ele>
<time>2026-05-08T07:56:42Z</time>
</trkpt>
<trkpt lat="45.65897291" lon="7.69332813">
<ele>369.22717</ele>
<time>2026-05-08T07:56:43Z</time>
</trkpt>
<trkpt lat="45.65873174" lon="7.69356125">
<ele>368.86783</ele>
<time>2026-05-08T07:56:44Z</time>
</trkpt>
<trkpt lat="45.65848252" lon="7.69377967">
<ele>368.4662</ele>
<time>2026-05-08T07:56:45Z</time>
</trkpt>
<trkpt lat="45.65823577" lon="7.69399939">
<ele>368.02228</ele>
<time>2026-05-08T07:56:46Z</time>
</trkpt>
<trkpt lat="45.657985" lon="7.6942147">
<ele>367.54666</ele>
<time>2026-05-08T07:56:47Z</time>
</trkpt>
<trkpt lat="45.65773436" lon="7.69443416">
<ele>367.03934</ele>
<time>2026-05-08T07:56:48Z</time>
</trkpt>
<trkpt lat="45.657488" lon="7.69465522">
<ele>366.49503</ele>
<time>2026-05-08T07:56:49Z</time>
</trkpt>
<trkpt lat="45.65724169" lon="7.69487495">
<ele>365.95596</ele>
<time>2026-05-08T07:56:50Z</time>
</trkpt>
<trkpt lat="45.65699762" lon="7.69510256">
<ele>365.41168</ele>
<time>2026-05-08T07:56:51Z</time>
</trkpt>
<trkpt lat="45.65676099" lon="7.6953288">
<ele>364.83035</ele>
<time>2026-05-08T07:56:52Z</time>
</trkpt>
<trkpt lat="45.65652277" lon="7.69557272">
<ele>364.25433</ele>
<time>2026-05-08T07:56:53Z</time>
</trkpt>
<trkpt lat="45.65629141" lon="7.69582266">
<ele>363.63605</ele>
<time>2026-05-08T07:56:54Z</time>
</trkpt>
<trkpt lat="45.6560627" lon="7.69607783">
<ele>363.03357</ele>
<time>2026-05-08T07:56:55Z</time>
</trkpt>
<trkpt lat="45.65583188" lon="7.69633421">
<ele>362.41528</ele>
<time>2026-05-08T07:56:56Z</time>
</trkpt>
<trkpt lat="45.65561057" lon="7.69659892">
<ele>361.7864</ele>
<time>2026-05-08T07:56:57Z</time>
</trkpt>
<trkpt lat="45.65538669" lon="7.69687592">
<ele>361.15225</ele>
<time>2026-05-08T07:56:58Z</time>
</trkpt>
<trkpt lat="45.65517792" lon="7.69715142">
<ele>360.51807</ele>
<time>2026-05-08T07:56:59Z</time>
</trkpt>
<trkpt lat="45.65496844" lon="7.69743042">
<ele>359.9051</ele>
<time>2026-05-08T07:57:00Z</time>
</trkpt>
<trkpt lat="45.65477053" lon="7.69772749">
<ele>359.2762</ele>
<time>2026-05-08T07:57:01Z</time>
</trkpt>
<trkpt lat="45.65457715" lon="7.69802973">
<ele>358.67902</ele>
<time>2026-05-08T07:57:02Z</time>
</trkpt>
<trkpt lat="45.65437674" lon="7.69833066">
<ele>358.103</ele>
<time>2026-05-08T07:57:03Z</time>
</trkpt>
<trkpt lat="45.65418285" lon="7.69864231">
<ele>357.52698</ele>
<time>2026-05-08T07:57:04Z</time>
</trkpt>
<trkpt lat="45.65398396" lon="7.69894225">
<ele>356.94568</ele>
<time>2026-05-08T07:57:05Z</time>
</trkpt>
<trkpt lat="45.6537892" lon="7.6992517">
<ele>356.3961</ele>
<time>2026-05-08T07:57:06Z</time>
</trkpt>
<trkpt lat="45.65360526" lon="7.69955973">
<ele>355.86758</ele>
<time>2026-05-08T07:57:07Z</time>
</trkpt>
<trkpt lat="45.65341013" lon="7.69987236">
<ele>355.3814</ele>
<time>2026-05-08T07:57:08Z</time>
</trkpt>
<trkpt lat="45.65321161" lon="7.70017931">
<ele>354.88992</ele>
<time>2026-05-08T07:57:09Z</time>
</trkpt>
<trkpt lat="45.65301359" lon="7.70048623">
<ele>354.4355</ele>
<time>2026-05-08T07:57:10Z</time>
</trkpt>
<trkpt lat="45.65281777" lon="7.70080006">
<ele>354.02853</ele>
<time>2026-05-08T07:57:11Z</time>
</trkpt>
<trkpt lat="45.65262884" lon="7.70110438">
<ele>353.6692</ele>
<time>2026-05-08T07:57:12Z</time>
</trkpt>
<trkpt lat="45.65243247" lon="7.70141793">
<ele>353.3204</ele>
<time>2026-05-08T07:57:13Z</time>
</trkpt>
<trkpt lat="45.65223854" lon="7.70172449">
<ele>353.02448</ele>
<time>2026-05-08T07:57:14Z</time>
</trkpt>
<trkpt lat="45.65204654" lon="7.70203279">
<ele>352.7021</ele>
<time>2026-05-08T07:57:15Z</time>
</trkpt>
<trkpt lat="45.65186061" lon="7.70233549">
<ele>352.38504</ele>
<time>2026-05-08T07:57:16Z</time>
</trkpt>
<trkpt lat="45.65167695" lon="7.70264072">
<ele>352.0521</ele>
<time>2026-05-08T07:57:17Z</time>
</trkpt>
<trkpt lat="45.65149406" lon="7.70293006">
<ele>351.69275</ele>
<time>2026-05-08T07:57:18Z</time>
</trkpt>
<trkpt lat="45.65131796" lon="7.70321415">
<ele>351.3334</ele>
<time>2026-05-08T07:57:19Z</time>
</trkpt>
<trkpt lat="45.65114466" lon="7.70349159">
<ele>350.97403</ele>
<time>2026-05-08T07:57:20Z</time>
</trkpt>
<trkpt lat="45.65097318" lon="7.70376719">
<ele>350.61996</ele>
<time>2026-05-08T07:57:21Z</time>
</trkpt>
<trkpt lat="45.65079939" lon="7.70403275">
<ele>350.25534</ele>
<time>2026-05-08T07:57:22Z</time>
</trkpt>
<trkpt lat="45.65064007" lon="7.7042943">
<ele>349.88538</ele>
<time>2026-05-08T07:57:23Z</time>
</trkpt>
<trkpt lat="45.65048355" lon="7.70455251">
<ele>349.5049</ele>
<time>2026-05-08T07:57:24Z</time>
</trkpt>
<trkpt lat="45.65033143" lon="7.70479838">
<ele>349.1297</ele>
<time>2026-05-08T07:57:25Z</time>
</trkpt>
<trkpt lat="45.6501786" lon="7.7050444">
<ele>348.7545</ele>
<time>2026-05-08T07:57:26Z</time>
</trkpt>
<trkpt lat="45.65002426" lon="7.7052907">
<ele>348.38983</ele>
<time>2026-05-08T07:57:27Z</time>
</trkpt>
<trkpt lat="45.6498808" lon="7.70552357">
<ele>348.0569</ele>
<time>2026-05-08T07:57:28Z</time>
</trkpt>
<trkpt lat="45.64973127" lon="7.70575528">
<ele>347.71344</ele>
<time>2026-05-08T07:57:29Z</time>
</trkpt>
<trkpt lat="45.64958971" lon="7.70598672">
<ele>347.36462</ele>
<time>2026-05-08T07:57:30Z</time>
</trkpt>
<trkpt lat="45.64945231" lon="7.70620577">
<ele>347.00528</ele>
<time>2026-05-08T07:57:31Z</time>
</trkpt>
<trkpt lat="45.64931645" lon="7.70642845">
<ele>346.63007</ele>
<time>2026-05-08T07:57:32Z</time>
</trkpt>
<trkpt lat="45.64918153" lon="7.70664674">
<ele>346.4345</ele>
<time>2026-05-08T07:57:33Z</time>
</trkpt>
<trkpt lat="45.64904285" lon="7.70686911">
<ele>346.19672</ele>
<time>2026-05-08T07:57:34Z</time>
</trkpt>
<trkpt lat="45.64889891" lon="7.70708943">
<ele>345.94836</ele>
<time>2026-05-08T07:57:35Z</time>
</trkpt>
<trkpt lat="45.64876559" lon="7.70731821">
<ele>345.71582</ele>
<time>2026-05-08T07:57:36Z</time>
</trkpt>
<trkpt lat="45.6486395" lon="7.70753719">
<ele>345.4199</ele>
<time>2026-05-08T07:57:37Z</time>
</trkpt>
<trkpt lat="45.64852584" lon="7.70774345">
<ele>345.11337</ele>
<time>2026-05-08T07:57:38Z</time>
</trkpt>
<trkpt lat="45.64841415" lon="7.70792568">
<ele>344.7646</ele>
<time>2026-05-08T07:57:39Z</time>
</trkpt>
<trkpt lat="45.64831277" lon="7.70810076">
<ele>344.39996</ele>
<time>2026-05-08T07:57:40Z</time>
</trkpt>
<trkpt lat="45.64821803" lon="7.70825786">
<ele>344.0987</ele>
<time>2026-05-08T07:57:41Z</time>
</trkpt>
<trkpt lat="45.64812227" lon="7.70841969">
<ele>343.8239</ele>
<time>2026-05-08T07:57:42Z</time>
</trkpt>
<trkpt lat="45.64801921" lon="7.70858525">
<ele>343.6231</ele>
<time>2026-05-08T07:57:43Z</time>
</trkpt>
<trkpt lat="45.64790725" lon="7.70876822">
<ele>343.491</ele>
<time>2026-05-08T07:57:44Z</time>
</trkpt>
<trkpt lat="45.64779158" lon="7.70895179">
<ele>343.37473</ele>
<time>2026-05-08T07:57:45Z</time>
</trkpt>
<trkpt lat="45.64767622" lon="7.70913723">
<ele>343.25317</ele>
<time>2026-05-08T07:57:46Z</time>
</trkpt>
<trkpt lat="45.64756042" lon="7.70932599">
<ele>343.1422</ele>
<time>2026-05-08T07:57:47Z</time>
</trkpt>
<trkpt lat="45.64744675" lon="7.70950973">
<ele>343.05234</ele>
<time>2026-05-08T07:57:48Z</time>
</trkpt>
<trkpt lat="45.64733257" lon="7.70969958">
<ele>342.94138</ele>
<time>2026-05-08T07:57:49Z</time>
</trkpt>
<trkpt lat="45.64721808" lon="7.70988535">
<ele>342.85684</ele>
<time>2026-05-08T07:57:50Z</time>
</trkpt>
<trkpt lat="45.64709938" lon="7.71006606">
<ele>342.7617</ele>
<time>2026-05-08T07:57:51Z</time>
</trkpt>
<trkpt lat="45.64698466" lon="7.71024751">
<ele>342.6613</ele>
<time>2026-05-08T07:57:52Z</time>
</trkpt>
<trkpt lat="45.64686852" lon="7.7104344">
<ele>342.5662</ele>
<time>2026-05-08T07:57:53Z</time>
</trkpt>
<trkpt lat="45.64675177" lon="7.71061908">
<ele>342.47632</ele>
<time>2026-05-08T07:57:54Z</time>
</trkpt>
<trkpt lat="45.64663527" lon="7.71080169">
<ele>342.37064</ele>
<time>2026-05-08T07:57:55Z</time>
</trkpt>
<trkpt lat="45.64652159" lon="7.71098199">
<ele>342.27023</ele>
<time>2026-05-08T07:57:56Z</time>
</trkpt>
<trkpt lat="45.6464045" lon="7.71116345">
<ele>342.18567</ele>
<time>2026-05-08T07:57:57Z</time>
</trkpt>
<trkpt lat="45.64629744" lon="7.71134563">
<ele>342.12225</ele>
<time>2026-05-08T07:57:58Z</time>
</trkpt>
<trkpt lat="45.64617891" lon="7.71152131">
<ele>342.05884</ele>
<time>2026-05-08T07:57:59Z</time>
</trkpt>
<trkpt lat="45.64607138" lon="7.71169963">
<ele>341.99014</ele>
<time>2026-05-08T07:58:00Z</time>
</trkpt>
<trkpt lat="45.64595853" lon="7.71187645">
<ele>341.94788</ele>
<time>2026-05-08T07:58:01Z</time>
</trkpt>
<trkpt lat="45.64583949" lon="7.71205635">
<ele>341.91614</ele>
<time>2026-05-08T07:58:02Z</time>
</trkpt>
<trkpt lat="45.64571872" lon="7.7122438">
<ele>341.89502</ele>
<time>2026-05-08T07:58:03Z</time>
</trkpt>
<trkpt lat="45.64559662" lon="7.71243577">
<ele>341.91086</ele>
<time>2026-05-08T07:58:04Z</time>
</trkpt>
<trkpt lat="45.64547807" lon="7.71263161">
<ele>341.969</ele>
<time>2026-05-08T07:58:05Z</time>
</trkpt>
<trkpt lat="45.6453469" lon="7.71284315">
<ele>342.043</ele>
<time>2026-05-08T07:58:06Z</time>
</trkpt>
<trkpt lat="45.64520873" lon="7.71306523">
<ele>342.15927</ele>
<time>2026-05-08T07:58:07Z</time>
</trkpt>
<trkpt lat="45.64506799" lon="7.71328946">
<ele>342.31778</ele>
<time>2026-05-08T07:58:08Z</time>
</trkpt>
<trkpt lat="45.64492523" lon="7.71352539">
<ele>342.51862</ele>
<time>2026-05-08T07:58:09Z</time>
</trkpt>
<trkpt lat="45.6447792" lon="7.71376882">
<ele>342.7617</ele>
<time>2026-05-08T07:58:10Z</time>
</trkpt>
<trkpt lat="45.64462652" lon="7.71401759">
<ele>343.02594</ele>
<time>2026-05-08T07:58:11Z</time>
</trkpt>
<trkpt lat="45.64446665" lon="7.71427168">
<ele>343.32187</ele>
<time>2026-05-08T07:58:12Z</time>
</trkpt>
<trkpt lat="45.64430422" lon="7.7145365">
<ele>343.65482</ele>
<time>2026-05-08T07:58:13Z</time>
</trkpt>
<trkpt lat="45.64412967" lon="7.71480709">
<ele>344.03528</ele>
<time>2026-05-08T07:58:14Z</time>
</trkpt>
<trkpt lat="45.64395836" lon="7.71508365">
<ele>344.4475</ele>
<time>2026-05-08T07:58:15Z</time>
</trkpt>
<trkpt lat="45.6437777" lon="7.71537415">
<ele>344.83856</ele>
<time>2026-05-08T07:58:16Z</time>
</trkpt>
<trkpt lat="45.64359597" lon="7.71566464">
<ele>345.28247</ele>
<time>2026-05-08T07:58:17Z</time>
</trkpt>
<trkpt lat="45.64340502" lon="7.71596733">
<ele>345.93774</ele>
<time>2026-05-08T07:58:18Z</time>
</trkpt>
<trkpt lat="45.64321645" lon="7.71626276">
<ele>346.49792</ele>
<time>2026-05-08T07:58:19Z</time>
</trkpt>
<trkpt lat="45.64302415" lon="7.71656083">
<ele>347.04755</ele>
<time>2026-05-08T07:58:20Z</time>
</trkpt>
<trkpt lat="45.64283673" lon="7.71685142">
<ele>347.6817</ele>
<time>2026-05-08T07:58:21Z</time>
</trkpt>
<trkpt lat="45.64263778" lon="7.71713736">
<ele>348.31586</ele>
<time>2026-05-08T07:58:22Z</time>
</trkpt>
<trkpt lat="45.6424357" lon="7.71742191">
<ele>349.00815</ele>
<time>2026-05-08T07:58:23Z</time>
</trkpt>
<trkpt lat="45.64222659" lon="7.71770565">
<ele>349.674</ele>
<time>2026-05-08T07:58:24Z</time>
</trkpt>
<trkpt lat="45.64201305" lon="7.71797427">
<ele>350.37158</ele>
<time>2026-05-08T07:58:25Z</time>
</trkpt>
<trkpt lat="45.64180272" lon="7.71824588">
<ele>351.09027</ele>
<time>2026-05-08T07:58:26Z</time>
</trkpt>
<trkpt lat="45.64159492" lon="7.71851012">
<ele>351.85657</ele>
<time>2026-05-08T07:58:27Z</time>
</trkpt>
<trkpt lat="45.64137429" lon="7.71878123">
<ele>352.66513</ele>
<time>2026-05-08T07:58:28Z</time>
</trkpt>
<trkpt lat="45.64116474" lon="7.7190466">
<ele>353.4525</ele>
<time>2026-05-08T07:58:29Z</time>
</trkpt>
<trkpt lat="45.64095481" lon="7.71931509">
<ele>354.2505</ele>
<time>2026-05-08T07:58:30Z</time>
</trkpt>
<trkpt lat="45.6407367" lon="7.71957193">
<ele>355.06964</ele>
<time>2026-05-08T07:58:31Z</time>
</trkpt>
<trkpt lat="45.6405154" lon="7.71983076">
<ele>355.91516</ele>
<time>2026-05-08T07:58:32Z</time>
</trkpt>
<trkpt lat="45.64029877" lon="7.72008721">
<ele>356.7607</ele>
<time>2026-05-08T07:58:33Z</time>
</trkpt>
<trkpt lat="45.64007329" lon="7.72033992">
<ele>357.5587</ele>
<time>2026-05-08T07:58:34Z</time>
</trkpt>
<trkpt lat="45.63985005" lon="7.72059372">
<ele>358.33023</ele>
<time>2026-05-08T07:58:35Z</time>
</trkpt>
<trkpt lat="45.63962716" lon="7.72084696">
<ele>359.11237</ele>
<time>2026-05-08T07:58:36Z</time>
</trkpt>
<trkpt lat="45.63940102" lon="7.72109589">
<ele>359.82578</ele>
<time>2026-05-08T07:58:37Z</time>
</trkpt>
<trkpt lat="45.63917722" lon="7.72134246">
<ele>360.53925</ele>
<time>2026-05-08T07:58:38Z</time>
</trkpt>
<trkpt lat="45.63895393" lon="7.72157981">
<ele>361.22623</ele>
<time>2026-05-08T07:58:39Z</time>
</trkpt>
<trkpt lat="45.63871757" lon="7.72180898">
<ele>361.8868</ele>
<time>2026-05-08T07:58:40Z</time>
</trkpt>
<trkpt lat="45.63848727" lon="7.72203936">
<ele>362.5104</ele>
<time>2026-05-08T07:58:41Z</time>
</trkpt>
<trkpt lat="45.63825011" lon="7.72226625">
<ele>363.11813</ele>
<time>2026-05-08T07:58:42Z</time>
</trkpt>
<trkpt lat="45.63800953" lon="7.72248982">
<ele>363.65717</ele>
<time>2026-05-08T07:58:43Z</time>
</trkpt>
<trkpt lat="45.63777387" lon="7.72270962">
<ele>364.1381</ele>
<time>2026-05-08T07:58:44Z</time>
</trkpt>
<trkpt lat="45.63753774" lon="7.72292225">
<ele>364.56613</ele>
<time>2026-05-08T07:58:45Z</time>
</trkpt>
<trkpt lat="45.63729816" lon="7.72312774">
<ele>364.9202</ele>
<time>2026-05-08T07:58:46Z</time>
</trkpt>
<trkpt lat="45.63706548" lon="7.72332501">
<ele>365.16858</ele>
<time>2026-05-08T07:58:47Z</time>
</trkpt>
<trkpt lat="45.63683683" lon="7.72351218">
<ele>365.31653</ele>
<time>2026-05-08T07:58:48Z</time>
</trkpt>
<trkpt lat="45.63662189" lon="7.72368685">
<ele>365.343</ele>
<time>2026-05-08T07:58:49Z</time>
</trkpt>
<trkpt lat="45.63641544" lon="7.7238492">
<ele>365.2531</ele>
<time>2026-05-08T07:58:50Z</time>
</trkpt>
<trkpt lat="45.6362202" lon="7.72400324">
<ele>365.084</ele>
<time>2026-05-08T07:58:51Z</time>
</trkpt>
<trkpt lat="45.6360422" lon="7.72413707">
<ele>364.8515</ele>
<time>2026-05-08T07:58:52Z</time>
</trkpt>
<trkpt lat="45.63587828" lon="7.72426114">
<ele>364.51855</ele>
<time>2026-05-08T07:58:53Z</time>
</trkpt>
<trkpt lat="45.63573764" lon="7.72436583">
<ele>364.10107</ele>
<time>2026-05-08T07:58:54Z</time>
</trkpt>
<trkpt lat="45.63560799" lon="7.72446508">
<ele>363.66245</ele>
<time>2026-05-08T07:58:55Z</time>
</trkpt>
<trkpt lat="45.63550699" lon="7.72455655">
<ele>363.18155</ele>
<time>2026-05-08T07:58:56Z</time>
</trkpt>
<trkpt lat="45.63541154" lon="7.72465171">
<ele>362.74292</ele>
<time>2026-05-08T07:58:57Z</time>
</trkpt>
<trkpt lat="45.63531762" lon="7.72474118">
<ele>362.33072</ele>
<time>2026-05-08T07:58:58Z</time>
</trkpt>
<trkpt lat="45.63521806" lon="7.72481965">
<ele>361.97665</ele>
<time>2026-05-08T07:58:59Z</time>
</trkpt>
<trkpt lat="45.63511314" lon="7.72489414">
<ele>361.65955</ele>
<time>2026-05-08T07:59:00Z</time>
</trkpt>
<trkpt lat="45.63500028" lon="7.72497473">
<ele>361.35834</ele>
<time>2026-05-08T07:59:01Z</time>
</trkpt>
<trkpt lat="45.63488061" lon="7.72506375">
<ele>361.0941</ele>
<time>2026-05-08T07:59:02Z</time>
</trkpt>
<trkpt lat="45.63475329" lon="7.72514996">
<ele>360.84045</ele>
<time>2026-05-08T07:59:03Z</time>
</trkpt>
<trkpt lat="45.63461585" lon="7.72523899">
<ele>360.59735</ele>
<time>2026-05-08T07:59:04Z</time>
</trkpt>
<trkpt lat="45.63446812" lon="7.72534307">
<ele>360.35428</ele>
<time>2026-05-08T07:59:05Z</time>
</trkpt>
<trkpt lat="45.63432322" lon="7.72544084">
<ele>360.1165</ele>
<time>2026-05-08T07:59:06Z</time>
</trkpt>
<trkpt lat="45.63417459" lon="7.72553555">
<ele>359.87863</ele>
<time>2026-05-08T07:59:07Z</time>
</trkpt>
<trkpt lat="45.63401125" lon="7.72564611">
<ele>359.625</ele>
<time>2026-05-08T07:59:08Z</time>
</trkpt>
<trkpt lat="45.6338347" lon="7.72576137">
<ele>359.36603</ele>
<time>2026-05-08T07:59:09Z</time>
</trkpt>
<trkpt lat="45.6336561" lon="7.72587847">
<ele>359.1071</ele>
<time>2026-05-08T07:59:10Z</time>
</trkpt>
<trkpt lat="45.63348848" lon="7.72599768">
<ele>358.84286</ele>
<time>2026-05-08T07:59:11Z</time>
</trkpt>
<trkpt lat="45.63329287" lon="7.72612588">
<ele>358.57336</ele>
<time>2026-05-08T07:59:12Z</time>
</trkpt>
<trkpt lat="45.63310244" lon="7.72625542">
<ele>358.29855</ele>
<time>2026-05-08T07:59:13Z</time>
</trkpt>
<trkpt lat="45.63290943" lon="7.72637898">
<ele>357.992</ele>
<time>2026-05-08T07:59:14Z</time>
</trkpt>
<trkpt lat="45.63270995" lon="7.7265144">
<ele>357.6644</ele>
<time>2026-05-08T07:59:15Z</time>
</trkpt>
<trkpt lat="45.63251" lon="7.72664586">
<ele>357.3156</ele>
<time>2026-05-08T07:59:16Z</time>
</trkpt>
<trkpt lat="45.63230532" lon="7.72678233">
<ele>356.94568</ele>
<time>2026-05-08T07:59:17Z</time>
</trkpt>
<trkpt lat="45.63209853" lon="7.7269251">
<ele>356.5546</ele>
<time>2026-05-08T07:59:18Z</time>
</trkpt>
<trkpt lat="45.63187815" lon="7.72707339">
<ele>356.10016</ele>
<time>2026-05-08T07:59:19Z</time>
</trkpt>
<trkpt lat="45.63166574" lon="7.7272155">
<ele>355.64038</ele>
<time>2026-05-08T07:59:20Z</time>
</trkpt>
<trkpt lat="45.63144903" lon="7.72735531">
<ele>355.1753</ele>
<time>2026-05-08T07:59:21Z</time>
</trkpt>
<trkpt lat="45.63123966" lon="7.7274919">
<ele>354.68384</ele>
<time>2026-05-08T07:59:22Z</time>
</trkpt>
<trkpt lat="45.63102186" lon="7.7276391">
<ele>354.20825</ele>
<time>2026-05-08T07:59:23Z</time>
</trkpt>
<trkpt lat="45.63079547" lon="7.72778879">
<ele>353.7062</ele>
<time>2026-05-08T07:59:24Z</time>
</trkpt>
<trkpt lat="45.63058346" lon="7.7279365">
<ele>353.14603</ele>
<time>2026-05-08T07:59:25Z</time>
</trkpt>
<trkpt lat="45.63035914" lon="7.7280783">
<ele>352.58057</ele>
<time>2026-05-08T07:59:26Z</time>
</trkpt>
<trkpt lat="45.63013294" lon="7.72823198">
<ele>351.98868</ele>
<time>2026-05-08T07:59:27Z</time>
</trkpt>
<trkpt lat="45.62990648" lon="7.72838155">
<ele>351.3228</ele>
<time>2026-05-08T07:59:28Z</time>
</trkpt>
<trkpt lat="45.62968361" lon="7.72852109">
<ele>350.72565</ele>
<time>2026-05-08T07:59:29Z</time>
</trkpt>
<trkpt lat="45.6294615" lon="7.72867537">
<ele>350.1549</ele>
<time>2026-05-08T07:59:30Z</time>
</trkpt>
<trkpt lat="45.62923225" lon="7.72883583">
<ele>349.58417</ele>
<time>2026-05-08T07:59:31Z</time>
</trkpt>
<trkpt lat="45.62900414" lon="7.72898054">
<ele>348.9976</ele>
<time>2026-05-08T07:59:32Z</time>
</trkpt>
<trkpt lat="45.62877995" lon="7.72913077">
<ele>348.43213</ele>
<time>2026-05-08T07:59:33Z</time>
</trkpt>
<trkpt lat="45.62855721" lon="7.72926498">
<ele>347.8138</ele>
<time>2026-05-08T07:59:34Z</time>
</trkpt>
<trkpt lat="45.62834511" lon="7.72940322">
<ele>347.15854</ele>
<time>2026-05-08T07:59:35Z</time>
</trkpt>
<trkpt lat="45.62814459" lon="7.72952932">
<ele>346.49265</ele>
<time>2026-05-08T07:59:36Z</time>
</trkpt>
<trkpt lat="45.62794686" lon="7.72964932">
<ele>345.79507</ele>
<time>2026-05-08T07:59:37Z</time>
</trkpt>
<trkpt lat="45.62777003" lon="7.72976467">
<ele>345.08694</ele>
<time>2026-05-08T07:59:38Z</time>
</trkpt>
<trkpt lat="45.62760044" lon="7.72987244">
<ele>344.38406</ele>
<time>2026-05-08T07:59:39Z</time>
</trkpt>
<trkpt lat="45.62743765" lon="7.72998239">
<ele>343.71295</ele>
<time>2026-05-08T07:59:40Z</time>
</trkpt>
<trkpt lat="45.62729894" lon="7.73007865">
<ele>343.05765</ele>
<time>2026-05-08T07:59:41Z</time>
</trkpt>
<trkpt lat="45.62716414" lon="7.73015069">
<ele>342.4129</ele>
<time>2026-05-08T07:59:42Z</time>
</trkpt>
<trkpt lat="45.62703482" lon="7.73023419">
<ele>341.82104</ele>
<time>2026-05-08T07:59:43Z</time>
</trkpt>
<trkpt lat="45.6269182" lon="7.73032002">
<ele>341.28198</ele>
<time>2026-05-08T07:59:44Z</time>
</trkpt>
<trkpt lat="45.62679627" lon="7.73040143">
<ele>340.77997</ele>
<time>2026-05-08T07:59:45Z</time>
</trkpt>
<trkpt lat="45.62667519" lon="7.73048536">
<ele>340.30432</ele>
<time>2026-05-08T07:59:46Z</time>
</trkpt>
<trkpt lat="45.62658851" lon="7.73054428">
<ele>339.85516</ele>
<time>2026-05-08T07:59:47Z</time>
</trkpt>
<trkpt lat="45.62648752" lon="7.73061726">
<ele>339.44293</ele>
<time>2026-05-08T07:59:48Z</time>
</trkpt>
<trkpt lat="45.62637685" lon="7.73068663">
<ele>339.0519</ele>
<time>2026-05-08T07:59:49Z</time>
</trkpt>
<trkpt lat="45.62628178" lon="7.73072752">
<ele>338.71368</ele>
<time>2026-05-08T07:59:50Z</time>
</trkpt>
<trkpt lat="45.62617207" lon="7.73076978">
<ele>338.4283</ele>
<time>2026-05-08T07:59:51Z</time>
</trkpt>
<trkpt lat="45.62604658" lon="7.73082569">
<ele>338.19046</ele>
<time>2026-05-08T07:59:52Z</time>
</trkpt>
<trkpt lat="45.62592995" lon="7.73089983">
<ele>338.00024</ele>
<time>2026-05-08T07:59:53Z</time>
</trkpt>
<trkpt lat="45.62580003" lon="7.73097364">
<ele>337.84167</ele>
<time>2026-05-08T07:59:54Z</time>
</trkpt>
<trkpt lat="45.62566279" lon="7.73105809">
<ele>337.72546</ele>
<time>2026-05-08T07:59:55Z</time>
</trkpt>
<trkpt lat="45.62551513" lon="7.73114825">
<ele>337.6409</ele>
<time>2026-05-08T07:59:56Z</time>
</trkpt>
<trkpt lat="45.62535931" lon="7.73123973">
<ele>337.58804</ele>
<time>2026-05-08T07:59:57Z</time>
</trkpt>
<trkpt lat="45.62519598" lon="7.73134184">
<ele>337.57748</ele>
<time>2026-05-08T07:59:58Z</time>
</trkpt>
<trkpt lat="45.62502614" lon="7.73146073">
<ele>337.58276</ele>
<time>2026-05-08T07:59:59Z</time>
</trkpt>
<trkpt lat="45.62484333" lon="7.73157483">
<ele>337.61444</ele>
<time>2026-05-08T08:00:00Z</time>
</trkpt>
<trkpt lat="45.62465383" lon="7.7316925">
<ele>337.66202</ele>
<time>2026-05-08T08:00:01Z</time>
</trkpt>
<trkpt lat="45.62446054" lon="7.73182585">
<ele>337.75186</ele>
<time>2026-05-08T08:00:02Z</time>
</trkpt>
<trkpt lat="45.62425619" lon="7.73194915">
<ele>337.84167</ele>
<time>2026-05-08T08:00:03Z</time>
</trkpt>
<trkpt lat="45.62406001" lon="7.73207155">
<ele>337.93155</ele>
<time>2026-05-08T08:00:04Z</time>
</trkpt>
<trkpt lat="45.62386548" lon="7.73221049">
<ele>338.03723</ele>
<time>2026-05-08T08:00:05Z</time>
</trkpt>
<trkpt lat="45.6236445" lon="7.73235535">
<ele>338.16934</ele>
<time>2026-05-08T08:00:06Z</time>
</trkpt>
<trkpt lat="45.6234186" lon="7.73249836">
<ele>338.31204</ele>
<time>2026-05-08T08:00:07Z</time>
</trkpt>
<trkpt lat="45.62318394" lon="7.73263963">
<ele>338.48117</ele>
<time>2026-05-08T08:00:08Z</time>
</trkpt>
<trkpt lat="45.62295089" lon="7.73281269">
<ele>338.645</ele>
<time>2026-05-08T08:00:09Z</time>
</trkpt>
<trkpt lat="45.62271204" lon="7.7329636">
<ele>338.81934</ele>
<time>2026-05-08T08:00:10Z</time>
</trkpt>
<trkpt lat="45.62248264" lon="7.73311172">
<ele>338.96732</ele>
<time>2026-05-08T08:00:11Z</time>
</trkpt>
<trkpt lat="45.62222767" lon="7.73327379">
<ele>339.1259</ele>
<time>2026-05-08T08:00:12Z</time>
</trkpt>
<trkpt lat="45.62197599" lon="7.73343753">
<ele>339.28442</ele>
<time>2026-05-08T08:00:13Z</time>
</trkpt>
<trkpt lat="45.62172008" lon="7.73361577">
<ele>339.43765</ele>
<time>2026-05-08T08:00:14Z</time>
</trkpt>
<trkpt lat="45.62146612" lon="7.73378257">
<ele>339.58563</ele>
<time>2026-05-08T08:00:15Z</time>
</trkpt>
<trkpt lat="45.62120554" lon="7.73395713">
<ele>339.7019</ele>
<time>2026-05-08T08:00:16Z</time>
</trkpt>
<trkpt lat="45.62093935" lon="7.73412969">
<ele>339.834</ele>
<time>2026-05-08T08:00:17Z</time>
</trkpt>
<trkpt lat="45.62068836" lon="7.73429554">
<ele>339.9397</ele>
<time>2026-05-08T08:00:18Z</time>
</trkpt>
<trkpt lat="45.62042432" lon="7.73447012">
<ele>340.03485</ele>
<time>2026-05-08T08:00:19Z</time>
</trkpt>
<trkpt lat="45.62016664" lon="7.73464056">
<ele>340.1511</ele>
<time>2026-05-08T08:00:20Z</time>
</trkpt>
<trkpt lat="45.61991611" lon="7.73479865">
<ele>340.28848</ele>
<time>2026-05-08T08:00:21Z</time>
</trkpt>
<trkpt lat="45.61965885" lon="7.73496823">
<ele>340.45233</ele>
<time>2026-05-08T08:00:22Z</time>
</trkpt>
<trkpt lat="45.61939553" lon="7.73513914">
<ele>340.632</ele>
<time>2026-05-08T08:00:23Z</time>
</trkpt>
<trkpt lat="45.61912781" lon="7.7353071">
<ele>340.8645</ele>
<time>2026-05-08T08:00:24Z</time>
</trkpt>
<trkpt lat="45.61887916" lon="7.73548559">
<ele>341.1076</ele>
<time>2026-05-08T08:00:25Z</time>
</trkpt>
<trkpt lat="45.61863104" lon="7.73564823">
<ele>341.37714</ele>
<time>2026-05-08T08:00:26Z</time>
</trkpt>
<trkpt lat="45.6183741" lon="7.73581174">
<ele>341.67307</ele>
<time>2026-05-08T08:00:27Z</time>
</trkpt>
<trkpt lat="45.6181166" lon="7.73597948">
<ele>341.93732</ele>
<time>2026-05-08T08:00:28Z</time>
</trkpt>
<trkpt lat="45.61785708" lon="7.73616406">
<ele>342.2015</ele>
<time>2026-05-08T08:00:29Z</time>
</trkpt>
<trkpt lat="45.61759805" lon="7.73633771">
<ele>342.804</ele>
<time>2026-05-08T08:00:30Z</time>
</trkpt>
<trkpt lat="45.61733711" lon="7.73650651">
<ele>343.25845</ele>
<time>2026-05-08T08:00:31Z</time>
</trkpt>
<trkpt lat="45.61709077" lon="7.73667503">
<ele>343.58612</ele>
<time>2026-05-08T08:00:32Z</time>
</trkpt>
<trkpt lat="45.6168398" lon="7.73683889">
<ele>343.97186</ele>
<time>2026-05-08T08:00:33Z</time>
</trkpt>
<trkpt lat="45.61658166" lon="7.73701088">
<ele>344.38934</ele>
<time>2026-05-08T08:00:34Z</time>
</trkpt>
<trkpt lat="45.61632164" lon="7.73718401">
<ele>344.81213</ele>
<time>2026-05-08T08:00:35Z</time>
</trkpt>
<trkpt lat="45.61607415" lon="7.73735318">
<ele>345.2719</ele>
<time>2026-05-08T08:00:36Z</time>
</trkpt>
<trkpt lat="45.61581653" lon="7.73752255">
<ele>345.6841</ele>
<time>2026-05-08T08:00:37Z</time>
</trkpt>
<trkpt lat="45.61556536" lon="7.73768864">
<ele>346.08572</ele>
<time>2026-05-08T08:00:38Z</time>
</trkpt>
<trkpt lat="45.61530778" lon="7.73785315">
<ele>346.4504</ele>
<time>2026-05-08T08:00:39Z</time>
</trkpt>
<trkpt lat="45.61505024" lon="7.7380167">
<ele>346.83615</ele>
<time>2026-05-08T08:00:40Z</time>
</trkpt>
<trkpt lat="45.61478476" lon="7.73815544">
<ele>347.1955</ele>
<time>2026-05-08T08:00:41Z</time>
</trkpt>
<trkpt lat="45.61450805" lon="7.73828443">
<ele>347.539</ele>
<time>2026-05-08T08:00:42Z</time>
</trkpt>
<trkpt lat="45.6142359" lon="7.73839538">
<ele>347.84552</ele>
<time>2026-05-08T08:00:43Z</time>
</trkpt>
<trkpt lat="45.61395796" lon="7.73849653">
<ele>348.1626</ele>
<time>2026-05-08T08:00:44Z</time>
</trkpt>
<trkpt lat="45.61368468" lon="7.73856426">
<ele>348.44797</ele>
<time>2026-05-08T08:00:45Z</time>
</trkpt>
<trkpt lat="45.61340709" lon="7.73862741">
<ele>348.7439</ele>
<time>2026-05-08T08:00:46Z</time>
</trkpt>
<trkpt lat="45.61312131" lon="7.73868835">
<ele>349.00287</ele>
<time>2026-05-08T08:00:47Z</time>
</trkpt>
<trkpt lat="45.61284115" lon="7.73873578">
<ele>349.1931</ele>
<time>2026-05-08T08:00:48Z</time>
</trkpt>
<trkpt lat="45.61256338" lon="7.73876769">
<ele>349.31464</ele>
<time>2026-05-08T08:00:49Z</time>
</trkpt>
<trkpt lat="45.61229092" lon="7.73877674">
<ele>349.4362</ele>
<time>2026-05-08T08:00:50Z</time>
</trkpt>
<trkpt lat="45.61201736" lon="7.73877538">
<ele>349.5472</ele>
<time>2026-05-08T08:00:51Z</time>
</trkpt>
<trkpt lat="45.61174863" lon="7.73875871">
<ele>349.63702</ele>
<time>2026-05-08T08:00:52Z</time>
</trkpt>
<trkpt lat="45.61148292" lon="7.73873406">
<ele>349.72687</ele>
<time>2026-05-08T08:00:53Z</time>
</trkpt>
<trkpt lat="45.6112108" lon="7.73870209">
<ele>349.76913</ele>
<time>2026-05-08T08:00:54Z</time>
</trkpt>
<trkpt lat="45.61093877" lon="7.73867318">
<ele>349.80084</ele>
<time>2026-05-08T08:00:55Z</time>
</trkpt>
<trkpt lat="45.61067894" lon="7.73864873">
<ele>349.80084</ele>
<time>2026-05-08T08:00:56Z</time>
</trkpt>
<trkpt lat="45.61042171" lon="7.7386313">
<ele>349.82196</ele>
<time>2026-05-08T08:00:57Z</time>
</trkpt>
<trkpt lat="45.61016282" lon="7.73861179">
<ele>349.7744</ele>
<time>2026-05-08T08:00:58Z</time>
</trkpt>
<trkpt lat="45.60990471" lon="7.73859886">
<ele>349.6423</ele>
<time>2026-05-08T08:00:59Z</time>
</trkpt>
<trkpt lat="45.6096459" lon="7.73860183">
<ele>349.56305</ele>
<time>2026-05-08T08:01:00Z</time>
</trkpt>
<trkpt lat="45.60938627" lon="7.73861719">
<ele>349.4785</ele>
<time>2026-05-08T08:01:01Z</time>
</trkpt>
<trkpt lat="45.60913355" lon="7.73864071">
<ele>349.3675</ele>
<time>2026-05-08T08:01:02Z</time>
</trkpt>
<trkpt lat="45.60888807" lon="7.73868233">
<ele>349.2565</ele>
<time>2026-05-08T08:01:03Z</time>
</trkpt>
<trkpt lat="45.60864061" lon="7.73873678">
<ele>349.1878</ele>
<time>2026-05-08T08:01:04Z</time>
</trkpt>
<trkpt lat="45.60336198" lon="7.74618545">
<ele>337.75714</ele>
<time>2026-05-08T08:01:34Z</time>
</trkpt>
<trkpt lat="45.60329918" lon="7.74657841">
<ele>337.1177</ele>
<time>2026-05-08T08:01:35Z</time>
</trkpt>
<trkpt lat="45.60319321" lon="7.7469337">
<ele>336.5628</ele>
<time>2026-05-08T08:01:36Z</time>
</trkpt>
<trkpt lat="45.60311917" lon="7.74734135">
<ele>335.99207</ele>
<time>2026-05-08T08:01:37Z</time>
</trkpt>
<trkpt lat="45.60303627" lon="7.74774662">
<ele>335.47418</ele>
<time>2026-05-08T08:01:38Z</time>
</trkpt>
<trkpt lat="45.60296079" lon="7.74813376">
<ele>334.9246</ele>
<time>2026-05-08T08:01:39Z</time>
</trkpt>
<trkpt lat="45.60286894" lon="7.7485162">
<ele>334.35913</ele>
<time>2026-05-08T08:01:40Z</time>
</trkpt>
<trkpt lat="45.60279024" lon="7.74890857">
<ele>333.82535</ele>
<time>2026-05-08T08:01:41Z</time>
</trkpt>
<trkpt lat="45.60270754" lon="7.74929655">
<ele>333.2969</ele>
<time>2026-05-08T08:01:42Z</time>
</trkpt>
<trkpt lat="45.60261992" lon="7.74968058">
<ele>332.76315</ele>
<time>2026-05-08T08:01:43Z</time>
</trkpt>
<trkpt lat="45.60251468" lon="7.75006808">
<ele>332.24</ele>
<time>2026-05-08T08:01:44Z</time>
</trkpt>
<trkpt lat="45.60240439" lon="7.75044565">
<ele>331.7274</ele>
<time>2026-05-08T08:01:45Z</time>
</trkpt>
<trkpt lat="45.60230507" lon="7.75083173">
<ele>331.2412</ele>
<time>2026-05-08T08:01:46Z</time>
</trkpt>
<trkpt lat="45.60220242" lon="7.75122553">
<ele>330.77084</ele>
<time>2026-05-08T08:01:47Z</time>
</trkpt>
<trkpt lat="45.602094" lon="7.75159694">
<ele>330.32697</ele>
<time>2026-05-08T08:01:48Z</time>
</trkpt>
<trkpt lat="45.60199483" lon="7.75199087">
<ele>329.92</ele>
<time>2026-05-08T08:01:49Z</time>
</trkpt>
<trkpt lat="45.60189941" lon="7.75237608">
<ele>329.5765</ele>
<time>2026-05-08T08:01:50Z</time>
</trkpt>
<trkpt lat="45.60178792" lon="7.75274608">
<ele>329.22244</ele>
<time>2026-05-08T08:01:51Z</time>
</trkpt>
<trkpt lat="45.60166932" lon="7.75312258">
<ele>328.89484</ele>
<time>2026-05-08T08:01:52Z</time>
</trkpt>
<trkpt lat="45.60154368" lon="7.75347884">
<ele>328.63058</ele>
<time>2026-05-08T08:01:53Z</time>
</trkpt>
<trkpt lat="45.60142298" lon="7.75384509">
<ele>328.37164</ele>
<time>2026-05-08T08:01:54Z</time>
</trkpt>
<trkpt lat="45.60130887" lon="7.75421369">
<ele>328.1708</ele>
<time>2026-05-08T08:01:55Z</time>
</trkpt>
<trkpt lat="45.60121283" lon="7.75458055">
<ele>328.02283</ele>
<time>2026-05-08T08:01:56Z</time>
</trkpt>
<trkpt lat="45.60111052" lon="7.75495253">
<ele>327.9119</ele>
<time>2026-05-08T08:01:57Z</time>
</trkpt>
<trkpt lat="45.60101597" lon="7.75533286">
<ele>327.79562</ele>
<time>2026-05-08T08:01:58Z</time>
</trkpt>
<trkpt lat="45.60092158" lon="7.75571236">
<ele>327.6846</ele>
<time>2026-05-08T08:01:59Z</time>
</trkpt>
<trkpt lat="45.60084188" lon="7.75610393">
<ele>327.61063</ele>
<time>2026-05-08T08:02:00Z</time>
</trkpt>
<trkpt lat="45.60076833" lon="7.75649459">
<ele>327.5261</ele>
<time>2026-05-08T08:02:01Z</time>
</trkpt>
<trkpt lat="45.6007027" lon="7.75688349">
<ele>327.46268</ele>
<time>2026-05-08T08:02:02Z</time>
</trkpt>
<trkpt lat="45.60064436" lon="7.75727664">
<ele>327.39926</ele>
<time>2026-05-08T08:02:03Z</time>
</trkpt>
<trkpt lat="45.60059447" lon="7.75767216">
<ele>327.3517</ele>
<time>2026-05-08T08:02:04Z</time>
</trkpt>
<trkpt lat="45.60054916" lon="7.7580685">
<ele>327.29886</ele>
<time>2026-05-08T08:02:05Z</time>
</trkpt>
<trkpt lat="45.60051517" lon="7.75847536">
<ele>327.2143</ele>
<time>2026-05-08T08:02:06Z</time>
</trkpt>
<trkpt lat="45.60047954" lon="7.75887491">
<ele>327.09802</ele>
<time>2026-05-08T08:02:07Z</time>
</trkpt>
<trkpt lat="45.60045853" lon="7.75927981">
<ele>326.98703</ele>
<time>2026-05-08T08:02:08Z</time>
</trkpt>
<trkpt lat="45.60044215" lon="7.7596793">
<ele>326.83908</ele>
<time>2026-05-08T08:02:09Z</time>
</trkpt>
<trkpt lat="45.60043383" lon="7.76007298">
<ele>326.67526</ele>
<time>2026-05-08T08:02:10Z</time>
</trkpt>
<trkpt lat="45.60043671" lon="7.76048071">
<ele>326.42157</ele>
<time>2026-05-08T08:02:11Z</time>
</trkpt>
<trkpt lat="45.60044466" lon="7.76088341">
<ele>326.16794</ele>
<time>2026-05-08T08:02:12Z</time>
</trkpt>
<trkpt lat="45.60046295" lon="7.76129649">
<ele>325.85086</ele>
<time>2026-05-08T08:02:13Z</time>
</trkpt>
<trkpt lat="45.60047595" lon="7.76171213">
<ele>325.52322</ele>
<time>2026-05-08T08:02:14Z</time>
</trkpt>
<trkpt lat="45.60050865" lon="7.76210881">
<ele>325.16916</ele>
<time>2026-05-08T08:02:15Z</time>
</trkpt>
<trkpt lat="45.60054283" lon="7.76250971">
<ele>324.78336</ele>
<time>2026-05-08T08:02:16Z</time>
</trkpt>
<trkpt lat="45.60058032" lon="7.76290116">
<ele>324.37115</ele>
<time>2026-05-08T08:02:17Z</time>
</trkpt>
<trkpt lat="45.60061859" lon="7.76330578">
<ele>323.93253</ele>
<time>2026-05-08T08:02:18Z</time>
</trkpt>
<trkpt lat="45.6006446" lon="7.7637095">
<ele>323.45163</ele>
<time>2026-05-08T08:02:19Z</time>
</trkpt>
<trkpt lat="45.60068312" lon="7.76411004">
<ele>322.9443</ele>
<time>2026-05-08T08:02:20Z</time>
</trkpt>
<trkpt lat="45.60071354" lon="7.76450937">
<ele>322.44226</ele>
<time>2026-05-08T08:02:21Z</time>
</trkpt>
<trkpt lat="45.60073927" lon="7.76491806">
<ele>321.90323</ele>
<time>2026-05-08T08:02:22Z</time>
</trkpt>
<trkpt lat="45.60076479" lon="7.76531968">
<ele>321.38535</ele>
<time>2026-05-08T08:02:23Z</time>
</trkpt>
<trkpt lat="45.60078879" lon="7.76571648">
<ele>320.89386</ele>
<time>2026-05-08T08:02:24Z</time>
</trkpt>
<trkpt lat="45.60080122" lon="7.76612477">
<ele>320.41824</ele>
<time>2026-05-08T08:02:25Z</time>
</trkpt>
<trkpt lat="45.60080727" lon="7.76653323">
<ele>319.96906</ele>
<time>2026-05-08T08:02:26Z</time>
</trkpt>
<trkpt lat="45.60081483" lon="7.76693835">
<ele>319.51456</ele>
<time>2026-05-08T08:02:27Z</time>
</trkpt>
<trkpt lat="45.60081801" lon="7.76734028">
<ele>319.1235</ele>
<time>2026-05-08T08:02:28Z</time>
</trkpt>
<trkpt lat="45.60081516" lon="7.76774274">
<ele>318.78</ele>
<time>2026-05-08T08:02:29Z</time>
</trkpt>
<trkpt lat="45.60080558" lon="7.7681454">
<ele>318.4365</ele>
<time>2026-05-08T08:02:30Z</time>
</trkpt>
<trkpt lat="45.60079055" lon="7.76854348">
<ele>318.17227</ele>
<time>2026-05-08T08:02:31Z</time>
</trkpt>
<trkpt lat="45.60077668" lon="7.76894705">
<ele>317.9292</ele>
<time>2026-05-08T08:02:32Z</time>
</trkpt>
<trkpt lat="45.60075278" lon="7.76934616">
<ele>317.7442</ele>
<time>2026-05-08T08:02:33Z</time>
</trkpt>
<trkpt lat="45.60072732" lon="7.76973892">
<ele>317.6068</ele>
<time>2026-05-08T08:02:34Z</time>
</trkpt>
<trkpt lat="45.60069446" lon="7.77013266">
<ele>317.49057</ele>
<time>2026-05-08T08:02:35Z</time>
</trkpt>
<trkpt lat="45.60065738" lon="7.77052639">
<ele>317.36902</ele>
<time>2026-05-08T08:02:36Z</time>
</trkpt>
<trkpt lat="45.60061881" lon="7.77092669">
<ele>317.2369</ele>
<time>2026-05-08T08:02:37Z</time>
</trkpt>
<trkpt lat="45.60057568" lon="7.77132905">
<ele>317.1206</ele>
<time>2026-05-08T08:02:38Z</time>
</trkpt>
<trkpt lat="45.60053337" lon="7.77172626">
<ele>317.00967</ele>
<time>2026-05-08T08:02:39Z</time>
</trkpt>
<trkpt lat="45.60047703" lon="7.77213016">
<ele>316.87225</ele>
<time>2026-05-08T08:02:40Z</time>
</trkpt>
<trkpt lat="45.6004167" lon="7.77252601">
<ele>316.73486</ele>
<time>2026-05-08T08:02:41Z</time>
</trkpt>
<trkpt lat="45.60035382" lon="7.77291366">
<ele>316.52875</ele>
<time>2026-05-08T08:02:42Z</time>
</trkpt>
<trkpt lat="45.60028362" lon="7.77330366">
<ele>316.29095</ele>
<time>2026-05-08T08:02:43Z</time>
</trkpt>
<trkpt lat="45.60021669" lon="7.77369419">
<ele>316.02142</ele>
<time>2026-05-08T08:02:44Z</time>
</trkpt>
<trkpt lat="45.60013645" lon="7.77407498">
<ele>315.73605</ele>
<time>2026-05-08T08:02:45Z</time>
</trkpt>
<trkpt lat="45.60005426" lon="7.77445675">
<ele>315.42426</ele>
<time>2026-05-08T08:02:46Z</time>
</trkpt>
<trkpt lat="45.59996217" lon="7.77484193">
<ele>315.05435</ele>
<time>2026-05-08T08:02:47Z</time>
</trkpt>
<trkpt lat="45.59986986" lon="7.77522768">
<ele>314.70026</ele>
<time>2026-05-08T08:02:48Z</time>
</trkpt>
<trkpt lat="45.5997766" lon="7.77561018">
<ele>314.35675</ele>
<time>2026-05-08T08:02:49Z</time>
</trkpt>
<trkpt lat="45.59966736" lon="7.77598964">
<ele>313.9974</ele>
<time>2026-05-08T08:02:50Z</time>
</trkpt>
<trkpt lat="45.59956939" lon="7.77637415">
<ele>313.62222</ele>
<time>2026-05-08T08:02:51Z</time>
</trkpt>
<trkpt lat="45.59946103" lon="7.77674609">
<ele>313.2417</ele>
<time>2026-05-08T08:02:52Z</time>
</trkpt>
<trkpt lat="45.59934676" lon="7.7771165">
<ele>312.85593</ele>
<time>2026-05-08T08:02:53Z</time>
</trkpt>
<trkpt lat="45.59923119" lon="7.7774819">
<ele>312.46484</ele>
<time>2026-05-08T08:02:54Z</time>
</trkpt>
<trkpt lat="45.59910708" lon="7.77785307">
<ele>312.06323</ele>
<time>2026-05-08T08:02:55Z</time>
</trkpt>
<trkpt lat="45.59897693" lon="7.77821413">
<ele>311.68802</ele>
<time>2026-05-08T08:02:56Z</time>
</trkpt>
<trkpt lat="45.59884863" lon="7.7785674">
<ele>311.29697</ele>
<time>2026-05-08T08:02:57Z</time>
</trkpt>
<trkpt lat="45.59871159" lon="7.77892784">
<ele>310.89005</ele>
<time>2026-05-08T08:02:58Z</time>
</trkpt>
<trkpt lat="45.5985748" lon="7.77927737">
<ele>310.52542</ele>
<time>2026-05-08T08:02:59Z</time>
</trkpt>
<trkpt lat="45.59843088" lon="7.77962455">
<ele>310.1872</ele>
<time>2026-05-08T08:03:00Z</time>
</trkpt>
<trkpt lat="45.59828103" lon="7.77997041">
<ele>309.87012</ele>
<time>2026-05-08T08:03:01Z</time>
</trkpt>
<trkpt lat="45.59813347" lon="7.78031412">
<ele>309.55304</ele>
<time>2026-05-08T08:03:02Z</time>
</trkpt>
<trkpt lat="45.59797582" lon="7.78064575">
<ele>309.24652</ele>
<time>2026-05-08T08:03:03Z</time>
</trkpt>
<trkpt lat="45.59781683" lon="7.78097945">
<ele>308.95587</ele>
<time>2026-05-08T08:03:04Z</time>
</trkpt>
<trkpt lat="45.59765295" lon="7.78130787">
<ele>308.68637</ele>
<time>2026-05-08T08:03:05Z</time>
</trkpt>
<trkpt lat="45.59748429" lon="7.7816338">
<ele>308.41684</ele>
<time>2026-05-08T08:03:06Z</time>
</trkpt>
<trkpt lat="45.59730766" lon="7.78195652">
<ele>308.20016</ele>
<time>2026-05-08T08:03:07Z</time>
</trkpt>
<trkpt lat="45.5971288" lon="7.78227352">
<ele>308.0152</ele>
<time>2026-05-08T08:03:08Z</time>
</trkpt>
<trkpt lat="45.59694917" lon="7.78258381">
<ele>307.81964</ele>
<time>2026-05-08T08:03:09Z</time>
</trkpt>
<trkpt lat="45.59676395" lon="7.78289043">
<ele>307.63998</ele>
<time>2026-05-08T08:03:10Z</time>
</trkpt>
<trkpt lat="45.59657546" lon="7.78319901">
<ele>307.47617</ele>
<time>2026-05-08T08:03:11Z</time>
</trkpt>
<trkpt lat="45.59638855" lon="7.78350192">
<ele>307.3335</ele>
<time>2026-05-08T08:03:12Z</time>
</trkpt>
<trkpt lat="45.5961936" lon="7.7837929">
<ele>307.2595</ele>
<time>2026-05-08T08:03:13Z</time>
</trkpt>
<trkpt lat="45.59600101" lon="7.78409033">
<ele>307.1908</ele>
<time>2026-05-08T08:03:14Z</time>
</trkpt>
<trkpt lat="45.59580153" lon="7.78437609">
<ele>307.12738</ele>
<time>2026-05-08T08:03:15Z</time>
</trkpt>
<trkpt lat="45.59559524" lon="7.78466366">
<ele>307.07455</ele>
<time>2026-05-08T08:03:16Z</time>
</trkpt>
<trkpt lat="45.5953892" lon="7.78494245">
<ele>307.0164</ele>
<time>2026-05-08T08:03:17Z</time>
</trkpt>
<trkpt lat="45.59518256" lon="7.78521983">
<ele>306.9794</ele>
<time>2026-05-08T08:03:18Z</time>
</trkpt>
<trkpt lat="45.59497586" lon="7.78550719">
<ele>306.97412</ele>
<time>2026-05-08T08:03:19Z</time>
</trkpt>
<trkpt lat="45.59477137" lon="7.78577867">
<ele>306.96356</ele>
<time>2026-05-08T08:03:20Z</time>
</trkpt>
<trkpt lat="45.59456666" lon="7.78606893">
<ele>306.9794</ele>
<time>2026-05-08T08:03:21Z</time>
</trkpt>
<trkpt lat="45.59436041" lon="7.78634717">
<ele>307.0111</ele>
<time>2026-05-08T08:03:22Z</time>
</trkpt>
<trkpt lat="45.59415383" lon="7.78662627">
<ele>307.06924</ele>
<time>2026-05-08T08:03:23Z</time>
</trkpt>
<trkpt lat="45.59395159" lon="7.78690297">
<ele>307.13266</ele>
<time>2026-05-08T08:03:24Z</time>
</trkpt>
<trkpt lat="45.59374484" lon="7.78717538">
<ele>307.17496</ele>
<time>2026-05-08T08:03:25Z</time>
</trkpt>
<trkpt lat="45.59354363" lon="7.78744863">
<ele>307.26477</ele>
<time>2026-05-08T08:03:26Z</time>
</trkpt>
<trkpt lat="45.59333979" lon="7.78772518">
<ele>307.31235</ele>
<time>2026-05-08T08:03:27Z</time>
</trkpt>
<trkpt lat="45.59313719" lon="7.78800851">
<ele>307.3546</ele>
<time>2026-05-08T08:03:28Z</time>
</trkpt>
<trkpt lat="45.59293456" lon="7.78828617">
<ele>307.41803</ele>
<time>2026-05-08T08:03:29Z</time>
</trkpt>
<trkpt lat="45.59273189" lon="7.78857221">
<ele>307.51843</ele>
<time>2026-05-08T08:03:30Z</time>
</trkpt>
<trkpt lat="45.59253009" lon="7.78884751">
<ele>307.61356</ele>
<time>2026-05-08T08:03:31Z</time>
</trkpt>
<trkpt lat="45.59232755" lon="7.78914027">
<ele>307.71927</ele>
<time>2026-05-08T08:03:32Z</time>
</trkpt>
<trkpt lat="45.59212686" lon="7.78942272">
<ele>307.83554</ele>
<time>2026-05-08T08:03:33Z</time>
</trkpt>
<trkpt lat="45.59173761" lon="7.79000547">
<ele>308.0575</ele>
<time>2026-05-08T08:03:35Z</time>
</trkpt>
<trkpt lat="45.59155092" lon="7.790304">
<ele>308.1473</ele>
<time>2026-05-08T08:03:36Z</time>
</trkpt>
<trkpt lat="45.59135765" lon="7.79060686">
<ele>308.23187</ele>
<time>2026-05-08T08:03:37Z</time>
</trkpt>
<trkpt lat="45.5909917" lon="7.79122981">
<ele>308.3851</ele>
<time>2026-05-08T08:03:39Z</time>
</trkpt>
<trkpt lat="45.59064899" lon="7.79183961">
<ele>308.37982</ele>
<time>2026-05-08T08:03:41Z</time>
</trkpt>
<trkpt lat="45.59030635" lon="7.79242695">
<ele>308.32172</ele>
<time>2026-05-08T08:03:43Z</time>
</trkpt>
<trkpt lat="45.5901426" lon="7.7927167">
<ele>308.23187</ele>
<time>2026-05-08T08:03:44Z</time>
</trkpt>
<trkpt lat="45.58998276" lon="7.79300636">
<ele>308.1262</ele>
<time>2026-05-08T08:03:45Z</time>
</trkpt>
<trkpt lat="45.58967602" lon="7.79360131">
<ele>307.86194</ele>
<time>2026-05-08T08:03:47Z</time>
</trkpt>
<trkpt lat="45.58951772" lon="7.79390298">
<ele>307.7404</ele>
<time>2026-05-08T08:03:48Z</time>
</trkpt>
<trkpt lat="45.58934975" lon="7.79421043">
<ele>307.62415</ele>
<time>2026-05-08T08:03:49Z</time>
</trkpt>
<trkpt lat="45.58918024" lon="7.79452298">
<ele>307.5343</ele>
<time>2026-05-08T08:03:50Z</time>
</trkpt>
<trkpt lat="45.58899816" lon="7.79483921">
<ele>307.37048</ele>
<time>2026-05-08T08:03:51Z</time>
</trkpt>
<trkpt lat="45.58862792" lon="7.79545047">
<ele>306.88428</ele>
<time>2026-05-08T08:03:53Z</time>
</trkpt>
<trkpt lat="45.58843194" lon="7.79574376">
<ele>306.5091</ele>
<time>2026-05-08T08:03:54Z</time>
</trkpt>
<trkpt lat="45.58801968" lon="7.79628944">
<ele>305.58426</ele>
<time>2026-05-08T08:03:56Z</time>
</trkpt>
<trkpt lat="45.58780007" lon="7.79654773">
<ele>305.37286</ele>
<time>2026-05-08T08:03:57Z</time>
</trkpt>
<trkpt lat="45.5875746" lon="7.79679082">
<ele>305.15622</ele>
<time>2026-05-08T08:03:58Z</time>
</trkpt>
<trkpt lat="45.58734384" lon="7.79702388">
<ele>304.87085</ele>
<time>2026-05-08T08:03:59Z</time>
</trkpt>
<trkpt lat="45.5871112" lon="7.79724068">
<ele>304.2367</ele>
<time>2026-05-08T08:04:00Z</time>
</trkpt>
<trkpt lat="45.58661494" lon="7.79763283">
<ele>303.2326</ele>
<time>2026-05-08T08:04:02Z</time>
</trkpt>
<trkpt lat="45.58609382" lon="7.7979617">
<ele>302.21796</ele>
<time>2026-05-08T08:04:04Z</time>
</trkpt>
<trkpt lat="45.58581795" lon="7.79809518">
<ele>301.67892</ele>
<time>2026-05-08T08:04:05Z</time>
</trkpt>
<trkpt lat="45.5852726" lon="7.7983277">
<ele>300.56915</ele>
<time>2026-05-08T08:04:07Z</time>
</trkpt>
<trkpt lat="45.58500217" lon="7.79844234">
<ele>299.97726</ele>
<time>2026-05-08T08:04:08Z</time>
</trkpt>
<trkpt lat="45.58472932" lon="7.79855837">
<ele>299.4118</ele>
<time>2026-05-08T08:04:09Z</time>
</trkpt>
<trkpt lat="45.58445518" lon="7.79867258">
<ele>298.88333</ele>
<time>2026-05-08T08:04:10Z</time>
</trkpt>
<trkpt lat="45.58417966" lon="7.79878279">
<ele>298.40244</ele>
<time>2026-05-08T08:04:11Z</time>
</trkpt>
<trkpt lat="45.58390602" lon="7.79890028">
<ele>297.92682</ele>
<time>2026-05-08T08:04:12Z</time>
</trkpt>
<trkpt lat="45.58363336" lon="7.79901615">
<ele>297.49878</ele>
<time>2026-05-08T08:04:13Z</time>
</trkpt>
<trkpt lat="45.58335602" lon="7.7991309">
<ele>297.08655</ele>
<time>2026-05-08T08:04:14Z</time>
</trkpt>
<trkpt lat="45.58308941" lon="7.79923597">
<ele>296.7272</ele>
<time>2026-05-08T08:04:15Z</time>
</trkpt>
<trkpt lat="45.58281429" lon="7.79934778">
<ele>296.39957</ele>
<time>2026-05-08T08:04:16Z</time>
</trkpt>
<trkpt lat="45.58254106" lon="7.79945757">
<ele>296.06662</ele>
<time>2026-05-08T08:04:17Z</time>
</trkpt>
<trkpt lat="45.58227098" lon="7.7995684">
<ele>295.78125</ele>
<time>2026-05-08T08:04:18Z</time>
</trkpt>
<trkpt lat="45.58200266" lon="7.79968769">
<ele>295.51703</ele>
<time>2026-05-08T08:04:19Z</time>
</trkpt>
<trkpt lat="45.58172931" lon="7.79980266">
<ele>295.30566</ele>
<time>2026-05-08T08:04:20Z</time>
</trkpt>
<trkpt lat="45.58145094" lon="7.79992224">
<ele>295.12067</ele>
<time>2026-05-08T08:04:21Z</time>
</trkpt>
<trkpt lat="45.58118238" lon="7.80003573">
<ele>294.941</ele>
<time>2026-05-08T08:04:22Z</time>
</trkpt>
<trkpt lat="45.58090331" lon="7.80015909">
<ele>294.7772</ele>
<time>2026-05-08T08:04:23Z</time>
</trkpt>
<trkpt lat="45.58063105" lon="7.800278">
<ele>294.63977</ele>
<time>2026-05-08T08:04:24Z</time>
</trkpt>
<trkpt lat="45.58036059" lon="7.80038822">
<ele>294.4971</ele>
<time>2026-05-08T08:04:25Z</time>
</trkpt>
<trkpt lat="45.58008543" lon="7.8005081">
<ele>294.34912</ele>
<time>2026-05-08T08:04:26Z</time>
</trkpt>
<trkpt lat="45.57980964" lon="7.80062449">
<ele>294.21173</ele>
<time>2026-05-08T08:04:27Z</time>
</trkpt>
<trkpt lat="45.57953701" lon="7.80073938">
<ele>294.07434</ele>
<time>2026-05-08T08:04:28Z</time>
</trkpt>
<trkpt lat="45.57926076" lon="7.80085587">
<ele>293.93692</ele>
<time>2026-05-08T08:04:29Z</time>
</trkpt>
<trkpt lat="45.57898648" lon="7.80096915">
<ele>293.78366</ele>
<time>2026-05-08T08:04:30Z</time>
</trkpt>
<trkpt lat="45.57870963" lon="7.80107953">
<ele>293.58813</ele>
<time>2026-05-08T08:04:31Z</time>
</trkpt>
<trkpt lat="45.57843633" lon="7.80118995">
<ele>293.37146</ele>
<time>2026-05-08T08:04:32Z</time>
</trkpt>
<trkpt lat="45.57816213" lon="7.80130364">
<ele>293.12308</ele>
<time>2026-05-08T08:04:33Z</time>
</trkpt>
<trkpt lat="45.57789041" lon="7.80141543">
<ele>292.83243</ele>
<time>2026-05-08T08:04:34Z</time>
</trkpt>
<trkpt lat="45.57761551" lon="7.80153041">
<ele>292.51007</ele>
<time>2026-05-08T08:04:35Z</time>
</trkpt>
<trkpt lat="45.57734363" lon="7.80165033">
<ele>292.12958</ele>
<time>2026-05-08T08:04:36Z</time>
</trkpt>
<trkpt lat="45.57706914" lon="7.80175736">
<ele>291.77548</ele>
<time>2026-05-08T08:04:37Z</time>
</trkpt>
<trkpt lat="45.57679568" lon="7.80187628">
<ele>291.41614</ele>
<time>2026-05-08T08:04:38Z</time>
</trkpt>
<trkpt lat="45.57651813" lon="7.80199072">
<ele>290.98282</ele>
<time>2026-05-08T08:04:39Z</time>
</trkpt>
<trkpt lat="45.57624713" lon="7.80210556">
<ele>290.5442</ele>
<time>2026-05-08T08:04:40Z</time>
</trkpt>
<trkpt lat="45.57597817" lon="7.80223363">
<ele>290.11084</ele>
<time>2026-05-08T08:04:41Z</time>
</trkpt>
<trkpt lat="45.57571473" lon="7.80235276">
<ele>289.6828</ele>
<time>2026-05-08T08:04:42Z</time>
</trkpt>
<trkpt lat="45.57544553" lon="7.80248124">
<ele>289.23886</ele>
<time>2026-05-08T08:04:43Z</time>
</trkpt>
<trkpt lat="45.57517964" lon="7.80259471">
<ele>288.80554</ele>
<time>2026-05-08T08:04:44Z</time>
</trkpt>
<trkpt lat="45.57491295" lon="7.80270474">
<ele>288.3722</ele>
<time>2026-05-08T08:04:45Z</time>
</trkpt>
<trkpt lat="45.57464046" lon="7.80281485">
<ele>287.92828</ele>
<time>2026-05-08T08:04:46Z</time>
</trkpt>
<trkpt lat="45.57437098" lon="7.80292523">
<ele>287.48965</ele>
<time>2026-05-08T08:04:47Z</time>
</trkpt>
<trkpt lat="45.57409671" lon="7.80303929">
<ele>287.07745</ele>
<time>2026-05-08T08:04:48Z</time>
</trkpt>
<trkpt lat="45.57382864" lon="7.80315105">
<ele>286.74454</ele>
<time>2026-05-08T08:04:49Z</time>
</trkpt>
<trkpt lat="45.57355543" lon="7.80326501">
<ele>286.42746</ele>
<time>2026-05-08T08:04:50Z</time>
</trkpt>
<trkpt lat="45.57328177" lon="7.80337717">
<ele>286.1315</ele>
<time>2026-05-08T08:04:51Z</time>
</trkpt>
<trkpt lat="45.57300751" lon="7.80348624">
<ele>285.8514</ele>
<time>2026-05-08T08:04:52Z</time>
</trkpt>
<trkpt lat="45.57273769" lon="7.80360579">
<ele>285.60834</ele>
<time>2026-05-08T08:04:53Z</time>
</trkpt>
<trkpt lat="45.57247065" lon="7.8037194">
<ele>285.4128</ele>
<time>2026-05-08T08:04:54Z</time>
</trkpt>
<trkpt lat="45.57220182" lon="7.80383826">
<ele>285.26483</ele>
<time>2026-05-08T08:04:55Z</time>
</trkpt>
<trkpt lat="45.57192782" lon="7.80396187">
<ele>285.14328</ele>
<time>2026-05-08T08:04:56Z</time>
</trkpt>
<trkpt lat="45.57165542" lon="7.80410888">
<ele>285.09045</ele>
<time>2026-05-08T08:04:57Z</time>
</trkpt>
<trkpt lat="45.57138674" lon="7.80426058">
<ele>285.19086</ele>
<time>2026-05-08T08:04:58Z</time>
</trkpt>
<trkpt lat="45.57112604" lon="7.80442357">
<ele>285.53433</ele>
<time>2026-05-08T08:04:59Z</time>
</trkpt>
<trkpt lat="45.57087821" lon="7.80459735">
<ele>285.5872</ele>
<time>2026-05-08T08:05:00Z</time>
</trkpt>
<trkpt lat="45.57062263" lon="7.80477943">
<ele>285.66647</ele>
<time>2026-05-08T08:05:01Z</time>
</trkpt>
<trkpt lat="45.57037576" lon="7.8049657">
<ele>285.8303</ele>
<time>2026-05-08T08:05:02Z</time>
</trkpt>
<trkpt lat="45.57012272" lon="7.80514569">
<ele>286.05225</ele>
<time>2026-05-08T08:05:03Z</time>
</trkpt>
<trkpt lat="45.56986651" lon="7.80533907">
<ele>286.30063</ele>
<time>2026-05-08T08:05:04Z</time>
</trkpt>
<trkpt lat="45.56961666" lon="7.80551435">
<ele>286.512</ele>
<time>2026-05-08T08:05:05Z</time>
</trkpt>
<trkpt lat="45.56936261" lon="7.80569808">
<ele>286.79736</ele>
<time>2026-05-08T08:05:06Z</time>
</trkpt>
<trkpt lat="45.56912141" lon="7.805877">
<ele>287.125</ele>
<time>2026-05-08T08:05:07Z</time>
</trkpt>
<trkpt lat="45.56887752" lon="7.80605541">
<ele>287.43152</ele>
<time>2026-05-08T08:05:08Z</time>
</trkpt>
<trkpt lat="45.56863244" lon="7.80623123">
<ele>287.72217</ele>
<time>2026-05-08T08:05:09Z</time>
</trkpt>
<trkpt lat="45.56839871" lon="7.80641265">
<ele>288.03925</ele>
<time>2026-05-08T08:05:10Z</time>
</trkpt>
<trkpt lat="45.56816832" lon="7.80659465">
<ele>288.35104</ele>
<time>2026-05-08T08:05:11Z</time>
</trkpt>
<trkpt lat="45.56793544" lon="7.80676412">
<ele>288.6153</ele>
<time>2026-05-08T08:05:12Z</time>
</trkpt>
<trkpt lat="45.56771329" lon="7.80693281">
<ele>288.87952</ele>
<time>2026-05-08T08:05:13Z</time>
</trkpt>
<trkpt lat="45.56748578" lon="7.80709545">
<ele>289.14905</ele>
<time>2026-05-08T08:05:14Z</time>
</trkpt>
<trkpt lat="45.56725776" lon="7.80726363">
<ele>289.371</ele>
<time>2026-05-08T08:05:15Z</time>
</trkpt>
<trkpt lat="45.5670228" lon="7.80743272">
<ele>289.58765</ele>
<time>2026-05-08T08:05:16Z</time>
</trkpt>
<trkpt lat="45.5667969" lon="7.80760016">
<ele>289.79376</ele>
<time>2026-05-08T08:05:17Z</time>
</trkpt>
<trkpt lat="45.56656668" lon="7.80777598">
<ele>289.984</ele>
<time>2026-05-08T08:05:18Z</time>
</trkpt>
<trkpt lat="45.56633356" lon="7.80794971">
<ele>290.14255</ele>
<time>2026-05-08T08:05:19Z</time>
</trkpt>
<trkpt lat="45.56609728" lon="7.80812835">
<ele>290.27994</ele>
<time>2026-05-08T08:05:20Z</time>
</trkpt>
<trkpt lat="45.56586475" lon="7.80830161">
<ele>290.3751</ele>
<time>2026-05-08T08:05:21Z</time>
</trkpt>
<trkpt lat="45.56562746" lon="7.80847651">
<ele>290.4015</ele>
<time>2026-05-08T08:05:22Z</time>
</trkpt>
<trkpt lat="45.56538884" lon="7.80865804">
<ele>290.41736</ele>
<time>2026-05-08T08:05:23Z</time>
</trkpt>
<trkpt lat="45.56515194" lon="7.80883979">
<ele>290.38565</ele>
<time>2026-05-08T08:05:24Z</time>
</trkpt>
<trkpt lat="45.56491348" lon="7.80901741">
<ele>290.3011</ele>
<time>2026-05-08T08:05:25Z</time>
</trkpt>
<trkpt lat="45.56467566" lon="7.80919869">
<ele>290.14255</ele>
<time>2026-05-08T08:05:26Z</time>
</trkpt>
<trkpt lat="45.5644388" lon="7.80938036">
<ele>289.92587</ele>
<time>2026-05-08T08:05:27Z</time>
</trkpt>
<trkpt lat="45.56420197" lon="7.8095504">
<ele>289.9206</ele>
<time>2026-05-08T08:05:28Z</time>
</trkpt>
<trkpt lat="45.56396259" lon="7.80972879">
<ele>289.58237</ele>
<time>2026-05-08T08:05:29Z</time>
</trkpt>
<trkpt lat="45.56372697" lon="7.80991184">
<ele>289.1385</ele>
<time>2026-05-08T08:05:30Z</time>
</trkpt>
<trkpt lat="45.56350052" lon="7.81010575">
<ele>288.66284</ele>
<time>2026-05-08T08:05:31Z</time>
</trkpt>
<trkpt lat="45.56328198" lon="7.8103028">
<ele>288.09738</ele>
<time>2026-05-08T08:05:32Z</time>
</trkpt>
<trkpt lat="45.56306266" lon="7.81048996">
<ele>287.5478</ele>
<time>2026-05-08T08:05:33Z</time>
</trkpt>
<trkpt lat="45.56284314" lon="7.81069535">
<ele>286.97177</ele>
<time>2026-05-08T08:05:34Z</time>
</trkpt>
<trkpt lat="45.56263009" lon="7.81090467">
<ele>286.31647</ele>
<time>2026-05-08T08:05:35Z</time>
</trkpt>
<trkpt lat="45.56241595" lon="7.81112542">
<ele>285.63474</ele>
<time>2026-05-08T08:05:36Z</time>
</trkpt>
<trkpt lat="45.56220755" lon="7.81135657">
<ele>284.95303</ele>
<time>2026-05-08T08:05:37Z</time>
</trkpt>
<trkpt lat="45.56200224" lon="7.81159314">
<ele>284.2713</ele>
<time>2026-05-08T08:05:38Z</time>
</trkpt>
<trkpt lat="45.5618059" lon="7.81183623">
<ele>283.58432</ele>
<time>2026-05-08T08:05:39Z</time>
</trkpt>
<trkpt lat="45.56161371" lon="7.81209517">
<ele>282.9449</ele>
<time>2026-05-08T08:05:40Z</time>
</trkpt>
<trkpt lat="45.56142806" lon="7.81235467">
<ele>282.26315</ele>
<time>2026-05-08T08:05:41Z</time>
</trkpt>
<trkpt lat="45.56123593" lon="7.81261656">
<ele>281.54443</ele>
<time>2026-05-08T08:05:42Z</time>
</trkpt>
<trkpt lat="45.56104928" lon="7.81287407">
<ele>280.905</ele>
<time>2026-05-08T08:05:43Z</time>
</trkpt>
<trkpt lat="45.56086064" lon="7.81313897">
<ele>280.26556</ele>
<time>2026-05-08T08:05:44Z</time>
</trkpt>
<trkpt lat="45.56067705" lon="7.81339504">
<ele>279.6684</ele>
<time>2026-05-08T08:05:45Z</time>
</trkpt>
<trkpt lat="45.56049104" lon="7.81365526">
<ele>279.07123</ele>
<time>2026-05-08T08:05:46Z</time>
</trkpt>
<trkpt lat="45.56030847" lon="7.81390536">
<ele>278.43707</ele>
<time>2026-05-08T08:05:47Z</time>
</trkpt>
<trkpt lat="45.56012947" lon="7.8141541">
<ele>277.9509</ele>
<time>2026-05-08T08:05:48Z</time>
</trkpt>
<trkpt lat="45.55994532" lon="7.81440385">
<ele>277.7025</ele>
<time>2026-05-08T08:05:49Z</time>
</trkpt>
<trkpt lat="45.55975963" lon="7.81465465">
<ele>277.6021</ele>
<time>2026-05-08T08:05:50Z</time>
</trkpt>
<trkpt lat="45.55957249" lon="7.81490524">
<ele>277.4647</ele>
<time>2026-05-08T08:05:51Z</time>
</trkpt>
<trkpt lat="45.55938355" lon="7.81517243">
<ele>277.41714</ele>
<time>2026-05-08T08:05:52Z</time>
</trkpt>
<trkpt lat="45.55919746" lon="7.81543313">
<ele>277.30615</ele>
<time>2026-05-08T08:05:53Z</time>
</trkpt>
<trkpt lat="45.55900973" lon="7.81570189">
<ele>276.89923</ele>
<time>2026-05-08T08:05:54Z</time>
</trkpt>
<trkpt lat="45.55881204" lon="7.81597176">
<ele>276.65616</ele>
<time>2026-05-08T08:05:55Z</time>
</trkpt>
<trkpt lat="45.55860561" lon="7.81624373">
<ele>276.58743</ele>
<time>2026-05-08T08:05:56Z</time>
</trkpt>
<trkpt lat="45.55839348" lon="7.81652219">
<ele>276.49762</ele>
<time>2026-05-08T08:05:57Z</time>
</trkpt>
<trkpt lat="45.55817624" lon="7.8167725">
<ele>276.47647</ele>
<time>2026-05-08T08:05:58Z</time>
</trkpt>
<trkpt lat="45.55795415" lon="7.81702569">
<ele>276.62973</ele>
<time>2026-05-08T08:05:59Z</time>
</trkpt>
<trkpt lat="45.55772002" lon="7.81724611">
<ele>276.89395</ele>
<time>2026-05-08T08:06:00Z</time>
</trkpt>
<trkpt lat="45.55747754" lon="7.81745129">
<ele>276.80414</ele>
<time>2026-05-08T08:06:01Z</time>
</trkpt>
<trkpt lat="45.55722466" lon="7.81764812">
<ele>276.83054</ele>
<time>2026-05-08T08:06:02Z</time>
</trkpt>
<trkpt lat="45.5569669" lon="7.81782518">
<ele>276.90982</ele>
<time>2026-05-08T08:06:03Z</time>
</trkpt>
<trkpt lat="45.55670274" lon="7.81798961">
<ele>277.01022</ele>
<time>2026-05-08T08:06:04Z</time>
</trkpt>
<trkpt lat="45.55644735" lon="7.81813578">
<ele>277.0895</ele>
<time>2026-05-08T08:06:05Z</time>
</trkpt>
<trkpt lat="45.55618861" lon="7.81829445">
<ele>277.16876</ele>
<time>2026-05-08T08:06:06Z</time>
</trkpt>
<trkpt lat="45.55591795" lon="7.81845908">
<ele>277.2586</ele>
<time>2026-05-08T08:06:07Z</time>
</trkpt>
<trkpt lat="45.55564625" lon="7.81861778">
<ele>277.3643</ele>
<time>2026-05-08T08:06:08Z</time>
</trkpt>
<trkpt lat="45.55538217" lon="7.81877136">
<ele>277.4964</ele>
<time>2026-05-08T08:06:09Z</time>
</trkpt>
<trkpt lat="45.55511052" lon="7.81893134">
<ele>277.64966</ele>
<time>2026-05-08T08:06:10Z</time>
</trkpt>
<trkpt lat="45.55484101" lon="7.81908806">
<ele>277.78705</ele>
<time>2026-05-08T08:06:11Z</time>
</trkpt>
<trkpt lat="45.55459195" lon="7.81924253">
<ele>277.9403</ele>
<time>2026-05-08T08:06:12Z</time>
</trkpt>
<trkpt lat="45.55432758" lon="7.81940051">
<ele>278.13583</ele>
<time>2026-05-08T08:06:13Z</time>
</trkpt>
<trkpt lat="45.55407072" lon="7.81956278">
<ele>278.3525</ele>
<time>2026-05-08T08:06:14Z</time>
</trkpt>
<trkpt lat="45.55380316" lon="7.81973917">
<ele>278.60092</ele>
<time>2026-05-08T08:06:15Z</time>
</trkpt>
<trkpt lat="45.55352928" lon="7.81990276">
<ele>278.9074</ele>
<time>2026-05-08T08:06:16Z</time>
</trkpt>
<trkpt lat="45.55324062" lon="7.82007756">
<ele>279.19806</ele>
<time>2026-05-08T08:06:17Z</time>
</trkpt>
<trkpt lat="45.55297115" lon="7.82024512">
<ele>279.5363</ele>
<time>2026-05-08T08:06:18Z</time>
</trkpt>
<trkpt lat="45.55272172" lon="7.82038612">
<ele>279.8745</ele>
<time>2026-05-08T08:06:19Z</time>
</trkpt>
<trkpt lat="45.55244685" lon="7.82055512">
<ele>280.23914</ele>
<time>2026-05-08T08:06:20Z</time>
</trkpt>
<trkpt lat="45.55217493" lon="7.82071663">
<ele>280.54037</ele>
<time>2026-05-08T08:06:21Z</time>
</trkpt>
<trkpt lat="45.55189817" lon="7.82088094">
<ele>280.84686</ele>
<time>2026-05-08T08:06:22Z</time>
</trkpt>
<trkpt lat="45.55162432" lon="7.82105212">
<ele>281.1164</ele>
<time>2026-05-08T08:06:23Z</time>
</trkpt>
<trkpt lat="45.55134763" lon="7.82121545">
<ele>281.3172</ele>
<time>2026-05-08T08:06:24Z</time>
</trkpt>
<trkpt lat="45.5510874" lon="7.82137388">
<ele>281.39648</ele>
<time>2026-05-08T08:06:25Z</time>
</trkpt>
<trkpt lat="45.5508417" lon="7.82152857">
<ele>281.3542</ele>
<time>2026-05-08T08:06:26Z</time>
</trkpt>
<trkpt lat="45.55059695" lon="7.82167517">
<ele>281.26962</ele>
<time>2026-05-08T08:06:27Z</time>
</trkpt>
<trkpt lat="45.55036211" lon="7.82182377">
<ele>281.21152</ele>
<time>2026-05-08T08:06:28Z</time>
</trkpt>
<trkpt lat="45.55011318" lon="7.82197009">
<ele>281.14282</ele>
<time>2026-05-08T08:06:29Z</time>
</trkpt>
<trkpt lat="45.54987185" lon="7.82212368">
<ele>281.04242</ele>
<time>2026-05-08T08:06:30Z</time>
</trkpt>
<trkpt lat="45.54964702" lon="7.82226434">
<ele>280.94727</ele>
<time>2026-05-08T08:06:31Z</time>
</trkpt>
<trkpt lat="45.54942433" lon="7.82239306">
<ele>280.84686</ele>
<time>2026-05-08T08:06:32Z</time>
</trkpt>
<trkpt lat="45.5492043" lon="7.82252781">
<ele>280.68832</ele>
<time>2026-05-08T08:06:33Z</time>
</trkpt>
<trkpt lat="45.54899019" lon="7.82265309">
<ele>280.4611</ele>
<time>2026-05-08T08:06:34Z</time>
</trkpt>
<trkpt lat="45.54878877" lon="7.82277114">
<ele>280.218</ele>
<time>2026-05-08T08:06:35Z</time>
</trkpt>
<trkpt lat="45.54858585" lon="7.82289044">
<ele>279.88507</ele>
<time>2026-05-08T08:06:36Z</time>
</trkpt>
<trkpt lat="45.5483912" lon="7.8230125">
<ele>279.46228</ele>
<time>2026-05-08T08:06:37Z</time>
</trkpt>
<trkpt lat="45.54820085" lon="7.82312265">
<ele>278.99725</ele>
<time>2026-05-08T08:06:38Z</time>
</trkpt>
<trkpt lat="45.54801991" lon="7.82322124">
<ele>278.48462</ele>
<time>2026-05-08T08:06:39Z</time>
</trkpt>
<trkpt lat="45.54784129" lon="7.82331731">
<ele>277.90332</ele>
<time>2026-05-08T08:06:40Z</time>
</trkpt>
<trkpt lat="45.54765762" lon="7.8234054">
<ele>277.30087</ele>
<time>2026-05-08T08:06:41Z</time>
</trkpt>
<trkpt lat="45.54747345" lon="7.82350375">
<ele>276.69315</ele>
<time>2026-05-08T08:06:42Z</time>
</trkpt>
<trkpt lat="45.54729503" lon="7.8235948">
<ele>276.08014</ele>
<time>2026-05-08T08:06:43Z</time>
</trkpt>
<trkpt lat="45.54710869" lon="7.82369772">
<ele>275.49353</ele>
<time>2026-05-08T08:06:44Z</time>
</trkpt>
<trkpt lat="45.54692904" lon="7.82379173">
<ele>274.90167</ele>
<time>2026-05-08T08:06:45Z</time>
</trkpt>
<trkpt lat="45.54674071" lon="7.8238869">
<ele>274.2939</ele>
<time>2026-05-08T08:06:46Z</time>
</trkpt>
<trkpt lat="45.54655247" lon="7.82396407">
<ele>273.65976</ele>
<time>2026-05-08T08:06:47Z</time>
</trkpt>
<trkpt lat="45.54634244" lon="7.82403498">
<ele>273.04147</ele>
<time>2026-05-08T08:06:48Z</time>
</trkpt>
<trkpt lat="45.5461344" lon="7.82409114">
<ele>272.3809</ele>
<time>2026-05-08T08:06:49Z</time>
</trkpt>
<trkpt lat="45.54592378" lon="7.82413166">
<ele>271.69916</ele>
<time>2026-05-08T08:06:50Z</time>
</trkpt>
<trkpt lat="45.54569745" lon="7.82416148">
<ele>271.028</ele>
<time>2026-05-08T08:06:51Z</time>
</trkpt>
<trkpt lat="45.54546568" lon="7.82418592">
<ele>270.378</ele>
<time>2026-05-08T08:06:52Z</time>
</trkpt>
<trkpt lat="45.5452325" lon="7.82421802">
<ele>269.70685</ele>
<time>2026-05-08T08:06:53Z</time>
</trkpt>
<trkpt lat="45.54500207" lon="7.82425339">
<ele>269.041</ele>
<time>2026-05-08T08:06:54Z</time>
</trkpt>
<trkpt lat="45.54477212" lon="7.82429341">
<ele>268.36984</ele>
<time>2026-05-08T08:06:55Z</time>
</trkpt>
<trkpt lat="45.54453884" lon="7.82433935">
<ele>267.72513</ele>
<time>2026-05-08T08:06:56Z</time>
</trkpt>
<trkpt lat="45.54429736" lon="7.82440762">
<ele>267.1544</ele>
<time>2026-05-08T08:06:57Z</time>
</trkpt>
<trkpt lat="45.54406515" lon="7.82448639">
<ele>266.56778</ele>
<time>2026-05-08T08:06:58Z</time>
</trkpt>
<trkpt lat="45.54383867" lon="7.82458634">
<ele>266.06046</ele>
<time>2026-05-08T08:06:59Z</time>
</trkpt>
<trkpt lat="45.54360923" lon="7.82470809">
<ele>265.58484</ele>
<time>2026-05-08T08:07:00Z</time>
</trkpt>
<trkpt lat="45.54338326" lon="7.8248439">
<ele>265.1409</ele>
<time>2026-05-08T08:07:01Z</time>
</trkpt>
<trkpt lat="45.54316355" lon="7.82499719">
<ele>264.7393</ele>
<time>2026-05-08T08:07:02Z</time>
</trkpt>
<trkpt lat="45.5429545" lon="7.82515983">
<ele>264.3588</ele>
<time>2026-05-08T08:07:03Z</time>
</trkpt>
<trkpt lat="45.54274651" lon="7.82533804">
<ele>263.9783</ele>
<time>2026-05-08T08:07:04Z</time>
</trkpt>
<trkpt lat="45.5425386" lon="7.82552836">
<ele>263.61365</ele>
<time>2026-05-08T08:07:05Z</time>
</trkpt>
<trkpt lat="45.54232746" lon="7.82572351">
<ele>263.32828</ele>
<time>2026-05-08T08:07:06Z</time>
</trkpt>
<trkpt lat="45.54211717" lon="7.82591679">
<ele>263.05878</ele>
<time>2026-05-08T08:07:07Z</time>
</trkpt>
<trkpt lat="45.54190401" lon="7.82610972">
<ele>262.83154</ele>
<time>2026-05-08T08:07:08Z</time>
</trkpt>
<trkpt lat="45.54168847" lon="7.82630357">
<ele>262.6307</ele>
<time>2026-05-08T08:07:09Z</time>
</trkpt>
<trkpt lat="45.54147657" lon="7.82650034">
<ele>262.4722</ele>
<time>2026-05-08T08:07:10Z</time>
</trkpt>
<trkpt lat="45.5412623" lon="7.82670586">
<ele>262.31363</ele>
<time>2026-05-08T08:07:11Z</time>
</trkpt>
<trkpt lat="45.54105012" lon="7.82691045">
<ele>262.1974</ele>
<time>2026-05-08T08:07:12Z</time>
</trkpt>
<trkpt lat="45.54083709" lon="7.82710487">
<ele>262.09167</ele>
<time>2026-05-08T08:07:13Z</time>
</trkpt>
<trkpt lat="45.5406284" lon="7.82730424">
<ele>261.986</ele>
<time>2026-05-08T08:07:14Z</time>
</trkpt>
<trkpt lat="45.54041177" lon="7.8275046">
<ele>261.9173</ele>
<time>2026-05-08T08:07:15Z</time>
</trkpt>
<trkpt lat="45.5401887" lon="7.82769835">
<ele>261.86444</ele>
<time>2026-05-08T08:07:16Z</time>
</trkpt>
<trkpt lat="45.53996205" lon="7.82788706">
<ele>261.81158</ele>
<time>2026-05-08T08:07:17Z</time>
</trkpt>
<trkpt lat="45.53973464" lon="7.82807421">
<ele>261.75345</ele>
<time>2026-05-08T08:07:18Z</time>
</trkpt>
<trkpt lat="45.53950975" lon="7.82824544">
<ele>261.64777</ele>
<time>2026-05-08T08:07:19Z</time>
</trkpt>
<trkpt lat="45.53928027" lon="7.82840445">
<ele>261.55795</ele>
<time>2026-05-08T08:07:20Z</time>
</trkpt>
<trkpt lat="45.53904662" lon="7.82854928">
<ele>261.52094</ele>
<time>2026-05-08T08:07:21Z</time>
</trkpt>
<trkpt lat="45.53881256" lon="7.82868408">
<ele>261.51566</ele>
<time>2026-05-08T08:07:22Z</time>
</trkpt>
<trkpt lat="45.53857896" lon="7.82879982">
<ele>261.54736</ele>
<time>2026-05-08T08:07:23Z</time>
</trkpt>
<trkpt lat="45.53833838" lon="7.82891101">
<ele>261.6055</ele>
<time>2026-05-08T08:07:24Z</time>
</trkpt>
<trkpt lat="45.53809668" lon="7.8290129">
<ele>261.72174</ele>
<time>2026-05-08T08:07:25Z</time>
</trkpt>
<trkpt lat="45.53785506" lon="7.82910049">
<ele>261.85388</ele>
<time>2026-05-08T08:07:26Z</time>
</trkpt>
<trkpt lat="45.53761463" lon="7.82917665">
<ele>261.9807</ele>
<time>2026-05-08T08:07:27Z</time>
</trkpt>
<trkpt lat="45.53737258" lon="7.82924757">
<ele>262.07584</ele>
<time>2026-05-08T08:07:28Z</time>
</trkpt>
<trkpt lat="45.53713972" lon="7.82930058">
<ele>262.16568</ele>
<time>2026-05-08T08:07:29Z</time>
</trkpt>
<trkpt lat="45.53691315" lon="7.82934896">
<ele>262.20795</ele>
<time>2026-05-08T08:07:30Z</time>
</trkpt>
<trkpt lat="45.53669092" lon="7.82939771">
<ele>262.1921</ele>
<time>2026-05-08T08:07:31Z</time>
</trkpt>
<trkpt lat="45.53647847" lon="7.82945106">
<ele>262.17624</ele>
<time>2026-05-08T08:07:32Z</time>
</trkpt>
<trkpt lat="45.53626619" lon="7.82950241">
<ele>262.14453</ele>
<time>2026-05-08T08:07:33Z</time>
</trkpt>
<trkpt lat="45.53605858" lon="7.82955193">
<ele>262.1181</ele>
<time>2026-05-08T08:07:34Z</time>
</trkpt>
<trkpt lat="45.53585994" lon="7.82958806">
<ele>262.08112</ele>
<time>2026-05-08T08:07:35Z</time>
</trkpt>
<trkpt lat="45.53566255" lon="7.8296328">
<ele>262.05997</ele>
<time>2026-05-08T08:07:36Z</time>
</trkpt>
<trkpt lat="45.53545928" lon="7.82967677">
<ele>262.03882</ele>
<time>2026-05-08T08:07:37Z</time>
</trkpt>
<trkpt lat="45.53525631" lon="7.82972077">
<ele>261.99655</ele>
<time>2026-05-08T08:07:38Z</time>
</trkpt>
<trkpt lat="45.53505155" lon="7.82976493">
<ele>261.99655</ele>
<time>2026-05-08T08:07:39Z</time>
</trkpt>
<trkpt lat="45.53484688" lon="7.82981029">
<ele>262.06525</ele>
<time>2026-05-08T08:07:40Z</time>
</trkpt>
<trkpt lat="45.53465612" lon="7.82985892">
<ele>262.03354</ele>
<time>2026-05-08T08:07:41Z</time>
</trkpt>
<trkpt lat="45.53447097" lon="7.82990941">
<ele>262.03354</ele>
<time>2026-05-08T08:07:42Z</time>
</trkpt>
<trkpt lat="45.53428356" lon="7.82996849">
<ele>262.0864</ele>
<time>2026-05-08T08:07:43Z</time>
</trkpt>
<trkpt lat="45.53409253" lon="7.83003285">
<ele>262.12338</ele>
<time>2026-05-08T08:07:44Z</time>
</trkpt>
<trkpt lat="45.53391243" lon="7.83010788">
<ele>262.21854</ele>
<time>2026-05-08T08:07:45Z</time>
</trkpt>
<trkpt lat="45.5337364" lon="7.83018015">
<ele>262.3295</ele>
<time>2026-05-08T08:07:46Z</time>
</trkpt>
<trkpt lat="45.5335481" lon="7.83026481">
<ele>262.43518</ele>
<time>2026-05-08T08:07:47Z</time>
</trkpt>
<trkpt lat="45.53336584" lon="7.83035492">
<ele>262.636</ele>
<time>2026-05-08T08:07:48Z</time>
</trkpt>
<trkpt lat="45.53318544" lon="7.83045077">
<ele>262.82098</ele>
<time>2026-05-08T08:07:49Z</time>
</trkpt>
<trkpt lat="45.52758186" lon="7.83350798">
<ele>269.41092</ele>
<time>2026-05-08T08:08:15Z</time>
</trkpt>
<trkpt lat="45.52739074" lon="7.83357196">
<ele>269.33163</ele>
<time>2026-05-08T08:08:16Z</time>
</trkpt>
<trkpt lat="45.52715193" lon="7.83371274">
<ele>269.18893</ele>
<time>2026-05-08T08:08:17Z</time>
</trkpt>
<trkpt lat="45.52691863" lon="7.83378872">
<ele>268.9723</ele>
<time>2026-05-08T08:08:18Z</time>
</trkpt>
<trkpt lat="45.52666369" lon="7.8338611">
<ele>268.74506</ele>
<time>2026-05-08T08:08:19Z</time>
</trkpt>
<trkpt lat="45.5264073" lon="7.83394169">
<ele>268.4227</ele>
<time>2026-05-08T08:08:20Z</time>
</trkpt>
<trkpt lat="45.52613198" lon="7.83401368">
<ele>268.0792</ele>
<time>2026-05-08T08:08:21Z</time>
</trkpt>
<trkpt lat="45.52587949" lon="7.83409609">
<ele>267.68283</ele>
<time>2026-05-08T08:08:22Z</time>
</trkpt>
<trkpt lat="45.52563523" lon="7.83410558">
<ele>267.29178</ele>
<time>2026-05-08T08:08:23Z</time>
</trkpt>
<trkpt lat="45.52538667" lon="7.83415297">
<ele>266.84787</ele>
<time>2026-05-08T08:08:24Z</time>
</trkpt>
<trkpt lat="45.52512765" lon="7.83417942">
<ele>266.40393</ele>
<time>2026-05-08T08:08:25Z</time>
</trkpt>
<trkpt lat="45.52486961" lon="7.83419836">
<ele>265.93362</ele>
<time>2026-05-08T08:08:26Z</time>
</trkpt>
<trkpt lat="45.52460327" lon="7.83422235">
<ele>265.41043</ele>
<time>2026-05-08T08:08:27Z</time>
</trkpt>
<trkpt lat="45.52433491" lon="7.83425612">
<ele>264.8714</ele>
<time>2026-05-08T08:08:28Z</time>
</trkpt>
<trkpt lat="45.52408027" lon="7.83426362">
<ele>264.33237</ele>
<time>2026-05-08T08:08:29Z</time>
</trkpt>
<trkpt lat="45.52380634" lon="7.83429311">
<ele>263.7669</ele>
<time>2026-05-08T08:08:30Z</time>
</trkpt>
<trkpt lat="45.52353676" lon="7.83431377">
<ele>263.17505</ele>
<time>2026-05-08T08:08:31Z</time>
</trkpt>
<trkpt lat="45.52325659" lon="7.83434606">
<ele>262.57788</ele>
<time>2026-05-08T08:08:32Z</time>
</trkpt>
<trkpt lat="45.52298981" lon="7.83437516">
<ele>261.95428</ele>
<time>2026-05-08T08:08:33Z</time>
</trkpt>
<trkpt lat="45.52271304" lon="7.8344082">
<ele>261.34128</ele>
<time>2026-05-08T08:08:34Z</time>
</trkpt>
<trkpt lat="45.52242634" lon="7.83443572">
<ele>260.73883</ele>
<time>2026-05-08T08:08:35Z</time>
</trkpt>
<trkpt lat="45.52214067" lon="7.83446553">
<ele>260.17865</ele>
<time>2026-05-08T08:08:36Z</time>
</trkpt>
<trkpt lat="45.52184794" lon="7.83450295">
<ele>259.66077</ele>
<time>2026-05-08T08:08:37Z</time>
</trkpt>
<trkpt lat="45.52156014" lon="7.83453634">
<ele>259.11115</ele>
<time>2026-05-08T08:08:38Z</time>
</trkpt>
<trkpt lat="45.52127537" lon="7.83455512">
<ele>258.61438</ele>
<time>2026-05-08T08:08:39Z</time>
</trkpt>
<trkpt lat="45.52098281" lon="7.83458824">
<ele>258.1388</ele>
<time>2026-05-08T08:08:40Z</time>
</trkpt>
<trkpt lat="45.5206862" lon="7.83462834">
<ele>257.72656</ele>
<time>2026-05-08T08:08:41Z</time>
</trkpt>
<trkpt lat="45.52039209" lon="7.8346601">
<ele>257.34607</ele>
<time>2026-05-08T08:08:42Z</time>
</trkpt>
<trkpt lat="45.52009228" lon="7.83469655">
<ele>256.97617</ele>
<time>2026-05-08T08:08:43Z</time>
</trkpt>
<trkpt lat="45.51979909" lon="7.83472906">
<ele>256.63266</ele>
<time>2026-05-08T08:08:44Z</time>
</trkpt>
<trkpt lat="45.51949853" lon="7.83476085">
<ele>256.3473</ele>
<time>2026-05-08T08:08:45Z</time>
</trkpt>
<trkpt lat="45.51919807" lon="7.83479051">
<ele>256.0989</ele>
<time>2026-05-08T08:08:46Z</time>
</trkpt>
<trkpt lat="45.51890878" lon="7.83481066">
<ele>255.8611</ele>
<time>2026-05-08T08:08:47Z</time>
</trkpt>
<trkpt lat="45.51861137" lon="7.83482333">
<ele>255.59688</ele>
<time>2026-05-08T08:08:48Z</time>
</trkpt>
<trkpt lat="45.51831481" lon="7.83482165">
<ele>255.3432</ele>
<time>2026-05-08T08:08:49Z</time>
</trkpt>
<trkpt lat="45.51801571" lon="7.83480649">
<ele>255.08954</ele>
<time>2026-05-08T08:08:50Z</time>
</trkpt>
<trkpt lat="45.5177184" lon="7.83478688">
<ele>254.84116</ele>
<time>2026-05-08T08:08:51Z</time>
</trkpt>
<trkpt lat="45.51741962" lon="7.83474425">
<ele>254.6245</ele>
<time>2026-05-08T08:08:52Z</time>
</trkpt>
<trkpt lat="45.51712484" lon="7.83468602">
<ele>254.43425</ele>
<time>2026-05-08T08:08:53Z</time>
</trkpt>
<trkpt lat="45.51683594" lon="7.83461574">
<ele>254.25458</ele>
<time>2026-05-08T08:08:54Z</time>
</trkpt>
<trkpt lat="45.51654403" lon="7.83454002">
<ele>254.08546</ele>
<time>2026-05-08T08:08:55Z</time>
</trkpt>
<trkpt lat="45.51625169" lon="7.83446377">
<ele>253.9375</ele>
<time>2026-05-08T08:08:56Z</time>
</trkpt>
<trkpt lat="45.51596229" lon="7.83438734">
<ele>253.80537</ele>
<time>2026-05-08T08:08:57Z</time>
</trkpt>
<trkpt lat="45.5156697" lon="7.83431411">
<ele>253.71553</ele>
<time>2026-05-08T08:08:58Z</time>
</trkpt>
<trkpt lat="45.51537716" lon="7.83424525">
<ele>253.58871</ele>
<time>2026-05-08T08:08:59Z</time>
</trkpt>
<trkpt lat="45.51508735" lon="7.83417207">
<ele>253.43544</ele>
<time>2026-05-08T08:09:00Z</time>
</trkpt>
<trkpt lat="45.51479958" lon="7.83409034">
<ele>253.25049</ele>
<time>2026-05-08T08:09:01Z</time>
</trkpt>
<trkpt lat="45.51450219" lon="7.83401701">
<ele>253.11836</ele>
<time>2026-05-08T08:09:02Z</time>
</trkpt>
<trkpt lat="45.51421148" lon="7.83394326">
<ele>252.96512</ele>
<time>2026-05-08T08:09:03Z</time>
</trkpt>
<trkpt lat="45.51391969" lon="7.83386992">
<ele>252.82771</ele>
<time>2026-05-08T08:09:04Z</time>
</trkpt>
<trkpt lat="45.51362647" lon="7.83379809">
<ele>252.66388</ele>
<time>2026-05-08T08:09:05Z</time>
</trkpt>
<trkpt lat="45.51333346" lon="7.83372117">
<ele>252.53178</ele>
<time>2026-05-08T08:09:06Z</time>
</trkpt>
<trkpt lat="45.51304148" lon="7.83364923">
<ele>252.38379</ele>
<time>2026-05-08T08:09:07Z</time>
</trkpt>
<trkpt lat="45.51274977" lon="7.83358134">
<ele>252.26753</ele>
<time>2026-05-08T08:09:08Z</time>
</trkpt>
<trkpt lat="45.51245777" lon="7.83350412">
<ele>252.146</ele>
<time>2026-05-08T08:09:09Z</time>
</trkpt>
<trkpt lat="45.5121667" lon="7.83343026">
<ele>252.01389</ele>
<time>2026-05-08T08:09:10Z</time>
</trkpt>
<trkpt lat="45.51187372" lon="7.83335414">
<ele>251.90291</ele>
<time>2026-05-08T08:09:11Z</time>
</trkpt>
<trkpt lat="45.51157758" lon="7.83328206">
<ele>251.7655</ele>
<time>2026-05-08T08:09:12Z</time>
</trkpt>
<trkpt lat="45.51128826" lon="7.8332061">
<ele>251.65453</ele>
<time>2026-05-08T08:09:13Z</time>
</trkpt>
<trkpt lat="45.51099703" lon="7.8331317">
<ele>251.50127</ele>
<time>2026-05-08T08:09:14Z</time>
</trkpt>
<trkpt lat="45.51070793" lon="7.8330528">
<ele>251.33217</ele>
<time>2026-05-08T08:09:15Z</time>
</trkpt>
<trkpt lat="45.51041634" lon="7.83298512">
<ele>251.19476</ele>
<time>2026-05-08T08:09:16Z</time>
</trkpt>
<trkpt lat="45.51013211" lon="7.83291127">
<ele>251.06264</ele>
<time>2026-05-08T08:09:17Z</time>
</trkpt>
<trkpt lat="45.5098324" lon="7.83283375">
<ele>250.93053</ele>
<time>2026-05-08T08:09:18Z</time>
</trkpt>
<trkpt lat="45.50953379" lon="7.83275698">
<ele>250.7984</ele>
<time>2026-05-08T08:09:19Z</time>
</trkpt>
<trkpt lat="45.50925093" lon="7.83268502">
<ele>250.67159</ele>
<time>2026-05-08T08:09:20Z</time>
</trkpt>
<trkpt lat="45.5089597" lon="7.83261361">
<ele>250.5289</ele>
<time>2026-05-08T08:09:21Z</time>
</trkpt>
<trkpt lat="45.50867134" lon="7.83254855">
<ele>250.3915</ele>
<time>2026-05-08T08:09:22Z</time>
</trkpt>
<trkpt lat="45.50837864" lon="7.83247949">
<ele>250.25409</ele>
<time>2026-05-08T08:09:23Z</time>
</trkpt>
<trkpt lat="45.50808927" lon="7.83240894">
<ele>250.10612</ele>
<time>2026-05-08T08:09:24Z</time>
</trkpt>
<trkpt lat="45.50778801" lon="7.83234067">
<ele>250.01628</ele>
<time>2026-05-08T08:09:25Z</time>
</trkpt>
<trkpt lat="45.50749655" lon="7.83227515">
<ele>249.93701</ele>
<time>2026-05-08T08:09:26Z</time>
</trkpt>
<trkpt lat="45.50720375" lon="7.83221692">
<ele>249.92645</ele>
<time>2026-05-08T08:09:27Z</time>
</trkpt>
<trkpt lat="45.50690681" lon="7.83216037">
<ele>249.86832</ele>
<time>2026-05-08T08:09:28Z</time>
</trkpt>
<trkpt lat="45.5066058" lon="7.83211795">
<ele>249.8049</ele>
<time>2026-05-08T08:09:29Z</time>
</trkpt>
<trkpt lat="45.50631426" lon="7.83207611">
<ele>249.68335</ele>
<time>2026-05-08T08:09:30Z</time>
</trkpt>
<trkpt lat="45.50602308" lon="7.83203579">
<ele>249.60938</ele>
<time>2026-05-08T08:09:31Z</time>
</trkpt>
<trkpt lat="45.50573039" lon="7.83200302">
<ele>249.51425</ele>
<time>2026-05-08T08:09:32Z</time>
</trkpt>
<trkpt lat="45.50543931" lon="7.83196552">
<ele>249.41383</ele>
<time>2026-05-08T08:09:33Z</time>
</trkpt>
<trkpt lat="45.50513877" lon="7.83192954">
<ele>249.31871</ele>
<time>2026-05-08T08:09:34Z</time>
</trkpt>
<trkpt lat="45.50484673" lon="7.83188951">
<ele>249.20773</ele>
<time>2026-05-08T08:09:35Z</time>
</trkpt>
<trkpt lat="45.50455537" lon="7.83185392">
<ele>249.07562</ele>
<time>2026-05-08T08:09:36Z</time>
</trkpt>
<trkpt lat="45.50426138" lon="7.83181947">
<ele>248.95935</ele>
<time>2026-05-08T08:09:37Z</time>
</trkpt>
<trkpt lat="45.5039721" lon="7.83178137">
<ele>248.8061</ele>
<time>2026-05-08T08:09:38Z</time>
</trkpt>
<trkpt lat="45.50367577" lon="7.83174682">
<ele>248.67926</ele>
<time>2026-05-08T08:09:39Z</time>
</trkpt>
<trkpt lat="45.50337516" lon="7.83171001">
<ele>248.61584</ele>
<time>2026-05-08T08:09:40Z</time>
</trkpt>
<trkpt lat="45.50308171" lon="7.8316724">
<ele>248.60529</ele>
<time>2026-05-08T08:09:41Z</time>
</trkpt>
<trkpt lat="45.50278016" lon="7.83163186">
<ele>248.63171</ele>
<time>2026-05-08T08:09:42Z</time>
</trkpt>
<trkpt lat="45.50248259" lon="7.83159497">
<ele>248.73212</ele>
<time>2026-05-08T08:09:43Z</time>
</trkpt>
<trkpt lat="45.5021868" lon="7.83155564">
<ele>248.8748</ele>
<time>2026-05-08T08:09:44Z</time>
</trkpt>
<trkpt lat="45.50189013" lon="7.83151873">
<ele>249.06505</ele>
<time>2026-05-08T08:09:45Z</time>
</trkpt>
<trkpt lat="45.50159703" lon="7.83147005">
<ele>249.27115</ele>
<time>2026-05-08T08:09:46Z</time>
</trkpt>
<trkpt lat="45.50130344" lon="7.83143126">
<ele>249.47725</ele>
<time>2026-05-08T08:09:47Z</time>
</trkpt>
<trkpt lat="45.50100463" lon="7.8313953">
<ele>249.67807</ele>
<time>2026-05-08T08:09:48Z</time>
</trkpt>
<trkpt lat="45.50070952" lon="7.8313581">
<ele>249.84717</ele>
<time>2026-05-08T08:09:49Z</time>
</trkpt>
<trkpt lat="45.50041605" lon="7.83133052">
<ele>250.00572</ele>
<time>2026-05-08T08:09:50Z</time>
</trkpt>
<trkpt lat="45.50011888" lon="7.83129966">
<ele>250.19067</ele>
<time>2026-05-08T08:09:51Z</time>
</trkpt>
<trkpt lat="45.49982795" lon="7.83125843">
<ele>250.33336</ele>
<time>2026-05-08T08:09:52Z</time>
</trkpt>
<trkpt lat="45.49953076" lon="7.83122077">
<ele>250.47604</ele>
<time>2026-05-08T08:09:53Z</time>
</trkpt>
<trkpt lat="45.49923598" lon="7.83117783">
<ele>250.60817</ele>
<time>2026-05-08T08:09:54Z</time>
</trkpt>
<trkpt lat="45.4989424" lon="7.83113644">
<ele>250.735</ele>
<time>2026-05-08T08:09:55Z</time>
</trkpt>
<trkpt lat="45.49864787" lon="7.83110298">
<ele>250.8724</ele>
<time>2026-05-08T08:09:56Z</time>
</trkpt>
<trkpt lat="45.49835454" lon="7.83106589">
<ele>250.94109</ele>
<time>2026-05-08T08:09:57Z</time>
</trkpt>
<trkpt lat="45.49806338" lon="7.83102523">
<ele>250.99394</ele>
<time>2026-05-08T08:09:58Z</time>
</trkpt>
<trkpt lat="45.49777046" lon="7.83099595">
<ele>251.0415</ele>
<time>2026-05-08T08:09:59Z</time>
</trkpt>
<trkpt lat="45.49747595" lon="7.83096299">
<ele>251.08907</ele>
<time>2026-05-08T08:10:00Z</time>
</trkpt>
<trkpt lat="45.49717808" lon="7.83092466">
<ele>251.10492</ele>
<time>2026-05-08T08:10:01Z</time>
</trkpt>
<trkpt lat="45.49689099" lon="7.83088472">
<ele>251.13135</ele>
<time>2026-05-08T08:10:02Z</time>
</trkpt>
<trkpt lat="45.49659623" lon="7.83084546">
<ele>251.15248</ele>
<time>2026-05-08T08:10:03Z</time>
</trkpt>
<trkpt lat="45.49630112" lon="7.83081672">
<ele>251.17361</ele>
<time>2026-05-08T08:10:04Z</time>
</trkpt>
<trkpt lat="45.49600953" lon="7.83078029">
<ele>251.16833</ele>
<time>2026-05-08T08:10:05Z</time>
</trkpt>
<trkpt lat="45.49571889" lon="7.83073587">
<ele>251.20532</ele>
<time>2026-05-08T08:10:06Z</time>
</trkpt>
<trkpt lat="45.49542959" lon="7.83069171">
<ele>251.22647</ele>
<time>2026-05-08T08:10:07Z</time>
</trkpt>
<trkpt lat="45.49513986" lon="7.83065932">
<ele>251.2159</ele>
<time>2026-05-08T08:10:08Z</time>
</trkpt>
<trkpt lat="45.49484785" lon="7.83062462">
<ele>251.2159</ele>
<time>2026-05-08T08:10:09Z</time>
</trkpt>
<trkpt lat="45.49456578" lon="7.8305928">
<ele>251.20004</ele>
<time>2026-05-08T08:10:10Z</time>
</trkpt>
<trkpt lat="45.49427395" lon="7.83055192">
<ele>251.13663</ele>
<time>2026-05-08T08:10:11Z</time>
</trkpt>
<trkpt lat="45.49399096" lon="7.83051168">
<ele>251.02565</ele>
<time>2026-05-08T08:10:12Z</time>
</trkpt>
<trkpt lat="45.49370111" lon="7.83047155">
<ele>250.88824</ele>
<time>2026-05-08T08:10:13Z</time>
</trkpt>
<trkpt lat="45.49341247" lon="7.83043575">
<ele>250.72443</ele>
<time>2026-05-08T08:10:14Z</time>
</trkpt>
<trkpt lat="45.49312888" lon="7.83039837">
<ele>250.44963</ele>
<time>2026-05-08T08:10:15Z</time>
</trkpt>
<trkpt lat="45.4928415" lon="7.83036388">
<ele>250.18011</ele>
<time>2026-05-08T08:10:16Z</time>
</trkpt>
<trkpt lat="45.49256689" lon="7.83032619">
<ele>249.88947</ele>
<time>2026-05-08T08:10:17Z</time>
</trkpt>
<trkpt lat="45.49227989" lon="7.83030017">
<ele>249.55124</ele>
<time>2026-05-08T08:10:18Z</time>
</trkpt>
<trkpt lat="45.49199827" lon="7.83027848">
<ele>249.20245</ele>
<time>2026-05-08T08:10:19Z</time>
</trkpt>
<trkpt lat="45.49172138" lon="7.8302638">
<ele>248.83781</ele>
<time>2026-05-08T08:10:20Z</time>
</trkpt>
<trkpt lat="45.49143702" lon="7.83025363">
<ele>248.42032</ele>
<time>2026-05-08T08:10:21Z</time>
</trkpt>
<trkpt lat="45.49115452" lon="7.83025623">
<ele>247.97113</ele>
<time>2026-05-08T08:10:22Z</time>
</trkpt>
<trkpt lat="45.4908736" lon="7.83026399">
<ele>247.5378</ele>
<time>2026-05-08T08:10:23Z</time>
</trkpt>
<trkpt lat="45.49059363" lon="7.83027505">
<ele>247.07803</ele>
<time>2026-05-08T08:10:24Z</time>
</trkpt>
<trkpt lat="45.49031042" lon="7.83029269">
<ele>246.60768</ele>
<time>2026-05-08T08:10:25Z</time>
</trkpt>
<trkpt lat="45.49002773" lon="7.83032265">
<ele>246.13736</ele>
<time>2026-05-08T08:10:26Z</time>
</trkpt>
<trkpt lat="45.48974683" lon="7.8303565">
<ele>245.73573</ele>
<time>2026-05-08T08:10:27Z</time>
</trkpt>
<trkpt lat="45.48946519" lon="7.8303991">
<ele>245.37637</ele>
<time>2026-05-08T08:10:28Z</time>
</trkpt>
<trkpt lat="45.48918165" lon="7.83045242">
<ele>245.01701</ele>
<time>2026-05-08T08:10:29Z</time>
</trkpt>
<trkpt lat="45.48890579" lon="7.83050184">
<ele>244.68408</ele>
<time>2026-05-08T08:10:30Z</time>
</trkpt>
<trkpt lat="45.48863202" lon="7.83055395">
<ele>244.39871</ele>
<time>2026-05-08T08:10:31Z</time>
</trkpt>
<trkpt lat="45.48835718" lon="7.83062703">
<ele>244.13448</ele>
<time>2026-05-08T08:10:32Z</time>
</trkpt>
<trkpt lat="45.48808287" lon="7.83069891">
<ele>243.86497</ele>
<time>2026-05-08T08:10:33Z</time>
</trkpt>
<trkpt lat="45.48781322" lon="7.83076837">
<ele>243.6166</ele>
<time>2026-05-08T08:10:34Z</time>
</trkpt>
<trkpt lat="45.48753499" lon="7.83084267">
<ele>243.36292</ele>
<time>2026-05-08T08:10:35Z</time>
</trkpt>
<trkpt lat="45.48725806" lon="7.83093127">
<ele>243.14626</ele>
<time>2026-05-08T08:10:36Z</time>
</trkpt>
<trkpt lat="45.48698999" lon="7.83102593">
<ele>242.91902</ele>
<time>2026-05-08T08:10:37Z</time>
</trkpt>
<trkpt lat="45.48671706" lon="7.8311308">
<ele>242.70763</ele>
<time>2026-05-08T08:10:38Z</time>
</trkpt>
<trkpt lat="45.48644771" lon="7.83123637">
<ele>242.49625</ele>
<time>2026-05-08T08:10:39Z</time>
</trkpt>
<trkpt lat="45.48617908" lon="7.83134283">
<ele>242.3113</ele>
<time>2026-05-08T08:10:40Z</time>
</trkpt>
<trkpt lat="45.48591327" lon="7.83145764">
<ele>242.11047</ele>
<time>2026-05-08T08:10:41Z</time>
</trkpt>
<trkpt lat="45.48565541" lon="7.83158067">
<ele>241.97835</ele>
<time>2026-05-08T08:10:42Z</time>
</trkpt>
<trkpt lat="45.4853934" lon="7.83171754">
<ele>241.9255</ele>
<time>2026-05-08T08:10:43Z</time>
</trkpt>
<trkpt lat="45.48512612" lon="7.83186575">
<ele>241.90965</ele>
<time>2026-05-08T08:10:44Z</time>
</trkpt>
<trkpt lat="45.48485347" lon="7.83202369">
<ele>241.90436</ele>
<time>2026-05-08T08:10:45Z</time>
</trkpt>
<trkpt lat="45.48457842" lon="7.83218924">
<ele>241.89908</ele>
<time>2026-05-08T08:10:46Z</time>
</trkpt>
<trkpt lat="45.48430039" lon="7.83236131">
<ele>241.93079</ele>
<time>2026-05-08T08:10:47Z</time>
</trkpt>
<trkpt lat="45.48402799" lon="7.83253558">
<ele>241.95192</ele>
<time>2026-05-08T08:10:48Z</time>
</trkpt>
<trkpt lat="45.48376271" lon="7.83270614">
<ele>241.9572</ele>
<time>2026-05-08T08:10:49Z</time>
</trkpt>
<trkpt lat="45.4834963" lon="7.83288972">
<ele>241.97307</ele>
<time>2026-05-08T08:10:50Z</time>
</trkpt>
<trkpt lat="45.48322766" lon="7.83307452">
<ele>241.95192</ele>
<time>2026-05-08T08:10:51Z</time>
</trkpt>
<trkpt lat="45.48296046" lon="7.8332724">
<ele>241.95192</ele>
<time>2026-05-08T08:10:52Z</time>
</trkpt>
<trkpt lat="45.48269859" lon="7.83347624">
<ele>241.88852</ele>
<time>2026-05-08T08:10:53Z</time>
</trkpt>
<trkpt lat="45.48244056" lon="7.83368635">
<ele>241.8251</ele>
<time>2026-05-08T08:10:54Z</time>
</trkpt>
<trkpt lat="45.48218155" lon="7.83389577">
<ele>241.77753</ele>
<time>2026-05-08T08:10:55Z</time>
</trkpt>
<trkpt lat="45.48192817" lon="7.83411903">
<ele>241.70882</ele>
<time>2026-05-08T08:10:56Z</time>
</trkpt>
<trkpt lat="45.48167783" lon="7.83434019">
<ele>241.66127</ele>
<time>2026-05-08T08:10:57Z</time>
</trkpt>
<trkpt lat="45.48142932" lon="7.8345652">
<ele>241.59256</ele>
<time>2026-05-08T08:10:58Z</time>
</trkpt>
<trkpt lat="45.48117798" lon="7.83479323">
<ele>241.50803</ele>
<time>2026-05-08T08:10:59Z</time>
</trkpt>
<trkpt lat="45.48092754" lon="7.8350149">
<ele>241.44989</ele>
<time>2026-05-08T08:11:00Z</time>
</trkpt>
<trkpt lat="45.48067719" lon="7.835245">
<ele>241.33363</ele>
<time>2026-05-08T08:11:01Z</time>
</trkpt>
<trkpt lat="45.480426" lon="7.83547268">
<ele>241.26492</ele>
<time>2026-05-08T08:11:02Z</time>
</trkpt>
<trkpt lat="45.4801768" lon="7.83569024">
<ele>241.21735</ele>
<time>2026-05-08T08:11:03Z</time>
</trkpt>
<trkpt lat="45.47992185" lon="7.83591097">
<ele>241.1328</ele>
<time>2026-05-08T08:11:04Z</time>
</trkpt>
<trkpt lat="45.47967696" lon="7.8361372">
<ele>241.02711</ele>
<time>2026-05-08T08:11:05Z</time>
</trkpt>
<trkpt lat="45.47942629" lon="7.83635552">
<ele>240.91086</ele>
<time>2026-05-08T08:11:06Z</time>
</trkpt>
<trkpt lat="45.47917714" lon="7.83657888">
<ele>240.81044</ele>
<time>2026-05-08T08:11:07Z</time>
</trkpt>
<trkpt lat="45.47892264" lon="7.83679863">
<ele>240.68889</ele>
<time>2026-05-08T08:11:08Z</time>
</trkpt>
<trkpt lat="45.47866849" lon="7.83702296">
<ele>240.63077</ele>
<time>2026-05-08T08:11:09Z</time>
</trkpt>
<trkpt lat="45.47841687" lon="7.83724956">
<ele>240.52507</ele>
<time>2026-05-08T08:11:10Z</time>
</trkpt>
<trkpt lat="45.47816351" lon="7.83747341">
<ele>240.40881</ele>
<time>2026-05-08T08:11:11Z</time>
</trkpt>
<trkpt lat="45.4779113" lon="7.83769353">
<ele>240.40881</ele>
<time>2026-05-08T08:11:12Z</time>
</trkpt>
<trkpt lat="45.47766232" lon="7.83792647">
<ele>240.41939</ele>
<time>2026-05-08T08:11:13Z</time>
</trkpt>
<trkpt lat="45.47740671" lon="7.83815483">
<ele>240.46165</ele>
<time>2026-05-08T08:11:14Z</time>
</trkpt>
<trkpt lat="45.4771568" lon="7.83838078">
<ele>240.57263</ele>
<time>2026-05-08T08:11:15Z</time>
</trkpt>
<trkpt lat="45.47691473" lon="7.83859782">
<ele>240.5885</ele>
<time>2026-05-08T08:11:16Z</time>
</trkpt>
<trkpt lat="45.47666642" lon="7.83882312">
<ele>240.52507</ele>
<time>2026-05-08T08:11:17Z</time>
</trkpt>
<trkpt lat="45.47641659" lon="7.83904894">
<ele>240.42467</ele>
<time>2026-05-08T08:11:18Z</time>
</trkpt>
<trkpt lat="45.47616431" lon="7.83927287">
<ele>240.32953</ele>
<time>2026-05-08T08:11:19Z</time>
</trkpt>
<trkpt lat="45.47591327" lon="7.83949884">
<ele>240.2767</ele>
<time>2026-05-08T08:11:20Z</time>
</trkpt>
<trkpt lat="45.47566284" lon="7.83972158">
<ele>240.17628</ele>
<time>2026-05-08T08:11:21Z</time>
</trkpt>
<trkpt lat="45.47541543" lon="7.83994424">
<ele>240.12343</ele>
<time>2026-05-08T08:11:22Z</time>
</trkpt>
<trkpt lat="45.47516399" lon="7.84016548">
<ele>240.05473</ele>
<time>2026-05-08T08:11:23Z</time>
</trkpt>
<trkpt lat="45.47490839" lon="7.84039181">
<ele>240.00189</ele>
<time>2026-05-08T08:11:24Z</time>
</trkpt>
<trkpt lat="45.47466125" lon="7.84061877">
<ele>239.95435</ele>
<time>2026-05-08T08:11:25Z</time>
</trkpt>
<trkpt lat="45.4744095" lon="7.84084982">
<ele>239.91734</ele>
<time>2026-05-08T08:11:26Z</time>
</trkpt>
<trkpt lat="45.47416021" lon="7.8410785">
<ele>239.86977</ele>
<time>2026-05-08T08:11:27Z</time>
</trkpt>
<trkpt lat="45.47390572" lon="7.84129747">
<ele>239.86977</ele>
<time>2026-05-08T08:11:28Z</time>
</trkpt>
<trkpt lat="45.47365733" lon="7.84151924">
<ele>239.83806</ele>
<time>2026-05-08T08:11:29Z</time>
</trkpt>
<trkpt lat="45.47340883" lon="7.84173745">
<ele>239.83806</ele>
<time>2026-05-08T08:11:30Z</time>
</trkpt>
<trkpt lat="45.47315516" lon="7.84196704">
<ele>239.83806</ele>
<time>2026-05-08T08:11:31Z</time>
</trkpt>
<trkpt lat="45.47290401" lon="7.84219548">
<ele>239.78523</ele>
<time>2026-05-08T08:11:32Z</time>
</trkpt>
<trkpt lat="45.47265667" lon="7.84241918">
<ele>239.79579</ele>
<time>2026-05-08T08:11:33Z</time>
</trkpt>
<trkpt lat="45.47240512" lon="7.84264283">
<ele>239.76408</ele>
<time>2026-05-08T08:11:34Z</time>
</trkpt>
<trkpt lat="45.47215374" lon="7.84287283">
<ele>239.76408</ele>
<time>2026-05-08T08:11:35Z</time>
</trkpt>
<trkpt lat="45.47189758" lon="7.84309861">
<ele>239.77466</ele>
<time>2026-05-08T08:11:36Z</time>
</trkpt>
<trkpt lat="45.4716511" lon="7.84330997">
<ele>239.75351</ele>
<time>2026-05-08T08:11:37Z</time>
</trkpt>
<trkpt lat="45.4713971" lon="7.8435357">
<ele>239.70596</ele>
<time>2026-05-08T08:11:38Z</time>
</trkpt>
<trkpt lat="45.47114334" lon="7.84376392">
<ele>239.64255</ele>
<time>2026-05-08T08:11:39Z</time>
</trkpt>
<trkpt lat="45.47089261" lon="7.84398515">
<ele>239.62668</ele>
<time>2026-05-08T08:11:40Z</time>
</trkpt>
<trkpt lat="45.47064018" lon="7.8442083">
<ele>239.57912</ele>
<time>2026-05-08T08:11:41Z</time>
</trkpt>
<trkpt lat="45.47039196" lon="7.84443504">
<ele>239.48927</ele>
<time>2026-05-08T08:11:42Z</time>
</trkpt>
<trkpt lat="45.47014034" lon="7.8446644">
<ele>239.46815</ele>
<time>2026-05-08T08:11:43Z</time>
</trkpt>
<trkpt lat="45.46989107" lon="7.84489176">
<ele>239.42058</ele>
<time>2026-05-08T08:11:44Z</time>
</trkpt>
<trkpt lat="45.46964086" lon="7.84511538">
<ele>239.33603</ele>
<time>2026-05-08T08:11:45Z</time>
</trkpt>
<trkpt lat="45.4693917" lon="7.84533926">
<ele>239.29904</ele>
<time>2026-05-08T08:11:46Z</time>
</trkpt>
<trkpt lat="45.4691422" lon="7.8455621">
<ele>239.2409</ele>
<time>2026-05-08T08:11:47Z</time>
</trkpt>
<trkpt lat="45.46888638" lon="7.84579035">
<ele>239.2145</ele>
<time>2026-05-08T08:11:48Z</time>
</trkpt>
<trkpt lat="45.46863772" lon="7.84601422">
<ele>239.1722</ele>
<time>2026-05-08T08:11:49Z</time>
</trkpt>
<trkpt lat="45.46838079" lon="7.8462476">
<ele>239.1722</ele>
<time>2026-05-08T08:11:50Z</time>
</trkpt>
<trkpt lat="45.46812633" lon="7.84647224">
<ele>239.17749</ele>
<time>2026-05-08T08:11:51Z</time>
</trkpt>
<trkpt lat="45.46787393" lon="7.84668868">
<ele>239.15106</ele>
<time>2026-05-08T08:11:52Z</time>
</trkpt>
<trkpt lat="45.46762036" lon="7.84691661">
<ele>239.1088</ele>
<time>2026-05-08T08:11:53Z</time>
</trkpt>
<trkpt lat="45.46737577" lon="7.84714172">
<ele>239.05594</ele>
<time>2026-05-08T08:11:54Z</time>
</trkpt>
<trkpt lat="45.46712609" lon="7.84736318">
<ele>239.02951</ele>
<time>2026-05-08T08:11:55Z</time>
</trkpt>
<trkpt lat="45.46687475" lon="7.84758423">
<ele>239.01895</ele>
<time>2026-05-08T08:11:56Z</time>
</trkpt>
<trkpt lat="45.46662289" lon="7.84780801">
<ele>238.91325</ele>
<time>2026-05-08T08:11:57Z</time>
</trkpt>
<trkpt lat="45.46637183" lon="7.84803712">
<ele>238.90797</ele>
<time>2026-05-08T08:11:58Z</time>
</trkpt>
<trkpt lat="45.46611719" lon="7.84826407">
<ele>239.15106</ele>
<time>2026-05-08T08:11:59Z</time>
</trkpt>
<trkpt lat="45.46586752" lon="7.84848704">
<ele>239.36246</ele>
<time>2026-05-08T08:12:00Z</time>
</trkpt>
<trkpt lat="45.46561889" lon="7.8487133">
<ele>239.2145</ele>
<time>2026-05-08T08:12:01Z</time>
</trkpt>
<trkpt lat="45.46536932" lon="7.84893902">
<ele>239.15106</ele>
<time>2026-05-08T08:12:02Z</time>
</trkpt>
<trkpt lat="45.46512147" lon="7.84916209">
<ele>239.1035</ele>
<time>2026-05-08T08:12:03Z</time>
</trkpt>
<trkpt lat="45.46487335" lon="7.84938732">
<ele>239.15106</ele>
<time>2026-05-08T08:12:04Z</time>
</trkpt>
<trkpt lat="45.46462128" lon="7.84961428">
<ele>239.33075</ele>
<time>2026-05-08T08:12:05Z</time>
</trkpt>
<trkpt lat="45.46436862" lon="7.84983372">
<ele>239.25148</ele>
<time>2026-05-08T08:12:06Z</time>
</trkpt>
<trkpt lat="45.46412308" lon="7.85005067">
<ele>239.22505</ele>
<time>2026-05-08T08:12:07Z</time>
</trkpt>
<trkpt lat="45.46387435" lon="7.85027795">
<ele>239.28319</ele>
<time>2026-05-08T08:12:08Z</time>
</trkpt>
<trkpt lat="45.4636198" lon="7.85049585">
<ele>239.38358</ele>
<time>2026-05-08T08:12:09Z</time>
</trkpt>
<trkpt lat="45.46337453" lon="7.85071674">
<ele>239.48927</ele>
<time>2026-05-08T08:12:10Z</time>
</trkpt>
<trkpt lat="45.46311864" lon="7.85094611">
<ele>239.58441</ele>
<time>2026-05-08T08:12:11Z</time>
</trkpt>
<trkpt lat="45.46286339" lon="7.85117011">
<ele>239.71124</ele>
<time>2026-05-08T08:12:12Z</time>
</trkpt>
<trkpt lat="45.46261291" lon="7.8513925">
<ele>239.81694</ele>
<time>2026-05-08T08:12:13Z</time>
</trkpt>
<trkpt lat="45.46236553" lon="7.85161925">
<ele>239.94376</ele>
<time>2026-05-08T08:12:14Z</time>
</trkpt>
<trkpt lat="45.46211193" lon="7.85184959">
<ele>240.0653</ele>
<time>2026-05-08T08:12:15Z</time>
</trkpt>
<trkpt lat="45.46186684" lon="7.85207688">
<ele>240.21327</ele>
<time>2026-05-08T08:12:16Z</time>
</trkpt>
<trkpt lat="45.46161423" lon="7.85229911">
<ele>240.33482</ele>
<time>2026-05-08T08:12:17Z</time>
</trkpt>
<trkpt lat="45.4613604" lon="7.85251418">
<ele>240.41939</ele>
<time>2026-05-08T08:12:18Z</time>
</trkpt>
<trkpt lat="45.46110217" lon="7.85271825">
<ele>240.47751</ele>
<time>2026-05-08T08:12:19Z</time>
</trkpt>
<trkpt lat="45.46083187" lon="7.85289734">
<ele>240.49864</ele>
<time>2026-05-08T08:12:20Z</time>
</trkpt>
<trkpt lat="45.46056225" lon="7.85306425">
<ele>240.50394</ele>
<time>2026-05-08T08:12:21Z</time>
</trkpt>
<trkpt lat="45.46028325" lon="7.85321577">
<ele>240.51979</ele>
<time>2026-05-08T08:12:22Z</time>
</trkpt>
<trkpt lat="45.4600058" lon="7.85334262">
<ele>240.46165</ele>
<time>2026-05-08T08:12:23Z</time>
</trkpt>
<trkpt lat="45.45972918" lon="7.8534512">
<ele>240.68361</ele>
<time>2026-05-08T08:12:24Z</time>
</trkpt>
<trkpt lat="45.45943687" lon="7.85353474">
<ele>240.99013</ele>
<time>2026-05-08T08:12:25Z</time>
</trkpt>
<trkpt lat="45.45914797" lon="7.85360089">
<ele>240.79988</ele>
<time>2026-05-08T08:12:26Z</time>
</trkpt>
<trkpt lat="45.45885671" lon="7.85364575">
<ele>240.69418</ele>
<time>2026-05-08T08:12:27Z</time>
</trkpt>
<trkpt lat="45.45856134" lon="7.85366846">
<ele>240.63077</ele>
<time>2026-05-08T08:12:28Z</time>
</trkpt>
<trkpt lat="45.45826617" lon="7.85366903">
<ele>240.57791</ele>
<time>2026-05-08T08:12:29Z</time>
</trkpt>
<trkpt lat="45.4579689" lon="7.85365689">
<ele>240.52507</ele>
<time>2026-05-08T08:12:30Z</time>
</trkpt>
<trkpt lat="45.45767302" lon="7.8536277">
<ele>240.47751</ele>
<time>2026-05-08T08:12:31Z</time>
</trkpt>
<trkpt lat="45.45738621" lon="7.85358051">
<ele>240.42467</ele>
<time>2026-05-08T08:12:32Z</time>
</trkpt>
<trkpt lat="45.4570916" lon="7.85352462">
<ele>240.35596</ele>
<time>2026-05-08T08:12:33Z</time>
</trkpt>
<trkpt lat="45.45680627" lon="7.85344294">
<ele>240.29254</ele>
<time>2026-05-08T08:12:34Z</time>
</trkpt>
<trkpt lat="45.45652241" lon="7.85334296">
<ele>240.21327</ele>
<time>2026-05-08T08:12:35Z</time>
</trkpt>
<trkpt lat="45.45624652" lon="7.85324505">
<ele>240.1393</ele>
<time>2026-05-08T08:12:36Z</time>
</trkpt>
<trkpt lat="45.45597678" lon="7.85315703">
<ele>240.03888</ele>
<time>2026-05-08T08:12:37Z</time>
</trkpt>
<trkpt lat="45.45570513" lon="7.85306336">
<ele>239.92792</ele>
<time>2026-05-08T08:12:38Z</time>
</trkpt>
<trkpt lat="45.45542618" lon="7.85297498">
<ele>239.82222</ele>
<time>2026-05-08T08:12:39Z</time>
</trkpt>
<trkpt lat="45.45515244" lon="7.8528908">
<ele>239.72708</ele>
<time>2026-05-08T08:12:40Z</time>
</trkpt>
<trkpt lat="45.45487335" lon="7.85280544">
<ele>239.6531</ele>
<time>2026-05-08T08:12:41Z</time>
</trkpt>
<trkpt lat="45.45459304" lon="7.85271824">
<ele>239.58969</ele>
<time>2026-05-08T08:12:42Z</time>
</trkpt>
<trkpt lat="45.45431122" lon="7.85264364">
<ele>239.56856</ele>
<time>2026-05-08T08:12:43Z</time>
</trkpt>
<trkpt lat="45.45402743" lon="7.85255929">
<ele>239.54213</ele>
<time>2026-05-08T08:12:44Z</time>
</trkpt>
<trkpt lat="45.45374288" lon="7.85247267">
<ele>239.57384</ele>
<time>2026-05-08T08:12:45Z</time>
</trkpt>
<trkpt lat="45.45345344" lon="7.85238202">
<ele>239.6531</ele>
<time>2026-05-08T08:12:46Z</time>
</trkpt>
<trkpt lat="45.45316006" lon="7.85229743">
<ele>239.73238</ele>
<time>2026-05-08T08:12:47Z</time>
</trkpt>
<trkpt lat="45.45286929" lon="7.85221151">
<ele>239.79579</ele>
<time>2026-05-08T08:12:48Z</time>
</trkpt>
<trkpt lat="45.45258009" lon="7.85212525">
<ele>239.76936</ele>
<time>2026-05-08T08:12:49Z</time>
</trkpt>
<trkpt lat="45.45228272" lon="7.85203705">
<ele>239.88564</ele>
<time>2026-05-08T08:12:50Z</time>
</trkpt>
<trkpt lat="45.45199645" lon="7.85194536">
<ele>240.1393</ele>
<time>2026-05-08T08:12:51Z</time>
</trkpt>
<trkpt lat="45.45170832" lon="7.85185633">
<ele>240.55678</ele>
<time>2026-05-08T08:12:52Z</time>
</trkpt>
<trkpt lat="45.45141459" lon="7.85176892">
<ele>240.38239</ele>
<time>2026-05-08T08:12:53Z</time>
</trkpt>
<trkpt lat="45.45112736" lon="7.8516707">
<ele>240.32425</ele>
<time>2026-05-08T08:12:54Z</time>
</trkpt>
<trkpt lat="45.45083704" lon="7.851569">
<ele>240.31369</ele>
<time>2026-05-08T08:12:55Z</time>
</trkpt>
<trkpt lat="45.45054588" lon="7.85147219">
<ele>240.32953</ele>
<time>2026-05-08T08:12:56Z</time>
</trkpt>
<trkpt lat="45.45025296" lon="7.85137643">
<ele>240.32425</ele>
<time>2026-05-08T08:12:57Z</time>
</trkpt>
<trkpt lat="45.44995517" lon="7.85128957">
<ele>240.35068</ele>
<time>2026-05-08T08:12:58Z</time>
</trkpt>
<trkpt lat="45.44967005" lon="7.85119484">
<ele>240.37181</ele>
<time>2026-05-08T08:12:59Z</time>
</trkpt>
<trkpt lat="45.44938254" lon="7.85110362">
<ele>240.32953</ele>
<time>2026-05-08T08:13:00Z</time>
</trkpt>
<trkpt lat="45.44910026" lon="7.85101503">
<ele>240.26611</ele>
<time>2026-05-08T08:13:01Z</time>
</trkpt>
<trkpt lat="45.44881138" lon="7.85092349">
<ele>240.2397</ele>
<time>2026-05-08T08:13:02Z</time>
</trkpt>
<trkpt lat="45.44852225" lon="7.85083562">
<ele>240.18156</ele>
<time>2026-05-08T08:13:03Z</time>
</trkpt>
<trkpt lat="45.44823436" lon="7.85074075">
<ele>240.12874</ele>
<time>2026-05-08T08:13:04Z</time>
</trkpt>
<trkpt lat="45.44795336" lon="7.85065193">
<ele>240.08116</ele>
<time>2026-05-08T08:13:05Z</time>
</trkpt>
<trkpt lat="45.44767071" lon="7.85055918">
<ele>240.03888</ele>
<time>2026-05-08T08:13:06Z</time>
</trkpt>
<trkpt lat="45.44738535" lon="7.8504642">
<ele>239.92792</ele>
<time>2026-05-08T08:13:07Z</time>
</trkpt>
<trkpt lat="45.44710638" lon="7.85037301">
<ele>239.74823</ele>
<time>2026-05-08T08:13:08Z</time>
</trkpt>
<trkpt lat="45.44682885" lon="7.85028526">
<ele>239.56328</ele>
<time>2026-05-08T08:13:09Z</time>
</trkpt>
<trkpt lat="45.44655275" lon="7.85020172">
<ele>239.37302</ele>
<time>2026-05-08T08:13:10Z</time>
</trkpt>
<trkpt lat="45.44627926" lon="7.85012278">
<ele>239.21977</ele>
<time>2026-05-08T08:13:11Z</time>
</trkpt>
<trkpt lat="45.44600638" lon="7.8500501">
<ele>238.98196</ele>
<time>2026-05-08T08:13:12Z</time>
</trkpt>
<trkpt lat="45.44574156" lon="7.84997566">
<ele>238.73358</ele>
<time>2026-05-08T08:13:13Z</time>
</trkpt>
<trkpt lat="45.44547177" lon="7.8499004">
<ele>238.55391</ele>
<time>2026-05-08T08:13:14Z</time>
</trkpt>
<trkpt lat="45.44519757" lon="7.84981664">
<ele>238.43234</ele>
<time>2026-05-08T08:13:15Z</time>
</trkpt>
<trkpt lat="45.44491344" lon="7.84973668">
<ele>238.33195</ele>
<time>2026-05-08T08:13:16Z</time>
</trkpt>
<trkpt lat="45.44462532" lon="7.84965735">
<ele>238.30025</ele>
<time>2026-05-08T08:13:17Z</time>
</trkpt>
<trkpt lat="45.44433755" lon="7.84956682">
<ele>238.24211</ele>
<time>2026-05-08T08:13:18Z</time>
</trkpt>
<trkpt lat="45.4440472" lon="7.8494764">
<ele>238.22626</ele>
<time>2026-05-08T08:13:19Z</time>
</trkpt>
<trkpt lat="45.44375438" lon="7.84938636">
<ele>238.09415</ele>
<time>2026-05-08T08:13:20Z</time>
</trkpt>
<trkpt lat="45.4434668" lon="7.84929049">
<ele>238.02544</ele>
<time>2026-05-08T08:13:21Z</time>
</trkpt>
<trkpt lat="45.44317442" lon="7.84920172">
<ele>237.85632</ele>
<time>2026-05-08T08:13:22Z</time>
</trkpt>
<trkpt lat="45.442889" lon="7.84911387">
<ele>237.8669</ele>
<time>2026-05-08T08:13:23Z</time>
</trkpt>
<trkpt lat="45.44260093" lon="7.84902176">
<ele>237.99373</ele>
<time>2026-05-08T08:13:24Z</time>
</trkpt>
<trkpt lat="45.44230499" lon="7.84893149">
<ele>238.1734</ele>
<time>2026-05-08T08:13:25Z</time>
</trkpt>
<trkpt lat="45.44201419" lon="7.8488415">
<ele>237.90388</ele>
<time>2026-05-08T08:13:26Z</time>
</trkpt>
<trkpt lat="45.44172686" lon="7.84875577">
<ele>237.7665</ele>
<time>2026-05-08T08:13:27Z</time>
</trkpt>
<trkpt lat="45.44143844" lon="7.84866162">
<ele>237.66609</ele>
<time>2026-05-08T08:13:28Z</time>
</trkpt>
<trkpt lat="45.44114352" lon="7.84856939">
<ele>237.55511</ele>
<time>2026-05-08T08:13:29Z</time>
</trkpt>
<trkpt lat="45.44085853" lon="7.84847504">
<ele>237.37541</ele>
<time>2026-05-08T08:13:30Z</time>
</trkpt>
<trkpt lat="45.44058827" lon="7.84838975">
<ele>237.10591</ele>
<time>2026-05-08T08:13:31Z</time>
</trkpt>
<trkpt lat="45.44030866" lon="7.84829854">
<ele>236.8681</ele>
<time>2026-05-08T08:13:32Z</time>
</trkpt>
<trkpt lat="45.44003511" lon="7.84820757">
<ele>236.70427</ele>
<time>2026-05-08T08:13:33Z</time>
</trkpt>
<trkpt lat="45.43976229" lon="7.84812301">
<ele>236.56686</ele>
<time>2026-05-08T08:13:34Z</time>
</trkpt>
<trkpt lat="45.43948576" lon="7.84803904">
<ele>236.41362</ele>
<time>2026-05-08T08:13:35Z</time>
</trkpt>
<trkpt lat="45.43920149" lon="7.84794732">
<ele>236.27621</ele>
<time>2026-05-08T08:13:36Z</time>
</trkpt>
<trkpt lat="45.43891886" lon="7.84785689">
<ele>236.13881</ele>
<time>2026-05-08T08:13:37Z</time>
</trkpt>
<trkpt lat="45.43863649" lon="7.84776601">
<ele>236.0807</ele>
<time>2026-05-08T08:13:38Z</time>
</trkpt>
<trkpt lat="45.43835443" lon="7.84768035">
<ele>235.99084</ele>
<time>2026-05-08T08:13:39Z</time>
</trkpt>
<trkpt lat="45.43807324" lon="7.84758584">
<ele>235.86403</ele>
<time>2026-05-08T08:13:40Z</time>
</trkpt>
<trkpt lat="45.43779567" lon="7.84750346">
<ele>235.9433</ele>
<time>2026-05-08T08:13:41Z</time>
</trkpt>
<trkpt lat="45.43751602" lon="7.84741161">
<ele>236.06483</ele>
<time>2026-05-08T08:13:42Z</time>
</trkpt>
<trkpt lat="45.43723962" lon="7.8473167">
<ele>235.79533</ele>
<time>2026-05-08T08:13:43Z</time>
</trkpt>
<trkpt lat="45.4369694" lon="7.84722386">
<ele>235.57336</ele>
<time>2026-05-08T08:13:44Z</time>
</trkpt>
<trkpt lat="45.43669344" lon="7.84712874">
<ele>235.36726</ele>
<time>2026-05-08T08:13:45Z</time>
</trkpt>
<trkpt lat="45.4364186" lon="7.84703397">
<ele>235.1136</ele>
<time>2026-05-08T08:13:46Z</time>
</trkpt>
<trkpt lat="45.43614571" lon="7.84694404">
<ele>234.85994</ele>
<time>2026-05-08T08:13:47Z</time>
</trkpt>
<trkpt lat="45.43586994" lon="7.84685615">
<ele>234.57985</ele>
<time>2026-05-08T08:13:48Z</time>
</trkpt>
<trkpt lat="45.43558813" lon="7.84677292">
<ele>234.27333</ele>
<time>2026-05-08T08:13:49Z</time>
</trkpt>
<trkpt lat="45.43530809" lon="7.84669178">
<ele>233.96684</ele>
<time>2026-05-08T08:13:50Z</time>
</trkpt>
<trkpt lat="45.43501615" lon="7.84661999">
<ele>233.63918</ele>
<time>2026-05-08T08:13:51Z</time>
</trkpt>
<trkpt lat="45.43473078" lon="7.84656083">
<ele>233.24284</ele>
<time>2026-05-08T08:13:52Z</time>
</trkpt>
<trkpt lat="45.43444864" lon="7.84651501">
<ele>232.83594</ele>
<time>2026-05-08T08:13:53Z</time>
</trkpt>
<trkpt lat="45.43416478" lon="7.84648238">
<ele>232.43958</ele>
<time>2026-05-08T08:13:54Z</time>
</trkpt>
<trkpt lat="45.43387298" lon="7.84645465">
<ele>232.08022</ele>
<time>2026-05-08T08:13:55Z</time>
</trkpt>
<trkpt lat="45.43358164" lon="7.84643443">
<ele>231.69972</ele>
<time>2026-05-08T08:13:56Z</time>
</trkpt>
<trkpt lat="45.43329454" lon="7.84641673">
<ele>231.30865</ele>
<time>2026-05-08T08:13:57Z</time>
</trkpt>
<trkpt lat="45.43300397" lon="7.84640736">
<ele>230.79077</ele>
<time>2026-05-08T08:13:58Z</time>
</trkpt>
<trkpt lat="45.432713" lon="7.84640656">
<ele>230.47897</ele>
<time>2026-05-08T08:13:59Z</time>
</trkpt>
<trkpt lat="45.43241954" lon="7.8464076">
<ele>230.294</ele>
<time>2026-05-08T08:14:00Z</time>
</trkpt>
<trkpt lat="45.43212631" lon="7.84642061">
<ele>230.02979</ele>
<time>2026-05-08T08:14:01Z</time>
</trkpt>
<trkpt lat="45.43183914" lon="7.84643109">
<ele>229.37448</ele>
<time>2026-05-08T08:14:02Z</time>
</trkpt>
<trkpt lat="45.43155488" lon="7.84643564">
<ele>228.89886</ele>
<time>2026-05-08T08:14:03Z</time>
</trkpt>
<trkpt lat="45.43126863" lon="7.84643945">
<ele>228.46553</ele>
<time>2026-05-08T08:14:04Z</time>
</trkpt>
<trkpt lat="45.43099089" lon="7.84644266">
<ele>228.06917</ele>
<time>2026-05-08T08:14:05Z</time>
</trkpt>
<trkpt lat="45.43071375" lon="7.8464473">
<ele>227.67812</ele>
<time>2026-05-08T08:14:06Z</time>
</trkpt>
<trkpt lat="45.43043639" lon="7.84645272">
<ele>227.32404</ele>
<time>2026-05-08T08:14:07Z</time>
</trkpt>
<trkpt lat="45.43015857" lon="7.84646026">
<ele>227.00696</ele>
<time>2026-05-08T08:14:08Z</time>
</trkpt>
<trkpt lat="45.42987562" lon="7.846463">
<ele>226.74274</ele>
<time>2026-05-08T08:14:09Z</time>
</trkpt>
<trkpt lat="45.42959727" lon="7.84647692">
<ele>226.46794</ele>
<time>2026-05-08T08:14:10Z</time>
</trkpt>
<trkpt lat="45.42931972" lon="7.84649267">
<ele>226.1667</ele>
<time>2026-05-08T08:14:11Z</time>
</trkpt>
<trkpt lat="45.42904658" lon="7.84650711">
<ele>225.87605</ele>
<time>2026-05-08T08:14:12Z</time>
</trkpt>
<trkpt lat="45.42878252" lon="7.84651119">
<ele>225.62767</ele>
<time>2026-05-08T08:14:13Z</time>
</trkpt>
<trkpt lat="45.42851465" lon="7.84652853">
<ele>225.36343</ele>
<time>2026-05-08T08:14:14Z</time>
</trkpt>
<trkpt lat="45.42825096" lon="7.84654749">
<ele>225.12564</ele>
<time>2026-05-08T08:14:15Z</time>
</trkpt>
<trkpt lat="45.4279886" lon="7.84654875">
<ele>224.84555</ele>
<time>2026-05-08T08:14:16Z</time>
</trkpt>
<trkpt lat="45.42773779" lon="7.84655664">
<ele>224.5549</ele>
<time>2026-05-08T08:14:17Z</time>
</trkpt>
<trkpt lat="45.42749781" lon="7.84654703">
<ele>224.24838</ele>
<time>2026-05-08T08:14:18Z</time>
</trkpt>
<trkpt lat="45.42725622" lon="7.84654648">
<ele>223.94716</ele>
<time>2026-05-08T08:14:19Z</time>
</trkpt>
<trkpt lat="45.42702969" lon="7.84653848">
<ele>223.63008</ele>
<time>2026-05-08T08:14:20Z</time>
</trkpt>
<trkpt lat="45.42680499" lon="7.8465377">
<ele>223.31828</ele>
<time>2026-05-08T08:14:21Z</time>
</trkpt>
<trkpt lat="45.42659143" lon="7.84652866">
<ele>223.0699</ele>
<time>2026-05-08T08:14:22Z</time>
</trkpt>
<trkpt lat="45.42637391" lon="7.84652697">
<ele>222.8691</ele>
<time>2026-05-08T08:14:23Z</time>
</trkpt>
<trkpt lat="45.42616236" lon="7.84652462">
<ele>222.72641</ele>
<time>2026-05-08T08:14:24Z</time>
</trkpt>
<trkpt lat="45.42595679" lon="7.84652731">
<ele>222.60486</ele>
<time>2026-05-08T08:14:25Z</time>
</trkpt>
<trkpt lat="45.42575249" lon="7.84653714">
<ele>222.4886</ele>
<time>2026-05-08T08:14:26Z</time>
</trkpt>
<trkpt lat="45.42557793" lon="7.84653863">
<ele>222.36705</ele>
<time>2026-05-08T08:14:27Z</time>
</trkpt>
<trkpt lat="45.4254113" lon="7.8465417">
<ele>222.2455</ele>
<time>2026-05-08T08:14:28Z</time>
</trkpt>
<trkpt lat="45.42525905" lon="7.84654945">
<ele>222.13454</ele>
<time>2026-05-08T08:14:29Z</time>
</trkpt>
<trkpt lat="45.42511105" lon="7.84654605">
<ele>222.01828</ele>
<time>2026-05-08T08:14:30Z</time>
</trkpt>
<trkpt lat="45.42497168" lon="7.84654348">
<ele>221.90729</ele>
<time>2026-05-08T08:14:31Z</time>
</trkpt>
<trkpt lat="45.42482864" lon="7.84652615">
<ele>221.78046</ele>
<time>2026-05-08T08:14:32Z</time>
</trkpt>
<trkpt lat="45.42470918" lon="7.84648229">
<ele>221.65363</ele>
<time>2026-05-08T08:14:33Z</time>
</trkpt>
<trkpt lat="45.4245877" lon="7.84640673">
<ele>221.5268</ele>
<time>2026-05-08T08:14:34Z</time>
</trkpt>
<trkpt lat="45.42447438" lon="7.8463068">
<ele>221.4158</ele>
<time>2026-05-08T08:14:35Z</time>
</trkpt>
<trkpt lat="45.42437241" lon="7.84618424">
<ele>221.3207</ele>
<time>2026-05-08T08:14:36Z</time>
</trkpt>
<trkpt lat="45.4242919" lon="7.84603989">
<ele>221.252</ele>
<time>2026-05-08T08:14:37Z</time>
</trkpt>
<trkpt lat="45.42423155" lon="7.84587344">
<ele>221.20972</ele>
<time>2026-05-08T08:14:38Z</time>
</trkpt>
<trkpt lat="45.42418813" lon="7.84571449">
<ele>221.18329</ele>
<time>2026-05-08T08:14:39Z</time>
</trkpt>
<trkpt lat="45.42416133" lon="7.84550806">
<ele>221.16743</ele>
<time>2026-05-08T08:14:40Z</time>
</trkpt>
<trkpt lat="45.42416154" lon="7.84529481">
<ele>221.17273</ele>
<time>2026-05-08T08:14:41Z</time>
</trkpt>
<trkpt lat="45.4241987" lon="7.84512012">
<ele>221.17801</ele>
<time>2026-05-08T08:14:42Z</time>
</trkpt>
<trkpt lat="45.4242465" lon="7.84494701">
<ele>221.20972</ele>
<time>2026-05-08T08:14:43Z</time>
</trkpt>
<trkpt lat="45.42430267" lon="7.84479483">
<ele>221.26256</ele>
<time>2026-05-08T08:14:44Z</time>
</trkpt>
<trkpt lat="45.42437783" lon="7.84464287">
<ele>221.33127</ele>
<time>2026-05-08T08:14:45Z</time>
</trkpt>
<trkpt lat="45.42448343" lon="7.84453301">
<ele>221.42639</ele>
<time>2026-05-08T08:14:46Z</time>
</trkpt>
<trkpt lat="45.42459332" lon="7.84443349">
<ele>221.53209</ele>
<time>2026-05-08T08:14:47Z</time>
</trkpt>
<trkpt lat="45.42472533" lon="7.84436634">
<ele>221.64835</ele>
<time>2026-05-08T08:14:48Z</time>
</trkpt>
<trkpt lat="45.42484288" lon="7.84432679">
<ele>221.79631</ele>
<time>2026-05-08T08:14:49Z</time>
</trkpt>
<trkpt lat="45.42496597" lon="7.84431166">
<ele>221.96542</ele>
<time>2026-05-08T08:14:50Z</time>
</trkpt>
<trkpt lat="45.42509019" lon="7.8443145">
<ele>222.13982</ele>
<time>2026-05-08T08:14:51Z</time>
</trkpt>
<trkpt lat="45.42521815" lon="7.84434615">
<ele>222.3512</ele>
<time>2026-05-08T08:14:52Z</time>
</trkpt>
<trkpt lat="45.42533006" lon="7.84441236">
<ele>222.57315</ele>
<time>2026-05-08T08:14:53Z</time>
</trkpt>
<trkpt lat="45.42542778" lon="7.84450444">
<ele>222.8004</ele>
<time>2026-05-08T08:14:54Z</time>
</trkpt>
<trkpt lat="45.42551992" lon="7.84462117">
<ele>223.04877</ele>
<time>2026-05-08T08:14:55Z</time>
</trkpt>
<trkpt lat="45.42559155" lon="7.84475744">
<ele>223.30771</ele>
<time>2026-05-08T08:14:56Z</time>
</trkpt>
<trkpt lat="45.42565095" lon="7.8449231">
<ele>223.59836</ele>
<time>2026-05-08T08:14:57Z</time>
</trkpt>
<trkpt lat="45.42569945" lon="7.84508114">
<ele>223.9313</ele>
<time>2026-05-08T08:14:58Z</time>
</trkpt>
<trkpt lat="45.42573628" lon="7.84524937">
<ele>224.29066</ele>
<time>2026-05-08T08:14:59Z</time>
</trkpt>
<trkpt lat="45.42574832" lon="7.84544256">
<ele>224.687</ele>
<time>2026-05-08T08:15:00Z</time>
</trkpt>
<trkpt lat="45.42573866" lon="7.84563367">
<ele>225.09921</ele>
<time>2026-05-08T08:15:01Z</time>
</trkpt>
<trkpt lat="45.42572657" lon="7.84583757">
<ele>225.54842</ele>
<time>2026-05-08T08:15:02Z</time>
</trkpt>
<trkpt lat="45.42570548" lon="7.84604112">
<ele>226.00818</ele>
<time>2026-05-08T08:15:03Z</time>
</trkpt>
<trkpt lat="45.42568684" lon="7.84626243">
<ele>226.46794</ele>
<time>2026-05-08T08:15:04Z</time>
</trkpt>
<trkpt lat="45.42566352" lon="7.8464982">
<ele>226.90128</ele>
<time>2026-05-08T08:15:05Z</time>
</trkpt>
<trkpt lat="45.42564122" lon="7.84672809">
<ele>227.31348</ele>
<time>2026-05-08T08:15:06Z</time>
</trkpt>
<trkpt lat="45.42561434" lon="7.84698368">
<ele>227.72038</ele>
<time>2026-05-08T08:15:07Z</time>
</trkpt>
<trkpt lat="45.42558456" lon="7.84725512">
<ele>228.07976</ele>
<time>2026-05-08T08:15:08Z</time>
</trkpt>
<trkpt lat="45.42555333" lon="7.84752456">
<ele>228.41267</ele>
<time>2026-05-08T08:15:09Z</time>
</trkpt>
<trkpt lat="45.4255227" lon="7.8478293">
<ele>228.68748</ele>
<time>2026-05-08T08:15:10Z</time>
</trkpt>
<trkpt lat="45.42548894" lon="7.8481246">
<ele>228.88301</ele>
<time>2026-05-08T08:15:11Z</time>
</trkpt>
<trkpt lat="45.42545401" lon="7.84843282">
<ele>229.0204</ele>
<time>2026-05-08T08:15:12Z</time>
</trkpt>
<trkpt lat="45.42541696" lon="7.84876155">
<ele>229.08911</ele>
<time>2026-05-08T08:15:13Z</time>
</trkpt>
<trkpt lat="45.42538048" lon="7.84909046">
<ele>229.09969</ele>
<time>2026-05-08T08:15:14Z</time>
</trkpt>
<trkpt lat="45.42534147" lon="7.84942949">
<ele>229.04683</ele>
<time>2026-05-08T08:15:15Z</time>
</trkpt>
<trkpt lat="45.42530114" lon="7.84978246">
<ele>228.9517</ele>
<time>2026-05-08T08:15:16Z</time>
</trkpt>
<trkpt lat="45.4252613" lon="7.85013475">
<ele>228.83017</ele>
<time>2026-05-08T08:15:17Z</time>
</trkpt>
<trkpt lat="45.42522574" lon="7.85047909">
<ele>228.72447</ele>
<time>2026-05-08T08:15:18Z</time>
</trkpt>
<trkpt lat="45.425189" lon="7.85083564">
<ele>228.62407</ele>
<time>2026-05-08T08:15:19Z</time>
</trkpt>
<trkpt lat="45.42515282" lon="7.85119007">
<ele>228.55008</ele>
<time>2026-05-08T08:15:20Z</time>
</trkpt>
<trkpt lat="45.42512059" lon="7.85153708">
<ele>228.51837</ele>
<time>2026-05-08T08:15:21Z</time>
</trkpt>
<trkpt lat="45.42509369" lon="7.85186028">
<ele>228.5448</ele>
<time>2026-05-08T08:15:22Z</time>
</trkpt>
<trkpt lat="45.42505461" lon="7.85220116">
<ele>228.6135</ele>
<time>2026-05-08T08:15:23Z</time>
</trkpt>
<trkpt lat="45.42502152" lon="7.85254243">
<ele>228.67693</ele>
<time>2026-05-08T08:15:24Z</time>
</trkpt>
<trkpt lat="45.42499277" lon="7.85288815">
<ele>228.72975</ele>
<time>2026-05-08T08:15:25Z</time>
</trkpt>
<trkpt lat="45.42496083" lon="7.85323188">
<ele>228.77203</ele>
<time>2026-05-08T08:15:26Z</time>
</trkpt>
<trkpt lat="45.42493343" lon="7.85358579">
<ele>228.79846</ele>
<time>2026-05-08T08:15:27Z</time>
</trkpt>
<trkpt lat="45.42491327" lon="7.85392322">
<ele>228.8143</ele>
<time>2026-05-08T08:15:28Z</time>
</trkpt>
<trkpt lat="45.42488247" lon="7.85431409">
<ele>228.85129</ele>
<time>2026-05-08T08:15:29Z</time>
</trkpt>
<trkpt lat="45.42484063" lon="7.85469322">
<ele>228.8566</ele>
<time>2026-05-08T08:15:30Z</time>
</trkpt>
<trkpt lat="45.42479457" lon="7.85508">
<ele>228.80902</ele>
<time>2026-05-08T08:15:31Z</time>
</trkpt>
<trkpt lat="45.42474269" lon="7.85546088">
<ele>228.76146</ele>
<time>2026-05-08T08:15:32Z</time>
</trkpt>
<trkpt lat="45.42467665" lon="7.85584512">
<ele>228.70862</ele>
<time>2026-05-08T08:15:33Z</time>
</trkpt>
<trkpt lat="45.42459966" lon="7.8562097">
<ele>228.6452</ele>
<time>2026-05-08T08:15:34Z</time>
</trkpt>
<trkpt lat="45.42452615" lon="7.85657858">
<ele>228.56593</ele>
<time>2026-05-08T08:15:35Z</time>
</trkpt>
<trkpt lat="45.42444735" lon="7.85694065">
<ele>228.51837</ele>
<time>2026-05-08T08:15:36Z</time>
</trkpt>
<trkpt lat="45.42437127" lon="7.85729838">
<ele>228.47081</ele>
<time>2026-05-08T08:15:37Z</time>
</trkpt>
<trkpt lat="45.42430342" lon="7.85766217">
<ele>228.41795</ele>
<time>2026-05-08T08:15:38Z</time>
</trkpt>
<trkpt lat="45.42424561" lon="7.85802993">
<ele>228.34398</ele>
<time>2026-05-08T08:15:39Z</time>
</trkpt>
<trkpt lat="45.42419832" lon="7.85839783">
<ele>228.26471</ele>
<time>2026-05-08T08:15:40Z</time>
</trkpt>
<trkpt lat="45.42415332" lon="7.85876786">
<ele>228.19601</ele>
<time>2026-05-08T08:15:41Z</time>
</trkpt>
<trkpt lat="45.42411128" lon="7.85913876">
<ele>228.18544</ele>
<time>2026-05-08T08:15:42Z</time>
</trkpt>
<trkpt lat="45.42407376" lon="7.8595201">
<ele>228.39684</ele>
<time>2026-05-08T08:15:43Z</time>
</trkpt>
<trkpt lat="45.42403334" lon="7.85990539">
<ele>228.68748</ele>
<time>2026-05-08T08:15:44Z</time>
</trkpt>
<trkpt lat="45.42399439" lon="7.86028948">
<ele>228.71391</ele>
<time>2026-05-08T08:15:45Z</time>
</trkpt>
<trkpt lat="45.42395594" lon="7.86067296">
<ele>228.51837</ele>
<time>2026-05-08T08:15:46Z</time>
</trkpt>
<trkpt lat="45.42390681" lon="7.86106119">
<ele>228.41267</ele>
<time>2026-05-08T08:15:47Z</time>
</trkpt>
<trkpt lat="45.42385696" lon="7.86146111">
<ele>228.38097</ele>
<time>2026-05-08T08:15:48Z</time>
</trkpt>
<trkpt lat="45.4238128" lon="7.86185828">
<ele>228.34926</ele>
<time>2026-05-08T08:15:49Z</time>
</trkpt>
<trkpt lat="45.42375782" lon="7.86225406">
<ele>228.25943</ele>
<time>2026-05-08T08:15:50Z</time>
</trkpt>
<trkpt lat="45.423708" lon="7.86265336">
<ele>228.13788</ele>
<time>2026-05-08T08:15:51Z</time>
</trkpt>
<trkpt lat="45.42366847" lon="7.86304499">
<ele>228.00575</ele>
<time>2026-05-08T08:15:52Z</time>
</trkpt>
<trkpt lat="45.42362705" lon="7.86343852">
<ele>227.86836</ele>
<time>2026-05-08T08:15:53Z</time>
</trkpt>
<trkpt lat="45.42357738" lon="7.86384208">
<ele>227.70982</ele>
<time>2026-05-08T08:15:54Z</time>
</trkpt>
<trkpt lat="45.42352624" lon="7.86423165">
<ele>227.55128</ele>
<time>2026-05-08T08:15:55Z</time>
</trkpt>
<trkpt lat="45.42348102" lon="7.86463389">
<ele>227.35574</ele>
<time>2026-05-08T08:15:56Z</time>
</trkpt>
<trkpt lat="45.42342916" lon="7.86503011">
<ele>227.14436</ele>
<time>2026-05-08T08:15:57Z</time>
</trkpt>
<trkpt lat="45.42337727" lon="7.86543544">
<ele>226.91713</ele>
<time>2026-05-08T08:15:58Z</time>
</trkpt>
<trkpt lat="45.4233359" lon="7.8658377">
<ele>226.6846</ele>
<time>2026-05-08T08:15:59Z</time>
</trkpt>
<trkpt lat="45.42329377" lon="7.86623559">
<ele>226.43622</ele>
<time>2026-05-08T08:16:00Z</time>
</trkpt>
<trkpt lat="45.42325163" lon="7.86661908">
<ele>226.21428</ele>
<time>2026-05-08T08:16:01Z</time>
</trkpt>
<trkpt lat="45.42321729" lon="7.86701142">
<ele>225.9659</ele>
<time>2026-05-08T08:16:02Z</time>
</trkpt>
<trkpt lat="45.42317419" lon="7.86739833">
<ele>225.74393</ele>
<time>2026-05-08T08:16:03Z</time>
</trkpt>
<trkpt lat="45.42312918" lon="7.86779005">
<ele>225.55898</ele>
<time>2026-05-08T08:16:04Z</time>
</trkpt>
<trkpt lat="45.42308601" lon="7.86817777">
<ele>225.36343</ele>
<time>2026-05-08T08:16:05Z</time>
</trkpt>
<trkpt lat="45.42303885" lon="7.86858113">
<ele>225.20491</ele>
<time>2026-05-08T08:16:06Z</time>
</trkpt>
<trkpt lat="45.4229971" lon="7.86897391">
<ele>225.04108</ele>
<time>2026-05-08T08:16:07Z</time>
</trkpt>
<trkpt lat="45.42295565" lon="7.8693774">
<ele>224.89311</ele>
<time>2026-05-08T08:16:08Z</time>
</trkpt>
<trkpt lat="45.42291378" lon="7.86976763">
<ele>224.74515</ele>
<time>2026-05-08T08:16:09Z</time>
</trkpt>
<trkpt lat="45.42287381" lon="7.87016486">
<ele>224.5866</ele>
<time>2026-05-08T08:16:10Z</time>
</trkpt>
<trkpt lat="45.4228309" lon="7.87056425">
<ele>224.4122</ele>
<time>2026-05-08T08:16:11Z</time>
</trkpt>
<trkpt lat="45.42278622" lon="7.87096147">
<ele>224.28009</ele>
<time>2026-05-08T08:16:12Z</time>
</trkpt>
<trkpt lat="45.42274258" lon="7.8713564">
<ele>224.15854</ele>
<time>2026-05-08T08:16:13Z</time>
</trkpt>
<trkpt lat="45.42270951" lon="7.87174773">
<ele>224.02644</ele>
<time>2026-05-08T08:16:14Z</time>
</trkpt>
<trkpt lat="45.42266811" lon="7.87214435">
<ele>223.94716</ele>
<time>2026-05-08T08:16:15Z</time>
</trkpt>
<trkpt lat="45.42261837" lon="7.87253884">
<ele>223.89432</ele>
<time>2026-05-08T08:16:16Z</time>
</trkpt>
<trkpt lat="45.42257682" lon="7.872934">
<ele>223.82562</ele>
<time>2026-05-08T08:16:17Z</time>
</trkpt>
<trkpt lat="45.42252814" lon="7.87332818">
<ele>223.77277</ele>
<time>2026-05-08T08:16:18Z</time>
</trkpt>
<trkpt lat="45.4224859" lon="7.87372234">
<ele>223.73576</ele>
<time>2026-05-08T08:16:19Z</time>
</trkpt>
<trkpt lat="45.4224474" lon="7.8741153">
<ele>223.69878</ele>
<time>2026-05-08T08:16:20Z</time>
</trkpt>
<trkpt lat="45.42240393" lon="7.87451182">
<ele>223.66179</ele>
<time>2026-05-08T08:16:21Z</time>
</trkpt>
<trkpt lat="45.42235832" lon="7.8749053">
<ele>223.64594</ele>
<time>2026-05-08T08:16:22Z</time>
</trkpt>
<trkpt lat="45.42231142" lon="7.87529877">
<ele>223.58252</ele>
<time>2026-05-08T08:16:23Z</time>
</trkpt>
<trkpt lat="45.42226301" lon="7.87571765">
<ele>223.55081</ele>
<time>2026-05-08T08:16:24Z</time>
</trkpt>
<trkpt lat="45.42221968" lon="7.87611179">
<ele>223.50853</ele>
<time>2026-05-08T08:16:25Z</time>
</trkpt>
<trkpt lat="45.42217625" lon="7.87650795">
<ele>223.46626</ele>
<time>2026-05-08T08:16:26Z</time>
</trkpt>
<trkpt lat="45.42213386" lon="7.87690914">
<ele>223.42928</ele>
<time>2026-05-08T08:16:27Z</time>
</trkpt>
<trkpt lat="45.42209168" lon="7.87730018">
<ele>223.43456</ele>
<time>2026-05-08T08:16:28Z</time>
</trkpt>
<trkpt lat="45.42204808" lon="7.8776913">
<ele>223.4821</ele>
<time>2026-05-08T08:16:29Z</time>
</trkpt>
<trkpt lat="45.42200844" lon="7.87807984">
<ele>223.56137</ele>
<time>2026-05-08T08:16:30Z</time>
</trkpt>
<trkpt lat="45.42196802" lon="7.87847623">
<ele>223.69878</ele>
<time>2026-05-08T08:16:31Z</time>
</trkpt>
<trkpt lat="45.42192765" lon="7.87887025">
<ele>223.88904</ele>
<time>2026-05-08T08:16:32Z</time>
</trkpt>
<trkpt lat="45.4218842" lon="7.87925613">
<ele>224.10042</ele>
<time>2026-05-08T08:16:33Z</time>
</trkpt>
<trkpt lat="45.42184483" lon="7.8796477">
<ele>224.29594</ele>
<time>2026-05-08T08:16:34Z</time>
</trkpt>
<trkpt lat="45.42180127" lon="7.88004939">
<ele>224.50732</ele>
<time>2026-05-08T08:16:35Z</time>
</trkpt>
<trkpt lat="45.42176369" lon="7.88044484">
<ele>224.75043</ele>
<time>2026-05-08T08:16:36Z</time>
</trkpt>
<trkpt lat="45.42172105" lon="7.88083871">
<ele>225.01994</ele>
<time>2026-05-08T08:16:37Z</time>
</trkpt>
<trkpt lat="45.42167962" lon="7.88122586">
<ele>225.2736</ele>
<time>2026-05-08T08:16:38Z</time>
</trkpt>
<trkpt lat="45.4216416" lon="7.88162048">
<ele>225.5167</ele>
<time>2026-05-08T08:16:39Z</time>
</trkpt>
<trkpt lat="45.421601" lon="7.88202023">
<ele>225.75452</ele>
<time>2026-05-08T08:16:40Z</time>
</trkpt>
<trkpt lat="45.42155116" lon="7.88241625">
<ele>226.00288</ele>
<time>2026-05-08T08:16:41Z</time>
</trkpt>
<trkpt lat="45.42150904" lon="7.88281111">
<ele>226.20369</ele>
<time>2026-05-08T08:16:42Z</time>
</trkpt>
<trkpt lat="45.42146784" lon="7.88320489">
<ele>226.40979</ele>
<time>2026-05-08T08:16:43Z</time>
</trkpt>
<trkpt lat="45.42142951" lon="7.88359792">
<ele>226.56834</ele>
<time>2026-05-08T08:16:44Z</time>
</trkpt>
<trkpt lat="45.42138157" lon="7.88399584">
<ele>226.72159</ele>
<time>2026-05-08T08:16:45Z</time>
</trkpt>
<trkpt lat="45.42133765" lon="7.88438953">
<ele>226.85371</ele>
<time>2026-05-08T08:16:46Z</time>
</trkpt>
<trkpt lat="45.42129317" lon="7.8847816">
<ele>226.93298</ele>
<time>2026-05-08T08:16:47Z</time>
</trkpt>
<trkpt lat="45.42124988" lon="7.88517868">
<ele>226.95941</ele>
<time>2026-05-08T08:16:48Z</time>
</trkpt>
<trkpt lat="45.42120947" lon="7.88556706">
<ele>226.96469</ele>
<time>2026-05-08T08:16:49Z</time>
</trkpt>
<trkpt lat="45.42116931" lon="7.8859463">
<ele>226.95941</ele>
<time>2026-05-08T08:16:50Z</time>
</trkpt>
<trkpt lat="45.42113309" lon="7.88631632">
<ele>226.91183</ele>
<time>2026-05-08T08:16:51Z</time>
</trkpt>
<trkpt lat="45.42109763" lon="7.88668143">
<ele>226.81145</ele>
<time>2026-05-08T08:16:52Z</time>
</trkpt>
<trkpt lat="45.42105639" lon="7.88703433">
<ele>226.70045</ele>
<time>2026-05-08T08:16:53Z</time>
</trkpt>
<trkpt lat="45.42101489" lon="7.88738801">
<ele>226.56834</ele>
<time>2026-05-08T08:16:54Z</time>
</trkpt>
<trkpt lat="45.42097967" lon="7.88774042">
<ele>226.39923</ele>
<time>2026-05-08T08:16:55Z</time>
</trkpt>
<trkpt lat="45.42094195" lon="7.88808321">
<ele>226.19841</ele>
<time>2026-05-08T08:16:56Z</time>
</trkpt>
<trkpt lat="45.42091058" lon="7.88841685">
<ele>226.04517</ele>
<time>2026-05-08T08:16:57Z</time>
</trkpt>
<trkpt lat="45.42087192" lon="7.88874852">
<ele>225.84435</ele>
<time>2026-05-08T08:16:58Z</time>
</trkpt>
<trkpt lat="45.42083452" lon="7.88906778">
<ele>225.65938</ele>
<time>2026-05-08T08:16:59Z</time>
</trkpt>
<trkpt lat="45.42080225" lon="7.8893886">
<ele>225.46384</ele>
<time>2026-05-08T08:17:00Z</time>
</trkpt>
<trkpt lat="45.4207751" lon="7.88970855">
<ele>225.30003</ele>
<time>2026-05-08T08:17:01Z</time>
</trkpt>
<trkpt lat="45.4207491" lon="7.89003778">
<ele>225.19962</ele>
<time>2026-05-08T08:17:02Z</time>
</trkpt>
<trkpt lat="45.42072296" lon="7.89036899">
<ele>225.13092</ele>
<time>2026-05-08T08:17:03Z</time>
</trkpt>
<trkpt lat="45.42069707" lon="7.8907206">
<ele>225.08336</ele>
<time>2026-05-08T08:17:04Z</time>
</trkpt>
<trkpt lat="45.42066107" lon="7.8910761">
<ele>225.13092</ele>
<time>2026-05-08T08:17:05Z</time>
</trkpt>
<trkpt lat="45.42061848" lon="7.89144499">
<ele>225.21547</ele>
<time>2026-05-08T08:17:06Z</time>
</trkpt>
<trkpt lat="45.42058167" lon="7.89182619">
<ele>225.31587</ele>
<time>2026-05-08T08:17:07Z</time>
</trkpt>
<trkpt lat="45.42053885" lon="7.89221767">
<ele>225.39514</ele>
<time>2026-05-08T08:17:08Z</time>
</trkpt>
<trkpt lat="45.42049377" lon="7.89261419">
<ele>225.43744</ele>
<time>2026-05-08T08:17:09Z</time>
</trkpt>
<trkpt lat="45.42044891" lon="7.89300918">
<ele>225.64882</ele>
<time>2026-05-08T08:17:10Z</time>
</trkpt>
<trkpt lat="45.42040294" lon="7.89340336">
<ele>225.92361</ele>
<time>2026-05-08T08:17:11Z</time>
</trkpt>
<trkpt lat="45.42036799" lon="7.89379301">
<ele>225.95532</ele>
<time>2026-05-08T08:17:12Z</time>
</trkpt>
<trkpt lat="45.42032463" lon="7.89418802">
<ele>226.00288</ele>
<time>2026-05-08T08:17:13Z</time>
</trkpt>
<trkpt lat="45.42027889" lon="7.89458237">
<ele>226.08215</ele>
<time>2026-05-08T08:17:14Z</time>
</trkpt>
<trkpt lat="45.42023677" lon="7.89497597">
<ele>226.11386</ele>
<time>2026-05-08T08:17:15Z</time>
</trkpt>
<trkpt lat="45.42019091" lon="7.8953732">
<ele>226.14557</ele>
<time>2026-05-08T08:17:16Z</time>
</trkpt>
<trkpt lat="45.42014702" lon="7.89577252">
<ele>226.135</ele>
<time>2026-05-08T08:17:17Z</time>
</trkpt>
<trkpt lat="45.42010064" lon="7.896168">
<ele>226.15614</ele>
<time>2026-05-08T08:17:18Z</time>
</trkpt>
<trkpt lat="45.42005162" lon="7.89656293">
<ele>226.10329</ele>
<time>2026-05-08T08:17:19Z</time>
</trkpt>
<trkpt lat="45.42000183" lon="7.89695151">
<ele>226.01874</ele>
<time>2026-05-08T08:17:20Z</time>
</trkpt>
<trkpt lat="45.41994936" lon="7.8973508">
<ele>225.8655</ele>
<time>2026-05-08T08:17:21Z</time>
</trkpt>
<trkpt lat="45.41990382" lon="7.89774088">
<ele>225.6858</ele>
<time>2026-05-08T08:17:22Z</time>
</trkpt>
<trkpt lat="45.41986536" lon="7.89812773">
<ele>225.4797</ele>
<time>2026-05-08T08:17:23Z</time>
</trkpt>
<trkpt lat="45.41982271" lon="7.89852831">
<ele>225.2736</ele>
<time>2026-05-08T08:17:24Z</time>
</trkpt>
<trkpt lat="45.41978478" lon="7.89892143">
<ele>225.01994</ele>
<time>2026-05-08T08:17:25Z</time>
</trkpt>
<trkpt lat="45.41975265" lon="7.89931938">
<ele>224.72928</ele>
<time>2026-05-08T08:17:26Z</time>
</trkpt>
<trkpt lat="45.41972668" lon="7.89971413">
<ele>224.44391</ele>
<time>2026-05-08T08:17:27Z</time>
</trkpt>
<trkpt lat="45.41970586" lon="7.90011038">
<ele>224.16913</ele>
<time>2026-05-08T08:17:28Z</time>
</trkpt>
<trkpt lat="45.41969057" lon="7.90050289">
<ele>223.92603</ele>
<time>2026-05-08T08:17:29Z</time>
</trkpt>
<trkpt lat="45.41968123" lon="7.90090215">
<ele>223.71465</ele>
<time>2026-05-08T08:17:30Z</time>
</trkpt>
<trkpt lat="45.41967323" lon="7.90130491">
<ele>223.52966</ele>
<time>2026-05-08T08:17:31Z</time>
</trkpt>
<trkpt lat="45.41966569" lon="7.90171154">
<ele>223.36586</ele>
<time>2026-05-08T08:17:32Z</time>
</trkpt>
<trkpt lat="45.41966456" lon="7.90210665">
<ele>223.22845</ele>
<time>2026-05-08T08:17:33Z</time>
</trkpt>
<trkpt lat="45.4196636" lon="7.90250681">
<ele>223.05406</ele>
<time>2026-05-08T08:17:34Z</time>
</trkpt>
<trkpt lat="45.41966514" lon="7.90290375">
<ele>222.89551</ele>
<time>2026-05-08T08:17:35Z</time>
</trkpt>
<trkpt lat="45.41966309" lon="7.90330084">
<ele>222.74226</ele>
<time>2026-05-08T08:17:36Z</time>
</trkpt>
<trkpt lat="45.41966727" lon="7.90370808">
<ele>222.63657</ele>
<time>2026-05-08T08:17:37Z</time>
</trkpt>
<trkpt lat="45.41965926" lon="7.90410459">
<ele>222.49388</ele>
<time>2026-05-08T08:17:38Z</time>
</trkpt>
<trkpt lat="45.41966124" lon="7.90450872">
<ele>222.33536</ele>
<time>2026-05-08T08:17:39Z</time>
</trkpt>
<trkpt lat="45.41965899" lon="7.90490784">
<ele>222.1451</ele>
<time>2026-05-08T08:17:40Z</time>
</trkpt>
<trkpt lat="45.41965785" lon="7.90529389">
<ele>221.93372</ele>
<time>2026-05-08T08:17:41Z</time>
</trkpt>
<trkpt lat="45.41965709" lon="7.90567795">
<ele>221.78046</ele>
<time>2026-05-08T08:17:42Z</time>
</trkpt>
<trkpt lat="45.41965978" lon="7.90605111">
<ele>221.59021</ele>
<time>2026-05-08T08:17:43Z</time>
</trkpt>
<trkpt lat="45.41966621" lon="7.90641889">
<ele>221.37881</ele>
<time>2026-05-08T08:17:44Z</time>
</trkpt>
<trkpt lat="45.41966659" lon="7.90679185">
<ele>221.18858</ele>
<time>2026-05-08T08:17:45Z</time>
</trkpt>
<trkpt lat="45.41966715" lon="7.90715167">
<ele>221.01419</ele>
<time>2026-05-08T08:17:46Z</time>
</trkpt>
<trkpt lat="45.41966677" lon="7.90750849">
<ele>220.80807</ele>
<time>2026-05-08T08:17:47Z</time>
</trkpt>
<trkpt lat="45.41966996" lon="7.90785873">
<ele>220.61256</ele>
<time>2026-05-08T08:17:48Z</time>
</trkpt>
<trkpt lat="45.41967632" lon="7.90820791">
<ele>220.38531</ele>
<time>2026-05-08T08:17:49Z</time>
</trkpt>
<trkpt lat="45.4196847" lon="7.90854818">
<ele>220.19507</ele>
<time>2026-05-08T08:17:50Z</time>
</trkpt>
<trkpt lat="45.41969116" lon="7.90889841">
<ele>220.05766</ele>
<time>2026-05-08T08:17:51Z</time>
</trkpt>
<trkpt lat="45.41970071" lon="7.90925315">
<ele>219.9097</ele>
<time>2026-05-08T08:17:52Z</time>
</trkpt>
<trkpt lat="45.41970569" lon="7.90961592">
<ele>219.78815</ele>
<time>2026-05-08T08:17:53Z</time>
</trkpt>
<trkpt lat="45.41971148" lon="7.90998609">
<ele>219.70888</ele>
<time>2026-05-08T08:17:54Z</time>
</trkpt>
<trkpt lat="45.41971206" lon="7.91037417">
<ele>219.64546</ele>
<time>2026-05-08T08:17:55Z</time>
</trkpt>
<trkpt lat="45.41971049" lon="7.91076904">
<ele>219.51865</ele>
<time>2026-05-08T08:17:56Z</time>
</trkpt>
<trkpt lat="45.41971358" lon="7.91116461">
<ele>219.37065</ele>
<time>2026-05-08T08:17:57Z</time>
</trkpt>
<trkpt lat="45.41971714" lon="7.91156303">
<ele>219.19626</ele>
<time>2026-05-08T08:17:58Z</time>
</trkpt>
<trkpt lat="45.41971997" lon="7.9119595">
<ele>218.9796</ele>
<time>2026-05-08T08:17:59Z</time>
</trkpt>
<trkpt lat="45.41971869" lon="7.91235963">
<ele>218.90561</ele>
<time>2026-05-08T08:18:00Z</time>
</trkpt>
<trkpt lat="45.41971583" lon="7.91275808">
<ele>219.09587</ele>
<time>2026-05-08T08:18:01Z</time>
</trkpt>
<trkpt lat="45.41971405" lon="7.91315814">
<ele>219.08</ele>
<time>2026-05-08T08:18:02Z</time>
</trkpt>
<trkpt lat="45.41971869" lon="7.91355606">
<ele>218.82634</ele>
<time>2026-05-08T08:18:03Z</time>
</trkpt>
<trkpt lat="45.41972146" lon="7.91396341">
<ele>218.68365</ele>
<time>2026-05-08T08:18:04Z</time>
</trkpt>
<trkpt lat="45.41972206" lon="7.91436195">
<ele>218.5727</ele>
<time>2026-05-08T08:18:05Z</time>
</trkpt>
<trkpt lat="45.41972037" lon="7.91476257">
<ele>218.49341</ele>
<time>2026-05-08T08:18:06Z</time>
</trkpt>
<trkpt lat="45.4197145" lon="7.91516406">
<ele>218.45113</ele>
<time>2026-05-08T08:18:07Z</time>
</trkpt>
<trkpt lat="45.41971195" lon="7.91556471">
<ele>218.43001</ele>
<time>2026-05-08T08:18:08Z</time>
</trkpt>
<trkpt lat="45.41971193" lon="7.9159714">
<ele>218.393</ele>
<time>2026-05-08T08:18:09Z</time>
</trkpt>
<trkpt lat="45.41970833" lon="7.91637188">
<ele>218.34543</ele>
<time>2026-05-08T08:18:10Z</time>
</trkpt>
<trkpt lat="45.41970808" lon="7.91677028">
<ele>218.32959</ele>
<time>2026-05-08T08:18:11Z</time>
</trkpt>
<trkpt lat="45.4197111" lon="7.91716167">
<ele>218.31372</ele>
<time>2026-05-08T08:18:12Z</time>
</trkpt>
<trkpt lat="45.41971467" lon="7.91756002">
<ele>218.30316</ele>
<time>2026-05-08T08:18:13Z</time>
</trkpt>
<trkpt lat="45.41972329" lon="7.91795916">
<ele>218.32959</ele>
<time>2026-05-08T08:18:14Z</time>
</trkpt>
<trkpt lat="45.41972555" lon="7.91835853">
<ele>218.38243</ele>
<time>2026-05-08T08:18:15Z</time>
</trkpt>
<trkpt lat="45.41972588" lon="7.91875941">
<ele>218.43001</ele>
<time>2026-05-08T08:18:16Z</time>
</trkpt>
<trkpt lat="45.41972569" lon="7.9191566">
<ele>218.44057</ele>
<time>2026-05-08T08:18:17Z</time>
</trkpt>
<trkpt lat="45.41972705" lon="7.91956111">
<ele>218.44057</ele>
<time>2026-05-08T08:18:18Z</time>
</trkpt>
<trkpt lat="45.41972651" lon="7.91996135">
<ele>218.467</ele>
<time>2026-05-08T08:18:19Z</time>
</trkpt>
<trkpt lat="45.41972659" lon="7.92036071">
<ele>218.46172</ele>
<time>2026-05-08T08:18:20Z</time>
</trkpt>
<trkpt lat="45.41972889" lon="7.92075825">
<ele>218.47755</ele>
<time>2026-05-08T08:18:21Z</time>
</trkpt>
<trkpt lat="45.41973069" lon="7.92115433">
<ele>218.49341</ele>
<time>2026-05-08T08:18:22Z</time>
</trkpt>
<trkpt lat="45.41973198" lon="7.92155664">
<ele>218.60968</ele>
<time>2026-05-08T08:18:23Z</time>
</trkpt>
<trkpt lat="45.41973508" lon="7.92195575">
<ele>218.66252</ele>
<time>2026-05-08T08:18:24Z</time>
</trkpt>
<trkpt lat="45.41973499" lon="7.92235955">
<ele>218.72066</ele>
<time>2026-05-08T08:18:25Z</time>
</trkpt>
<trkpt lat="45.41973682" lon="7.92275224">
<ele>218.7682</ele>
<time>2026-05-08T08:18:26Z</time>
</trkpt>
<trkpt lat="45.4197349" lon="7.9231549">
<ele>218.82634</ele>
<time>2026-05-08T08:18:27Z</time>
</trkpt>
<trkpt lat="45.41973424" lon="7.92355029">
<ele>218.85277</ele>
<time>2026-05-08T08:18:28Z</time>
</trkpt>
<trkpt lat="45.41974244" lon="7.92395231">
<ele>218.85805</ele>
<time>2026-05-08T08:18:29Z</time>
</trkpt>
<trkpt lat="45.41974259" lon="7.9243521">
<ele>218.92148</ele>
<time>2026-05-08T08:18:30Z</time>
</trkpt>
<trkpt lat="45.41974344" lon="7.92476062">
<ele>218.95847</ele>
<time>2026-05-08T08:18:31Z</time>
</trkpt>
<trkpt lat="45.41974587" lon="7.92516476">
<ele>219.00603</ele>
<time>2026-05-08T08:18:32Z</time>
</trkpt>
<trkpt lat="45.41974749" lon="7.92556276">
<ele>219.05357</ele>
<time>2026-05-08T08:18:33Z</time>
</trkpt>
<trkpt lat="45.41974705" lon="7.92596884">
<ele>219.06416</ele>
<time>2026-05-08T08:18:34Z</time>
</trkpt>
<trkpt lat="45.4197532" lon="7.9263633">
<ele>219.06416</ele>
<time>2026-05-08T08:18:35Z</time>
</trkpt>
<trkpt lat="45.41974877" lon="7.92676418">
<ele>219.06944</ele>
<time>2026-05-08T08:18:36Z</time>
</trkpt>
<trkpt lat="45.41975343" lon="7.92716517">
<ele>219.10115</ele>
<time>2026-05-08T08:18:37Z</time>
</trkpt>
<trkpt lat="45.41975759" lon="7.92757001">
<ele>219.12228</ele>
<time>2026-05-08T08:18:38Z</time>
</trkpt>
<trkpt lat="45.41975688" lon="7.92796623">
<ele>219.14342</ele>
<time>2026-05-08T08:18:39Z</time>
</trkpt>
<trkpt lat="45.41975423" lon="7.92836244">
<ele>219.13286</ele>
<time>2026-05-08T08:18:40Z</time>
</trkpt>
<trkpt lat="45.41975135" lon="7.9287621">
<ele>219.13286</ele>
<time>2026-05-08T08:18:41Z</time>
</trkpt>
<trkpt lat="45.41975444" lon="7.92916929">
<ele>219.14342</ele>
<time>2026-05-08T08:18:42Z</time>
</trkpt>
<trkpt lat="45.41976266" lon="7.92957691">
<ele>219.16985</ele>
<time>2026-05-08T08:18:43Z</time>
</trkpt>
<trkpt lat="45.41976155" lon="7.92996991">
<ele>219.2544</ele>
<time>2026-05-08T08:18:44Z</time>
</trkpt>
<trkpt lat="45.41976155" lon="7.93037315">
<ele>219.2861</ele>
<time>2026-05-08T08:18:45Z</time>
</trkpt>
<trkpt lat="45.41976078" lon="7.93077951">
<ele>219.33894</ele>
<time>2026-05-08T08:18:46Z</time>
</trkpt>
<trkpt lat="45.41975852" lon="7.93117395">
<ele>219.39708</ele>
<time>2026-05-08T08:18:47Z</time>
</trkpt>
<trkpt lat="45.41975588" lon="7.93157552">
<ele>219.48164</ele>
<time>2026-05-08T08:18:48Z</time>
</trkpt>
<trkpt lat="45.41976483" lon="7.93196814">
<ele>219.51865</ele>
<time>2026-05-08T08:18:49Z</time>
</trkpt>
<trkpt lat="45.41976268" lon="7.9323621">
<ele>219.54504</ele>
<time>2026-05-08T08:18:50Z</time>
</trkpt>
<trkpt lat="45.41976972" lon="7.93275469">
<ele>219.59262</ele>
<time>2026-05-08T08:18:51Z</time>
</trkpt>
<trkpt lat="45.41976998" lon="7.93316285">
<ele>219.62433</ele>
<time>2026-05-08T08:18:52Z</time>
</trkpt>
<trkpt lat="45.41976634" lon="7.93356667">
<ele>219.7036</ele>
<time>2026-05-08T08:18:53Z</time>
</trkpt>
<trkpt lat="45.41976555" lon="7.93395964">
<ele>219.76701</ele>
<time>2026-05-08T08:18:54Z</time>
</trkpt>
<trkpt lat="45.41977013" lon="7.93436304">
<ele>219.804</ele>
<time>2026-05-08T08:18:55Z</time>
</trkpt>
<trkpt lat="45.41977242" lon="7.93476942">
<ele>219.81458</ele>
<time>2026-05-08T08:18:56Z</time>
</trkpt>
<trkpt lat="45.41976781" lon="7.93517187">
<ele>219.79872</ele>
<time>2026-05-08T08:18:57Z</time>
</trkpt>
<trkpt lat="45.41977028" lon="7.93557097">
<ele>219.79343</ele>
<time>2026-05-08T08:18:58Z</time>
</trkpt>
<trkpt lat="45.4197766" lon="7.9359728">
<ele>219.74059</ele>
<time>2026-05-08T08:18:59Z</time>
</trkpt>
<trkpt lat="45.41977997" lon="7.93637411">
<ele>219.72473</ele>
<time>2026-05-08T08:19:00Z</time>
</trkpt>
<trkpt lat="45.41978261" lon="7.93677268">
<ele>219.7036</ele>
<time>2026-05-08T08:19:01Z</time>
</trkpt>
<trkpt lat="45.41978568" lon="7.93717681">
<ele>219.70888</ele>
<time>2026-05-08T08:19:02Z</time>
</trkpt>
<trkpt lat="45.41979006" lon="7.93757497">
<ele>219.70888</ele>
<time>2026-05-08T08:19:03Z</time>
</trkpt>
<trkpt lat="45.41979215" lon="7.93797924">
<ele>219.70888</ele>
<time>2026-05-08T08:19:04Z</time>
</trkpt>
<trkpt lat="45.41979561" lon="7.93837442">
<ele>219.69832</ele>
<time>2026-05-08T08:19:05Z</time>
</trkpt>
<trkpt lat="45.41979983" lon="7.9387675">
<ele>219.68773</ele>
<time>2026-05-08T08:19:06Z</time>
</trkpt>
<trkpt lat="45.41979955" lon="7.93915701">
<ele>219.66661</ele>
<time>2026-05-08T08:19:07Z</time>
</trkpt>
<trkpt lat="45.41980173" lon="7.93954359">
<ele>219.65602</ele>
<time>2026-05-08T08:19:08Z</time>
</trkpt>
<trkpt lat="45.41981013" lon="7.93992167">
<ele>219.64018</ele>
<time>2026-05-08T08:19:09Z</time>
</trkpt>
<trkpt lat="45.41981162" lon="7.9403011">
<ele>219.65602</ele>
<time>2026-05-08T08:19:10Z</time>
</trkpt>
<trkpt lat="45.41980982" lon="7.94066909">
<ele>219.68773</ele>
<time>2026-05-08T08:19:11Z</time>
</trkpt>
<trkpt lat="45.41981689" lon="7.94103301">
<ele>219.68245</ele>
<time>2026-05-08T08:19:12Z</time>
</trkpt>
<trkpt lat="45.41981633" lon="7.94140215">
<ele>219.69832</ele>
<time>2026-05-08T08:19:13Z</time>
</trkpt>
<trkpt lat="45.4198152" lon="7.94176103">
<ele>219.75114</ele>
<time>2026-05-08T08:19:14Z</time>
</trkpt>
<trkpt lat="45.41981662" lon="7.94212452">
<ele>219.78815</ele>
<time>2026-05-08T08:19:15Z</time>
</trkpt>
<trkpt lat="45.41981257" lon="7.94247919">
<ele>219.85156</ele>
<time>2026-05-08T08:19:16Z</time>
</trkpt>
<trkpt lat="45.41980992" lon="7.94283364">
<ele>219.93611</ele>
<time>2026-05-08T08:19:17Z</time>
</trkpt>
<trkpt lat="45.41980912" lon="7.94318496">
<ele>220.0048</ele>
<time>2026-05-08T08:19:18Z</time>
</trkpt>
<trkpt lat="45.41981217" lon="7.9435269">
<ele>220.09467</ele>
<time>2026-05-08T08:19:19Z</time>
</trkpt>
<trkpt lat="45.41982015" lon="7.94386695">
<ele>220.30077</ele>
<time>2026-05-08T08:19:20Z</time>
</trkpt>
<trkpt lat="45.41982468" lon="7.94421302">
<ele>220.50687</ele>
<time>2026-05-08T08:19:21Z</time>
</trkpt>
<trkpt lat="45.41982984" lon="7.94458899">
<ele>220.78165</ele>
<time>2026-05-08T08:19:22Z</time>
</trkpt>
<trkpt lat="45.41983776" lon="7.94497267">
<ele>221.11987</ele>
<time>2026-05-08T08:19:23Z</time>
</trkpt>
<trkpt lat="45.419847" lon="7.94536488">
<ele>221.4528</ele>
<time>2026-05-08T08:19:24Z</time>
</trkpt>
<trkpt lat="45.4198484" lon="7.94576675">
<ele>221.74347</ele>
<time>2026-05-08T08:19:25Z</time>
</trkpt>
<trkpt lat="45.41985271" lon="7.94616881">
<ele>221.9707</ele>
<time>2026-05-08T08:19:26Z</time>
</trkpt>
<trkpt lat="45.41985416" lon="7.94656166">
<ele>222.1768</ele>
<time>2026-05-08T08:19:27Z</time>
</trkpt>
<trkpt lat="45.41985564" lon="7.94696209">
<ele>222.32477</ele>
<time>2026-05-08T08:19:28Z</time>
</trkpt>
<trkpt lat="45.41985827" lon="7.94735727">
<ele>222.46745</ele>
<time>2026-05-08T08:19:29Z</time>
</trkpt>
<trkpt lat="45.41985976" lon="7.94775843">
<ele>222.65771</ele>
<time>2026-05-08T08:19:30Z</time>
</trkpt>
<trkpt lat="45.41985392" lon="7.94815921">
<ele>222.85852</ele>
<time>2026-05-08T08:19:31Z</time>
</trkpt>
<trkpt lat="45.41984675" lon="7.94855832">
<ele>222.9325</ele>
<time>2026-05-08T08:19:32Z</time>
</trkpt>
<trkpt lat="45.41983771" lon="7.94895904">
<ele>223.0012</ele>
<time>2026-05-08T08:19:33Z</time>
</trkpt>
<trkpt lat="45.4198197" lon="7.94937478">
<ele>223.0752</ele>
<time>2026-05-08T08:19:34Z</time>
</trkpt>
<trkpt lat="45.41980236" lon="7.94977005">
<ele>223.14919</ele>
<time>2026-05-08T08:19:35Z</time>
</trkpt>
<trkpt lat="45.41977442" lon="7.9501687">
<ele>223.24957</ele>
<time>2026-05-08T08:19:36Z</time>
</trkpt>
<trkpt lat="45.41974902" lon="7.95056441">
<ele>223.40285</ele>
<time>2026-05-08T08:19:37Z</time>
</trkpt>
<trkpt lat="45.4197208" lon="7.95095776">
<ele>223.46097</ele>
<time>2026-05-08T08:19:38Z</time>
</trkpt>
<trkpt lat="45.41968662" lon="7.95136216">
<ele>223.52438</ele>
<time>2026-05-08T08:19:39Z</time>
</trkpt>
<trkpt lat="45.41965611" lon="7.95175252">
<ele>223.56137</ele>
<time>2026-05-08T08:19:40Z</time>
</trkpt>
<trkpt lat="45.41960845" lon="7.95214734">
<ele>223.60895</ele>
<time>2026-05-08T08:19:41Z</time>
</trkpt>
<trkpt lat="45.41956041" lon="7.95253955">
<ele>223.64594</ele>
<time>2026-05-08T08:19:42Z</time>
</trkpt>
<trkpt lat="45.41951335" lon="7.95293576">
<ele>223.71465</ele>
<time>2026-05-08T08:19:43Z</time>
</trkpt>
<trkpt lat="45.41946867" lon="7.95332851">
<ele>223.74635</ele>
<time>2026-05-08T08:19:44Z</time>
</trkpt>
<trkpt lat="45.41942773" lon="7.95372426">
<ele>223.74635</ele>
<time>2026-05-08T08:19:45Z</time>
</trkpt>
<trkpt lat="45.4193786" lon="7.95412126">
<ele>223.74104</ele>
<time>2026-05-08T08:19:46Z</time>
</trkpt>
<trkpt lat="45.41932586" lon="7.95450656">
<ele>223.7252</ele>
<time>2026-05-08T08:19:47Z</time>
</trkpt>
<trkpt lat="45.41927845" lon="7.95488888">
<ele>223.74104</ele>
<time>2026-05-08T08:19:48Z</time>
</trkpt>
<trkpt lat="45.41922519" lon="7.9552828">
<ele>223.75691</ele>
<time>2026-05-08T08:19:49Z</time>
</trkpt>
<trkpt lat="45.41917444" lon="7.95568185">
<ele>223.80447</ele>
<time>2026-05-08T08:19:50Z</time>
</trkpt>
<trkpt lat="45.41912834" lon="7.95607347">
<ele>223.87317</ele>
<time>2026-05-08T08:19:51Z</time>
</trkpt>
<trkpt lat="45.41908253" lon="7.95646264">
<ele>223.9313</ele>
<time>2026-05-08T08:19:52Z</time>
</trkpt>
<trkpt lat="45.41903959" lon="7.9568612">
<ele>224.01585</ele>
<time>2026-05-08T08:19:53Z</time>
</trkpt>
<trkpt lat="45.41899093" lon="7.95726354">
<ele>224.16913</ele>
<time>2026-05-08T08:19:54Z</time>
</trkpt>
<trkpt lat="45.41894901" lon="7.95765864">
<ele>224.3171</ele>
<time>2026-05-08T08:19:55Z</time>
</trkpt>
<trkpt lat="45.41891068" lon="7.95805564">
<ele>224.56546</ele>
<time>2026-05-08T08:19:56Z</time>
</trkpt>
<trkpt lat="45.41886862" lon="7.95845391">
<ele>224.84555</ele>
<time>2026-05-08T08:19:57Z</time>
</trkpt>
<trkpt lat="45.41882267" lon="7.95885518">
<ele>225.16263</ele>
<time>2026-05-08T08:19:58Z</time>
</trkpt>
<trkpt lat="45.41877826" lon="7.95925307">
<ele>225.53255</ele>
<time>2026-05-08T08:19:59Z</time>
</trkpt>
<trkpt lat="45.41872861" lon="7.9596476">
<ele>225.8972</ele>
<time>2026-05-08T08:20:00Z</time>
</trkpt>
<trkpt lat="45.41868429" lon="7.96003082">
<ele>226.36224</ele>
<time>2026-05-08T08:20:01Z</time>
</trkpt>
<trkpt lat="45.41863516" lon="7.96047163">
<ele>226.76915</ele>
<time>2026-05-08T08:20:02Z</time>
</trkpt>
<trkpt lat="45.41859265" lon="7.96086669">
<ele>227.18135</ele>
<time>2026-05-08T08:20:03Z</time>
</trkpt>
<trkpt lat="45.41854355" lon="7.96125344">
<ele>227.58829</ele>
<time>2026-05-08T08:20:04Z</time>
</trkpt>
<trkpt lat="45.41850333" lon="7.96164815">
<ele>227.96349</ele>
<time>2026-05-08T08:20:05Z</time>
</trkpt>
<trkpt lat="45.41845501" lon="7.96204156">
<ele>228.35454</ele>
<time>2026-05-08T08:20:06Z</time>
</trkpt>
<trkpt lat="45.41841094" lon="7.96242499">
<ele>228.69804</ele>
<time>2026-05-08T08:20:07Z</time>
</trkpt>
<trkpt lat="45.41836815" lon="7.96281524">
<ele>229.04155</ele>
<time>2026-05-08T08:20:08Z</time>
</trkpt>
<trkpt lat="45.41832743" lon="7.96320173">
<ele>229.32692</ele>
<time>2026-05-08T08:20:09Z</time>
</trkpt>
<trkpt lat="45.41828116" lon="7.96359949">
<ele>229.59114</ele>
<time>2026-05-08T08:20:10Z</time>
</trkpt>
<trkpt lat="45.41824413" lon="7.96399054">
<ele>229.80254</ele>
<time>2026-05-08T08:20:11Z</time>
</trkpt>
<trkpt lat="45.4182081" lon="7.96437718">
<ele>229.96635</ele>
<time>2026-05-08T08:20:12Z</time>
</trkpt>
<trkpt lat="45.41816142" lon="7.96477522">
<ele>230.10904</ele>
<time>2026-05-08T08:20:13Z</time>
</trkpt>
<trkpt lat="45.41811653" lon="7.96517849">
<ele>230.17775</ele>
<time>2026-05-08T08:20:14Z</time>
</trkpt>
<trkpt lat="45.41807188" lon="7.96557276">
<ele>230.16718</ele>
<time>2026-05-08T08:20:15Z</time>
</trkpt>
<trkpt lat="45.41802751" lon="7.96597118">
<ele>230.14075</ele>
<time>2026-05-08T08:20:16Z</time>
</trkpt>
<trkpt lat="45.41798087" lon="7.96636708">
<ele>230.08792</ele>
<time>2026-05-08T08:20:17Z</time>
</trkpt>
<trkpt lat="45.41793419" lon="7.96676011">
<ele>229.97165</ele>
<time>2026-05-08T08:20:18Z</time>
</trkpt>
<trkpt lat="45.41789082" lon="7.96715107">
<ele>229.8501</ele>
<time>2026-05-08T08:20:19Z</time>
</trkpt>
<trkpt lat="45.41784702" lon="7.96754067">
<ele>229.63872</ele>
<time>2026-05-08T08:20:20Z</time>
</trkpt>
<trkpt lat="45.41780604" lon="7.9679371">
<ele>229.37976</ele>
<time>2026-05-08T08:20:21Z</time>
</trkpt>
<trkpt lat="45.41776345" lon="7.96832838">
<ele>229.17368</ele>
<time>2026-05-08T08:20:22Z</time>
</trkpt>
<trkpt lat="45.4177315" lon="7.96871388">
<ele>229.00456</ele>
<time>2026-05-08T08:20:23Z</time>
</trkpt>
<trkpt lat="45.41768907" lon="7.96910385">
<ele>228.84601</ele>
<time>2026-05-08T08:20:24Z</time>
</trkpt>
<trkpt lat="45.41764481" lon="7.96949538">
<ele>228.67693</ele>
<time>2026-05-08T08:20:25Z</time>
</trkpt>
<trkpt lat="45.41760134" lon="7.96989192">
<ele>228.53952</ele>
<time>2026-05-08T08:20:26Z</time>
</trkpt>
<trkpt lat="45.41755458" lon="7.97028646">
<ele>228.41795</ele>
<time>2026-05-08T08:20:27Z</time>
</trkpt>
<trkpt lat="45.41751928" lon="7.97067305">
<ele>228.42853</ele>
<time>2026-05-08T08:20:28Z</time>
</trkpt>
<trkpt lat="45.4174766" lon="7.97107299">
<ele>228.38625</ele>
<time>2026-05-08T08:20:29Z</time>
</trkpt>
<trkpt lat="45.41743332" lon="7.97146903">
<ele>228.32812</ele>
<time>2026-05-08T08:20:30Z</time>
</trkpt>
<trkpt lat="45.41738486" lon="7.97186972">
<ele>228.3017</ele>
<time>2026-05-08T08:20:31Z</time>
</trkpt>
<trkpt lat="45.41734134" lon="7.97226715">
<ele>228.25415</ele>
<time>2026-05-08T08:20:32Z</time>
</trkpt>
<trkpt lat="45.41729438" lon="7.97265591">
<ele>228.24886</ele>
<time>2026-05-08T08:20:33Z</time>
</trkpt>
<trkpt lat="45.41724388" lon="7.97304837">
<ele>228.20657</ele>
<time>2026-05-08T08:20:34Z</time>
</trkpt>
<trkpt lat="45.41719658" lon="7.97344443">
<ele>228.18544</ele>
<time>2026-05-08T08:20:35Z</time>
</trkpt>
<trkpt lat="45.41714879" lon="7.97383635">
<ele>228.21185</ele>
<time>2026-05-08T08:20:36Z</time>
</trkpt>
<trkpt lat="45.41710147" lon="7.97423265">
<ele>228.19073</ele>
<time>2026-05-08T08:20:37Z</time>
</trkpt>
<trkpt lat="45.41706245" lon="7.97462591">
<ele>228.15373</ele>
<time>2026-05-08T08:20:38Z</time>
</trkpt>
<trkpt lat="45.41701629" lon="7.97502253">
<ele>228.06917</ele>
<time>2026-05-08T08:20:39Z</time>
</trkpt>
<trkpt lat="45.41696833" lon="7.97541886">
<ele>228.02162</ele>
<time>2026-05-08T08:20:40Z</time>
</trkpt>
<trkpt lat="45.41692619" lon="7.97580979">
<ele>227.97934</ele>
<time>2026-05-08T08:20:41Z</time>
</trkpt>
<trkpt lat="45.41688153" lon="7.97620172">
<ele>227.93707</ele>
<time>2026-05-08T08:20:42Z</time>
</trkpt>
<trkpt lat="45.4168419" lon="7.97659286">
<ele>227.96349</ele>
<time>2026-05-08T08:20:43Z</time>
</trkpt>
<trkpt lat="45.41679859" lon="7.97698877">
<ele>228.02162</ele>
<time>2026-05-08T08:20:44Z</time>
</trkpt>
<trkpt lat="45.41675264" lon="7.97738747">
<ele>228.07445</ele>
<time>2026-05-08T08:20:45Z</time>
</trkpt>
<trkpt lat="45.41670982" lon="7.97778619">
<ele>228.12202</ele>
<time>2026-05-08T08:20:46Z</time>
</trkpt>
<trkpt lat="45.41666123" lon="7.97818075">
<ele>228.2013</ele>
<time>2026-05-08T08:20:47Z</time>
</trkpt>
<trkpt lat="45.41661541" lon="7.97857607">
<ele>228.23828</ele>
<time>2026-05-08T08:20:48Z</time>
</trkpt>
<trkpt lat="45.41656997" lon="7.97897194">
<ele>228.26471</ele>
<time>2026-05-08T08:20:49Z</time>
</trkpt>
<trkpt lat="45.41652558" lon="7.97937595">
<ele>228.26471</ele>
<time>2026-05-08T08:20:50Z</time>
</trkpt>
<trkpt lat="45.41647805" lon="7.97977147">
<ele>228.26471</ele>
<time>2026-05-08T08:20:51Z</time>
</trkpt>
<trkpt lat="45.41643149" lon="7.98016909">
<ele>228.31755</ele>
<time>2026-05-08T08:20:52Z</time>
</trkpt>
<trkpt lat="45.41638812" lon="7.98055698">
<ele>228.3704</ele>
<time>2026-05-08T08:20:53Z</time>
</trkpt>
<trkpt lat="45.41635005" lon="7.98094459">
<ele>228.43382</ele>
<time>2026-05-08T08:20:54Z</time>
</trkpt>
<trkpt lat="45.4163054" lon="7.98133562">
<ele>228.48138</ele>
<time>2026-05-08T08:20:55Z</time>
</trkpt>
<trkpt lat="45.4162605" lon="7.98172674">
<ele>228.56593</ele>
<time>2026-05-08T08:20:56Z</time>
</trkpt>
<trkpt lat="45.41621453" lon="7.98212775">
<ele>228.62407</ele>
<time>2026-05-08T08:20:57Z</time>
</trkpt>
<trkpt lat="45.41617171" lon="7.98251235">
<ele>228.68748</ele>
<time>2026-05-08T08:20:58Z</time>
</trkpt>
<trkpt lat="45.41612555" lon="7.98290359">
<ele>228.72447</ele>
<time>2026-05-08T08:20:59Z</time>
</trkpt>
<trkpt lat="45.41608307" lon="7.98329494">
<ele>228.77203</ele>
<time>2026-05-08T08:21:00Z</time>
</trkpt>
<trkpt lat="45.41604035" lon="7.98368861">
<ele>228.78789</ele>
<time>2026-05-08T08:21:01Z</time>
</trkpt>
<trkpt lat="45.41599966" lon="7.98408213">
<ele>228.80902</ele>
<time>2026-05-08T08:21:02Z</time>
</trkpt>
<trkpt lat="45.41595428" lon="7.98448698">
<ele>228.83017</ele>
<time>2026-05-08T08:21:03Z</time>
</trkpt>
<trkpt lat="45.41591476" lon="7.98488833">
<ele>228.86188</ele>
<time>2026-05-08T08:21:04Z</time>
</trkpt>
<trkpt lat="45.41586758" lon="7.98528257">
<ele>228.89886</ele>
<time>2026-05-08T08:21:05Z</time>
</trkpt>
<trkpt lat="45.4158184" lon="7.98567919">
<ele>228.91472</ele>
<time>2026-05-08T08:21:06Z</time>
</trkpt>
<trkpt lat="45.4157765" lon="7.98607254">
<ele>228.89886</ele>
<time>2026-05-08T08:21:07Z</time>
</trkpt>
<trkpt lat="45.41573211" lon="7.98646772">
<ele>228.9253</ele>
<time>2026-05-08T08:21:08Z</time>
</trkpt>
<trkpt lat="45.41569168" lon="7.98685947">
<ele>228.9253</ele>
<time>2026-05-08T08:21:09Z</time>
</trkpt>
<trkpt lat="45.41564903" lon="7.98725705">
<ele>228.94115</ele>
<time>2026-05-08T08:21:10Z</time>
</trkpt>
<trkpt lat="45.41560425" lon="7.98765033">
<ele>228.92</ele>
<time>2026-05-08T08:21:11Z</time>
</trkpt>
<trkpt lat="45.41556568" lon="7.98803315">
<ele>228.93587</ele>
<time>2026-05-08T08:21:12Z</time>
</trkpt>
<trkpt lat="45.41551924" lon="7.98842777">
<ele>228.92</ele>
<time>2026-05-08T08:21:13Z</time>
</trkpt>
<trkpt lat="45.41547599" lon="7.98882479">
<ele>228.95699</ele>
<time>2026-05-08T08:21:14Z</time>
</trkpt>
<trkpt lat="45.41542673" lon="7.98922529">
<ele>229.04155</ele>
<time>2026-05-08T08:21:15Z</time>
</trkpt>
<trkpt lat="45.41537803" lon="7.98962002">
<ele>229.16309</ele>
<time>2026-05-08T08:21:16Z</time>
</trkpt>
<trkpt lat="45.41533583" lon="7.99000742">
<ele>229.29521</ele>
<time>2026-05-08T08:21:17Z</time>
</trkpt>
<trkpt lat="45.41529125" lon="7.99039597">
<ele>229.53302</ele>
<time>2026-05-08T08:21:18Z</time>
</trkpt>
<trkpt lat="45.41524562" lon="7.99078865">
<ele>229.87653</ele>
<time>2026-05-08T08:21:19Z</time>
</trkpt>
<trkpt lat="45.41520498" lon="7.99118223">
<ele>230.2676</ele>
<time>2026-05-08T08:21:20Z</time>
</trkpt>
<trkpt lat="45.41516803" lon="7.99157692">
<ele>230.68509</ele>
<time>2026-05-08T08:21:21Z</time>
</trkpt>
<trkpt lat="45.4151261" lon="7.99196505">
<ele>231.07085</ele>
<time>2026-05-08T08:21:22Z</time>
</trkpt>
<trkpt lat="45.41508149" lon="7.99236215">
<ele>231.57819</ele>
<time>2026-05-08T08:21:23Z</time>
</trkpt>
<trkpt lat="45.41503143" lon="7.99275571">
<ele>232.1172</ele>
<time>2026-05-08T08:21:24Z</time>
</trkpt>
<trkpt lat="45.41498048" lon="7.99314544">
<ele>232.69853</ele>
<time>2026-05-08T08:21:25Z</time>
</trkpt>
<trkpt lat="45.4149302" lon="7.99353313">
<ele>233.30626</ele>
<time>2026-05-08T08:21:26Z</time>
</trkpt>
<trkpt lat="45.41488344" lon="7.99391652">
<ele>233.9087</ele>
<time>2026-05-08T08:21:27Z</time>
</trkpt>
<trkpt lat="45.41481799" lon="7.99430622">
<ele>234.5587</ele>
<time>2026-05-08T08:21:28Z</time>
</trkpt>
<trkpt lat="45.41474844" lon="7.99469787">
<ele>235.22458</ele>
<time>2026-05-08T08:21:29Z</time>
</trkpt>
<trkpt lat="45.41467119" lon="7.99508387">
<ele>235.92215</ele>
<time>2026-05-08T08:21:30Z</time>
</trkpt>
<trkpt lat="45.41458659" lon="7.9954711">
<ele>236.60916</ele>
<time>2026-05-08T08:21:31Z</time>
</trkpt>
<trkpt lat="45.41449993" lon="7.99585325">
<ele>237.32259</ele>
<time>2026-05-08T08:21:32Z</time>
</trkpt>
<trkpt lat="45.41441744" lon="7.99622892">
<ele>238.05186</ele>
<time>2026-05-08T08:21:33Z</time>
</trkpt>
<trkpt lat="45.41431936" lon="7.99661017">
<ele>238.80756</ele>
<time>2026-05-08T08:21:34Z</time>
</trkpt>
<trkpt lat="45.41422502" lon="7.99698169">
<ele>239.61612</ele>
<time>2026-05-08T08:21:35Z</time>
</trkpt>
<trkpt lat="45.41411961" lon="7.99735677">
<ele>240.50922</ele>
<time>2026-05-08T08:21:36Z</time>
</trkpt>
<trkpt lat="45.41401397" lon="7.99772973">
<ele>241.40761</ele>
<time>2026-05-08T08:21:37Z</time>
</trkpt>
<trkpt lat="45.41390739" lon="7.99809899">
<ele>242.28487</ele>
<time>2026-05-08T08:21:38Z</time>
</trkpt>
<trkpt lat="45.41379527" lon="7.99846936">
<ele>243.0987</ele>
<time>2026-05-08T08:21:39Z</time>
</trkpt>
<trkpt lat="45.41368208" lon="7.99882814">
<ele>243.89668</ele>
<time>2026-05-08T08:21:40Z</time>
</trkpt>
<trkpt lat="45.41355946" lon="7.99918925">
<ele>244.71579</ele>
<time>2026-05-08T08:21:41Z</time>
</trkpt>
<trkpt lat="45.41343808" lon="7.99953626">
<ele>245.52963</ele>
<time>2026-05-08T08:21:42Z</time>
</trkpt>
<trkpt lat="45.41330325" lon="7.99988096">
<ele>246.2906</ele>
<time>2026-05-08T08:21:43Z</time>
</trkpt>
<trkpt lat="45.41306058" lon="8.00055029">
<ele>247.05688</ele>
<time>2026-05-08T08:21:44Z</time>
</trkpt>
<trkpt lat="45.41293753" lon="8.00088012">
<ele>247.81787</ele>
<time>2026-05-08T08:21:45Z</time>
</trkpt>
<trkpt lat="45.41280787" lon="8.00121037">
<ele>248.60529</ele>
<time>2026-05-08T08:21:46Z</time>
</trkpt>
<trkpt lat="45.41266844" lon="8.00154587">
<ele>249.4244</ele>
<time>2026-05-08T08:21:47Z</time>
</trkpt>
<trkpt lat="45.4125298" lon="8.00188443">
<ele>250.31223</ele>
<time>2026-05-08T08:21:48Z</time>
</trkpt>
<trkpt lat="45.41238109" lon="8.00223301">
<ele>251.26347</ele>
<time>2026-05-08T08:21:49Z</time>
</trkpt>
<trkpt lat="45.41223131" lon="8.00257653">
<ele>252.2411</ele>
<time>2026-05-08T08:21:50Z</time>
</trkpt>
<trkpt lat="45.41208589" lon="8.00291941">
<ele>253.13951</ele>
<time>2026-05-08T08:21:51Z</time>
</trkpt>
<trkpt lat="45.41193203" lon="8.0032674">
<ele>254.06432</ele>
<time>2026-05-08T08:21:52Z</time>
</trkpt>
<trkpt lat="45.41179065" lon="8.00360762">
<ele>254.98384</ele>
<time>2026-05-08T08:21:53Z</time>
</trkpt>
<trkpt lat="45.41164315" lon="8.00394554">
<ele>255.82939</ele>
<time>2026-05-08T08:21:54Z</time>
</trkpt>
<trkpt lat="45.41150207" lon="8.00428538">
<ele>256.8546</ele>
<time>2026-05-08T08:21:55Z</time>
</trkpt>
<trkpt lat="45.41137598" lon="8.00461176">
<ele>258.07007</ele>
<time>2026-05-08T08:21:56Z</time>
</trkpt>
<trkpt lat="45.41125468" lon="8.00497032">
<ele>258.8522</ele>
<time>2026-05-08T08:21:57Z</time>
</trkpt>
<trkpt lat="45.41111148" lon="8.00531559">
<ele>259.74002</ele>
<time>2026-05-08T08:21:58Z</time>
</trkpt>
<trkpt lat="45.41095875" lon="8.00565824">
<ele>260.65955</ele>
<time>2026-05-08T08:21:59Z</time>
</trkpt>
<trkpt lat="45.41080907" lon="8.00600284">
<ele>261.6372</ele>
<time>2026-05-08T08:22:00Z</time>
</trkpt>
<trkpt lat="45.41067846" lon="8.00634257">
<ele>262.6307</ele>
<time>2026-05-08T08:22:01Z</time>
</trkpt>
<trkpt lat="45.41053076" lon="8.00668699">
<ele>263.57138</ele>
<time>2026-05-08T08:22:02Z</time>
</trkpt>
<trkpt lat="45.41038462" lon="8.00703503">
<ele>264.46976</ele>
<time>2026-05-08T08:22:03Z</time>
</trkpt>
<trkpt lat="45.41024282" lon="8.007377">
<ele>265.33118</ele>
<time>2026-05-08T08:22:04Z</time>
</trkpt>
<trkpt lat="45.41010132" lon="8.0077184">
<ele>266.16086</ele>
<time>2026-05-08T08:22:05Z</time>
</trkpt>
<trkpt lat="45.40996106" lon="8.00806588">
<ele>266.943</ele>
<time>2026-05-08T08:22:06Z</time>
</trkpt>
<trkpt lat="45.40982285" lon="8.00841747">
<ele>267.77795</ele>
<time>2026-05-08T08:22:07Z</time>
</trkpt>
<trkpt lat="45.40965992" lon="8.00876032">
<ele>268.55478</ele>
<time>2026-05-08T08:22:08Z</time>
</trkpt>
<trkpt lat="45.40950822" lon="8.00912696">
<ele>269.3158</ele>
<time>2026-05-08T08:22:09Z</time>
</trkpt>
<trkpt lat="45.40936966" lon="8.00946558">
<ele>269.9975</ele>
<time>2026-05-08T08:22:10Z</time>
</trkpt>
<trkpt lat="45.40924228" lon="8.00980982">
<ele>270.66864</ele>
<time>2026-05-08T08:22:11Z</time>
</trkpt>
<trkpt lat="45.40909952" lon="8.01015574">
<ele>271.2711</ele>
<time>2026-05-08T08:22:12Z</time>
</trkpt>
<trkpt lat="45.4089644" lon="8.01050029">
<ele>271.8207</ele>
<time>2026-05-08T08:22:13Z</time>
</trkpt>
<trkpt lat="45.40882633" lon="8.01084988">
<ele>272.3069</ele>
<time>2026-05-08T08:22:14Z</time>
</trkpt>
<trkpt lat="45.40869276" lon="8.01119968">
<ele>272.77722</ele>
<time>2026-05-08T08:22:15Z</time>
</trkpt>
<trkpt lat="45.40855198" lon="8.01154375">
<ele>273.20526</ele>
<time>2026-05-08T08:22:16Z</time>
</trkpt>
<trkpt lat="45.40841061" lon="8.01189141">
<ele>273.60162</ele>
<time>2026-05-08T08:22:17Z</time>
</trkpt>
<trkpt lat="45.40826466" lon="8.01224058">
<ele>273.998</ele>
<time>2026-05-08T08:22:18Z</time>
</trkpt>
<trkpt lat="45.40811719" lon="8.01258068">
<ele>274.26752</ele>
<time>2026-05-08T08:22:19Z</time>
</trkpt>
<trkpt lat="45.40797262" lon="8.01292942">
<ele>274.5423</ele>
<time>2026-05-08T08:22:20Z</time>
</trkpt>
<trkpt lat="45.40783166" lon="8.01325835">
<ele>274.7801</ele>
<time>2026-05-08T08:22:21Z</time>
</trkpt>
<trkpt lat="45.40768264" lon="8.01360016">
<ele>275.0179</ele>
<time>2026-05-08T08:22:22Z</time>
</trkpt>
<trkpt lat="45.40753714" lon="8.01394561">
<ele>275.1553</ele>
<time>2026-05-08T08:22:23Z</time>
</trkpt>
<trkpt lat="45.40738678" lon="8.01428091">
<ele>275.27158</ele>
<time>2026-05-08T08:22:24Z</time>
</trkpt>
<trkpt lat="45.40723575" lon="8.01461125">
<ele>275.36142</ele>
<time>2026-05-08T08:22:25Z</time>
</trkpt>
<trkpt lat="45.40707661" lon="8.01492506">
<ele>275.4354</ele>
<time>2026-05-08T08:22:26Z</time>
</trkpt>
<trkpt lat="45.40688513" lon="8.01521731">
<ele>275.5464</ele>
<time>2026-05-08T08:22:27Z</time>
</trkpt>
<trkpt lat="45.40667912" lon="8.01551424">
<ele>275.59393</ele>
<time>2026-05-08T08:22:28Z</time>
</trkpt>
<trkpt lat="45.40649642" lon="8.01581663">
<ele>275.6415</ele>
<time>2026-05-08T08:22:29Z</time>
</trkpt>
<trkpt lat="45.40629758" lon="8.01609919">
<ele>275.63092</ele>
<time>2026-05-08T08:22:30Z</time>
</trkpt>
<trkpt lat="45.40610188" lon="8.01636433">
<ele>275.5781</ele>
<time>2026-05-08T08:22:31Z</time>
</trkpt>
<trkpt lat="45.40591024" lon="8.01660967">
<ele>275.37198</ele>
<time>2026-05-08T08:22:32Z</time>
</trkpt>
<trkpt lat="45.4057217" lon="8.01683437">
<ele>275.49353</ele>
<time>2026-05-08T08:22:33Z</time>
</trkpt>
<trkpt lat="45.40553313" lon="8.01704407">
<ele>275.28214</ele>
<time>2026-05-08T08:22:34Z</time>
</trkpt>
<trkpt lat="45.40534884" lon="8.01726544">
<ele>275.0866</ele>
<time>2026-05-08T08:22:35Z</time>
</trkpt>
<trkpt lat="45.40514592" lon="8.01747581">
<ele>274.9175</ele>
<time>2026-05-08T08:22:36Z</time>
</trkpt>
<trkpt lat="45.40493844" lon="8.01767844">
<ele>274.7801</ele>
<time>2026-05-08T08:22:37Z</time>
</trkpt>
<trkpt lat="45.40474077" lon="8.01786456">
<ele>274.65326</ele>
<time>2026-05-08T08:22:38Z</time>
</trkpt>
<trkpt lat="45.40453432" lon="8.01804694">
<ele>274.463</ele>
<time>2026-05-08T08:22:39Z</time>
</trkpt>
<trkpt lat="45.40431926" lon="8.01822442">
<ele>274.3045</ele>
<time>2026-05-08T08:22:40Z</time>
</trkpt>
<trkpt lat="45.40409312" lon="8.01838908">
<ele>274.17236</ele>
<time>2026-05-08T08:22:41Z</time>
</trkpt>
<trkpt lat="45.40386387" lon="8.0185478">
<ele>274.0984</ele>
<time>2026-05-08T08:22:42Z</time>
</trkpt>
<trkpt lat="45.40363134" lon="8.01870657">
<ele>274.06668</ele>
<time>2026-05-08T08:22:43Z</time>
</trkpt>
<trkpt lat="45.40339561" lon="8.01885785">
<ele>273.96628</ele>
<time>2026-05-08T08:22:44Z</time>
</trkpt>
<trkpt lat="45.40315892" lon="8.01901382">
<ele>273.86057</ele>
<time>2026-05-08T08:22:45Z</time>
</trkpt>
<trkpt lat="45.4029169" lon="8.01916083">
<ele>273.7866</ele>
<time>2026-05-08T08:22:46Z</time>
</trkpt>
<trkpt lat="45.40267497" lon="8.01930968">
<ele>273.73373</ele>
<time>2026-05-08T08:22:47Z</time>
</trkpt>
<trkpt lat="45.40242498" lon="8.01946143">
<ele>273.69147</ele>
<time>2026-05-08T08:22:48Z</time>
</trkpt>
<trkpt lat="45.40218116" lon="8.0196154">
<ele>273.62277</ele>
<time>2026-05-08T08:22:49Z</time>
</trkpt>
<trkpt lat="45.40194119" lon="8.01977071">
<ele>273.59106</ele>
<time>2026-05-08T08:22:50Z</time>
</trkpt>
<trkpt lat="45.40170065" lon="8.01992584">
<ele>273.51706</ele>
<time>2026-05-08T08:22:51Z</time>
</trkpt>
<trkpt lat="45.40146609" lon="8.02006976">
<ele>273.43253</ele>
<time>2026-05-08T08:22:52Z</time>
</trkpt>
<trkpt lat="45.4012179" lon="8.02022337">
<ele>273.38495</ele>
<time>2026-05-08T08:22:53Z</time>
</trkpt>
<trkpt lat="45.40097273" lon="8.02037012">
<ele>273.274</ele>
<time>2026-05-08T08:22:54Z</time>
</trkpt>
<trkpt lat="45.40071991" lon="8.0205236">
<ele>273.2264</ele>
<time>2026-05-08T08:22:55Z</time>
</trkpt>
<trkpt lat="45.40047543" lon="8.02068187">
<ele>273.1947</ele>
<time>2026-05-08T08:22:56Z</time>
</trkpt>
<trkpt lat="45.40023921" lon="8.02082928">
<ele>273.15244</ele>
<time>2026-05-08T08:22:57Z</time>
</trkpt>
<trkpt lat="45.39999667" lon="8.02098452">
<ele>273.126</ele>
<time>2026-05-08T08:22:58Z</time>
</trkpt>
<trkpt lat="45.39975715" lon="8.02113797">
<ele>273.12073</ele>
<time>2026-05-08T08:22:59Z</time>
</trkpt>
<trkpt lat="45.3995187" lon="8.02129655">
<ele>273.13657</ele>
<time>2026-05-08T08:23:00Z</time>
</trkpt>
<trkpt lat="45.39928553" lon="8.02145262">
<ele>273.24756</ele>
<time>2026-05-08T08:23:01Z</time>
</trkpt>
<trkpt lat="45.39906145" lon="8.02161077">
<ele>273.40082</ele>
<time>2026-05-08T08:23:02Z</time>
</trkpt>
<trkpt lat="45.39883307" lon="8.02178021">
<ele>273.55408</ele>
<time>2026-05-08T08:23:03Z</time>
</trkpt>
<trkpt lat="45.39860873" lon="8.02195874">
<ele>273.7496</ele>
<time>2026-05-08T08:23:04Z</time>
</trkpt>
<trkpt lat="45.39839143" lon="8.02213998">
<ele>273.998</ele>
<time>2026-05-08T08:23:05Z</time>
</trkpt>
<trkpt lat="45.3981879" lon="8.02233894">
<ele>274.18292</ele>
<time>2026-05-08T08:23:06Z</time>
</trkpt>
<trkpt lat="45.39798672" lon="8.02253195">
<ele>274.3415</ele>
<time>2026-05-08T08:23:07Z</time>
</trkpt>
<trkpt lat="45.39779271" lon="8.02273194">
<ele>274.5423</ele>
<time>2026-05-08T08:23:08Z</time>
</trkpt>
<trkpt lat="45.39759974" lon="8.02294084">
<ele>274.7431</ele>
<time>2026-05-08T08:23:09Z</time>
</trkpt>
<trkpt lat="45.39741366" lon="8.02315947">
<ele>274.96506</ele>
<time>2026-05-08T08:23:10Z</time>
</trkpt>
<trkpt lat="45.3972297" lon="8.02337901">
<ele>275.21344</ele>
<time>2026-05-08T08:23:11Z</time>
</trkpt>
<trkpt lat="45.39704841" lon="8.02360537">
<ele>275.4988</ele>
<time>2026-05-08T08:23:12Z</time>
</trkpt>
<trkpt lat="45.3968779" lon="8.0238353">
<ele>275.80005</ele>
<time>2026-05-08T08:23:13Z</time>
</trkpt>
<trkpt lat="45.39669997" lon="8.0240775">
<ele>276.14355</ele>
<time>2026-05-08T08:23:14Z</time>
</trkpt>
<trkpt lat="45.39653581" lon="8.0243273">
<ele>276.4712</ele>
<time>2026-05-08T08:23:15Z</time>
</trkpt>
<trkpt lat="45.39636717" lon="8.02459205">
<ele>276.78827</ele>
<time>2026-05-08T08:23:16Z</time>
</trkpt>
<trkpt lat="45.39620894" lon="8.02486338">
<ele>277.1265</ele>
<time>2026-05-08T08:23:17Z</time>
</trkpt>
<trkpt lat="45.39604911" lon="8.02514089">
<ele>277.49112</ele>
<time>2026-05-08T08:23:18Z</time>
</trkpt>
<trkpt lat="45.3958949" lon="8.0254283">
<ele>277.92975</ele>
<time>2026-05-08T08:23:19Z</time>
</trkpt>
<trkpt lat="45.39575379" lon="8.02572832">
<ele>278.33667</ele>
<time>2026-05-08T08:23:20Z</time>
</trkpt>
<trkpt lat="45.39561387" lon="8.02601971">
<ele>278.77</ele>
<time>2026-05-08T08:23:21Z</time>
</trkpt>
<trkpt lat="45.39547429" lon="8.02631963">
<ele>279.18222</ele>
<time>2026-05-08T08:23:22Z</time>
</trkpt>
<trkpt lat="45.39533873" lon="8.02662031">
<ele>279.57327</ele>
<time>2026-05-08T08:23:23Z</time>
</trkpt>
<trkpt lat="45.39520365" lon="8.02691047">
<ele>279.9696</ele>
<time>2026-05-08T08:23:24Z</time>
</trkpt>
<trkpt lat="45.39506671" lon="8.02719582">
<ele>280.36597</ele>
<time>2026-05-08T08:23:25Z</time>
</trkpt>
<trkpt lat="45.39493688" lon="8.02746532">
<ele>280.70947</ele>
<time>2026-05-08T08:23:26Z</time>
</trkpt>
<trkpt lat="45.39481722" lon="8.02772912">
<ele>281.0054</ele>
<time>2026-05-08T08:23:27Z</time>
</trkpt>
<trkpt lat="45.39468962" lon="8.02798497">
<ele>281.29077</ele>
<time>2026-05-08T08:23:28Z</time>
</trkpt>
<trkpt lat="45.39458006" lon="8.02823249">
<ele>281.57614</ele>
<time>2026-05-08T08:23:29Z</time>
</trkpt>
<trkpt lat="45.39446675" lon="8.02847213">
<ele>281.85095</ele>
<time>2026-05-08T08:23:30Z</time>
</trkpt>
<trkpt lat="45.39435872" lon="8.02871705">
<ele>282.12576</ele>
<time>2026-05-08T08:23:31Z</time>
</trkpt>
<trkpt lat="45.39424544" lon="8.02894777">
<ele>282.43225</ele>
<time>2026-05-08T08:23:32Z</time>
</trkpt>
<trkpt lat="45.39413885" lon="8.02917336">
<ele>282.7335</ele>
<time>2026-05-08T08:23:33Z</time>
</trkpt>
<trkpt lat="45.39403205" lon="8.02940122">
<ele>283.01358</ele>
<time>2026-05-08T08:23:34Z</time>
</trkpt>
<trkpt lat="45.39393145" lon="8.02962056">
<ele>283.25668</ele>
<time>2026-05-08T08:23:35Z</time>
</trkpt>
<trkpt lat="45.39382923" lon="8.02982371">
<ele>283.4892</ele>
<time>2026-05-08T08:23:36Z</time>
</trkpt>
<trkpt lat="45.39373126" lon="8.03003225">
<ele>283.70584</ele>
<time>2026-05-08T08:23:37Z</time>
</trkpt>
<trkpt lat="45.39364253" lon="8.03022783">
<ele>283.9331</ele>
<time>2026-05-08T08:23:38Z</time>
</trkpt>
<trkpt lat="45.39355819" lon="8.03042828">
<ele>284.1339</ele>
<time>2026-05-08T08:23:39Z</time>
</trkpt>
<trkpt lat="45.39346641" lon="8.0306196">
<ele>284.35587</ele>
<time>2026-05-08T08:23:40Z</time>
</trkpt>
<trkpt lat="45.39337756" lon="8.03080315">
<ele>284.5514</ele>
<time>2026-05-08T08:23:41Z</time>
</trkpt>
<trkpt lat="45.39329687" lon="8.03098182">
<ele>284.73108</ele>
<time>2026-05-08T08:23:42Z</time>
</trkpt>
<trkpt lat="45.39322107" lon="8.03113911">
<ele>284.8632</ele>
<time>2026-05-08T08:23:43Z</time>
</trkpt>
<trkpt lat="45.39315167" lon="8.03128649">
<ele>285.00058</ele>
<time>2026-05-08T08:23:44Z</time>
</trkpt>
<trkpt lat="45.39308627" lon="8.03144334">
<ele>285.15915</ele>
<time>2026-05-08T08:23:45Z</time>
</trkpt>
<trkpt lat="45.39301411" lon="8.03160248">
<ele>285.30182</ele>
<time>2026-05-08T08:23:46Z</time>
</trkpt>
<trkpt lat="45.3929435" lon="8.03174592">
<ele>285.5132</ele>
<time>2026-05-08T08:23:47Z</time>
</trkpt>
<trkpt lat="45.39288581" lon="8.03188557">
<ele>285.65588</ele>
<time>2026-05-08T08:23:48Z</time>
</trkpt>
<trkpt lat="45.39281743" lon="8.03200339">
<ele>285.75632</ele>
<time>2026-05-08T08:23:49Z</time>
</trkpt>
<trkpt lat="45.39276583" lon="8.03210609">
<ele>285.84613</ele>
<time>2026-05-08T08:23:50Z</time>
</trkpt>
<trkpt lat="45.39271801" lon="8.03221119">
<ele>285.95712</ele>
<time>2026-05-08T08:23:51Z</time>
</trkpt>
<trkpt lat="45.39267752" lon="8.03230415">
<ele>286.05753</ele>
<time>2026-05-08T08:23:52Z</time>
</trkpt>
<trkpt lat="45.39262537" lon="8.03239934">
<ele>286.18964</ele>
<time>2026-05-08T08:23:53Z</time>
</trkpt>
<trkpt lat="45.3925623" lon="8.03247678">
<ele>286.32178</ele>
<time>2026-05-08T08:23:54Z</time>
</trkpt>
<trkpt lat="45.39248386" lon="8.03254997">
<ele>286.45917</ele>
<time>2026-05-08T08:23:55Z</time>
</trkpt>
<trkpt lat="45.3923945" lon="8.03261634">
<ele>286.59656</ele>
<time>2026-05-08T08:23:56Z</time>
</trkpt>
<trkpt lat="45.39231316" lon="8.03269671">
<ele>286.73926</ele>
<time>2026-05-08T08:23:57Z</time>
</trkpt>
<trkpt lat="45.39222824" lon="8.03279054">
<ele>286.8925</ele>
<time>2026-05-08T08:23:58Z</time>
</trkpt>
<trkpt lat="45.39215597" lon="8.03290327">
<ele>287.01932</ele>
<time>2026-05-08T08:23:59Z</time>
</trkpt>
<trkpt lat="45.39208452" lon="8.03303506">
<ele>287.10388</ele>
<time>2026-05-08T08:24:00Z</time>
</trkpt>
<trkpt lat="45.39201653" lon="8.0331795">
<ele>287.18845</ele>
<time>2026-05-08T08:24:01Z</time>
</trkpt>
<trkpt lat="45.39193567" lon="8.03333517">
<ele>287.199</ele>
<time>2026-05-08T08:24:02Z</time>
</trkpt>
<trkpt lat="45.39185725" lon="8.03351023">
<ele>287.1567</ele>
<time>2026-05-08T08:24:03Z</time>
</trkpt>
<trkpt lat="45.39177062" lon="8.03369425">
<ele>287.0352</ele>
<time>2026-05-08T08:24:04Z</time>
</trkpt>
<trkpt lat="45.39168243" lon="8.03389268">
<ele>286.85022</ele>
<time>2026-05-08T08:24:05Z</time>
</trkpt>
<trkpt lat="45.39159855" lon="8.03409232">
<ele>286.6177</ele>
<time>2026-05-08T08:24:06Z</time>
</trkpt>
<trkpt lat="45.39150691" lon="8.03429937">
<ele>286.31647</ele>
<time>2026-05-08T08:24:07Z</time>
</trkpt>
<trkpt lat="45.39140952" lon="8.0345144">
<ele>285.98883</ele>
<time>2026-05-08T08:24:08Z</time>
</trkpt>
<trkpt lat="45.39131381" lon="8.03473093">
<ele>285.66116</ele>
<time>2026-05-08T08:24:09Z</time>
</trkpt>
<trkpt lat="45.39121821" lon="8.03494061">
<ele>285.32825</ele>
<time>2026-05-08T08:24:10Z</time>
</trkpt>
<trkpt lat="45.39113147" lon="8.03513871">
<ele>285.04288</ele>
<time>2026-05-08T08:24:11Z</time>
</trkpt>
<trkpt lat="45.39104372" lon="8.0353262">
<ele>284.8368</ele>
<time>2026-05-08T08:24:12Z</time>
</trkpt>
<trkpt lat="45.39097522" lon="8.03550689">
<ele>284.70993</ele>
<time>2026-05-08T08:24:13Z</time>
</trkpt>
<trkpt lat="45.39089035" lon="8.03568632">
<ele>284.6835</ele>
<time>2026-05-08T08:24:14Z</time>
</trkpt>
<trkpt lat="45.39081489" lon="8.03584999">
<ele>284.7628</ele>
<time>2026-05-08T08:24:15Z</time>
</trkpt>
<trkpt lat="45.39073934" lon="8.03601272">
<ele>284.8949</ele>
<time>2026-05-08T08:24:16Z</time>
</trkpt>
<trkpt lat="45.39066657" lon="8.03616922">
<ele>285.07986</ele>
<time>2026-05-08T08:24:17Z</time>
</trkpt>
<trkpt lat="45.39059541" lon="8.03632976">
<ele>285.39694</ele>
<time>2026-05-08T08:24:18Z</time>
</trkpt>
<trkpt lat="45.3905212" lon="8.03649132">
<ele>285.7299</ele>
<time>2026-05-08T08:24:19Z</time>
</trkpt>
<trkpt lat="45.39044672" lon="8.03665012">
<ele>286.12094</ele>
<time>2026-05-08T08:24:20Z</time>
</trkpt>
<trkpt lat="45.39036907" lon="8.03681427">
<ele>286.52255</ele>
<time>2026-05-08T08:24:21Z</time>
</trkpt>
<trkpt lat="45.3902952" lon="8.03697359">
<ele>287.00348</ele>
<time>2026-05-08T08:24:22Z</time>
</trkpt>
<trkpt lat="45.39022594" lon="8.03712925">
<ele>287.50552</ele>
<time>2026-05-08T08:24:23Z</time>
</trkpt>
<trkpt lat="45.39015667" lon="8.03728422">
<ele>288.03925</ele>
<time>2026-05-08T08:24:24Z</time>
</trkpt>
<trkpt lat="45.39009089" lon="8.037431">
<ele>288.6153</ele>
<time>2026-05-08T08:24:25Z</time>
</trkpt>
<trkpt lat="45.39002676" lon="8.03757123">
<ele>289.21246</ele>
<time>2026-05-08T08:24:26Z</time>
</trkpt>
<trkpt lat="45.38997602" lon="8.03770802">
<ele>289.80435</ele>
<time>2026-05-08T08:24:27Z</time>
</trkpt>
<trkpt lat="45.38994546" lon="8.0378428">
<ele>290.39093</ele>
<time>2026-05-08T08:24:28Z</time>
</trkpt>
<trkpt lat="45.38992587" lon="8.03796317">
<ele>290.92468</ele>
<time>2026-05-08T08:24:29Z</time>
</trkpt>
<trkpt lat="45.38992204" lon="8.03808354">
<ele>291.44785</ele>
<time>2026-05-08T08:24:30Z</time>
</trkpt>
<trkpt lat="45.38992214" lon="8.03819932">
<ele>291.93933</ele>
<time>2026-05-08T08:24:31Z</time>
</trkpt>
<trkpt lat="45.38992059" lon="8.03831561">
<ele>292.41495</ele>
<time>2026-05-08T08:24:32Z</time>
</trkpt>
<trkpt lat="45.38990832" lon="8.03844211">
<ele>292.8483</ele>
<time>2026-05-08T08:24:33Z</time>
</trkpt>
<trkpt lat="45.38987901" lon="8.03856332">
<ele>293.27106</ele>
<time>2026-05-08T08:24:34Z</time>
</trkpt>
<trkpt lat="45.38983324" lon="8.03868682">
<ele>293.68854</ele>
<time>2026-05-08T08:24:35Z</time>
</trkpt>
<trkpt lat="45.38978012" lon="8.03880664">
<ele>294.09546</ele>
<time>2026-05-08T08:24:36Z</time>
</trkpt>
<trkpt lat="45.38972281" lon="8.03892637">
<ele>294.4865</ele>
<time>2026-05-08T08:24:37Z</time>
</trkpt>
<trkpt lat="45.38965628" lon="8.03905795">
<ele>294.86172</ele>
<time>2026-05-08T08:24:38Z</time>
</trkpt>
<trkpt lat="45.38959456" lon="8.03919699">
<ele>295.23694</ele>
<time>2026-05-08T08:24:39Z</time>
</trkpt>
<trkpt lat="45.38952833" lon="8.03934386">
<ele>295.6016</ele>
<time>2026-05-08T08:24:40Z</time>
</trkpt>
<trkpt lat="45.38946239" lon="8.03949421">
<ele>295.96622</ele>
<time>2026-05-08T08:24:41Z</time>
</trkpt>
<trkpt lat="45.38939158" lon="8.03964557">
<ele>296.315</ele>
<time>2026-05-08T08:24:42Z</time>
</trkpt>
<trkpt lat="45.38932228" lon="8.0398061">
<ele>296.6585</ele>
<time>2026-05-08T08:24:43Z</time>
</trkpt>
<trkpt lat="45.38925084" lon="8.03996629">
<ele>297.002</ele>
<time>2026-05-08T08:24:44Z</time>
</trkpt>
<trkpt lat="45.38917349" lon="8.04014137">
<ele>297.36664</ele>
<time>2026-05-08T08:24:45Z</time>
</trkpt>
<trkpt lat="45.3890933" lon="8.04031701">
<ele>297.763</ele>
<time>2026-05-08T08:24:46Z</time>
</trkpt>
<trkpt lat="45.38900435" lon="8.04050945">
<ele>298.1752</ele>
<time>2026-05-08T08:24:47Z</time>
</trkpt>
<trkpt lat="45.38891665" lon="8.04070511">
<ele>298.57684</ele>
<time>2026-05-08T08:24:48Z</time>
</trkpt>
<trkpt lat="45.38882133" lon="8.04091008">
<ele>298.99432</ele>
<time>2026-05-08T08:24:49Z</time>
</trkpt>
<trkpt lat="45.38872042" lon="8.04112131">
<ele>299.40652</ele>
<time>2026-05-08T08:24:50Z</time>
</trkpt>
<trkpt lat="45.38861504" lon="8.04133858">
<ele>299.81345</ele>
<time>2026-05-08T08:24:51Z</time>
</trkpt>
<trkpt lat="45.38851135" lon="8.04156531">
<ele>300.2468</ele>
<time>2026-05-08T08:24:52Z</time>
</trkpt>
<trkpt lat="45.38840333" lon="8.04180271">
<ele>300.66956</ele>
<time>2026-05-08T08:24:53Z</time>
</trkpt>
<trkpt lat="45.38829024" lon="8.04204388">
<ele>301.0659</ele>
<time>2026-05-08T08:24:54Z</time>
</trkpt>
<trkpt lat="45.38817899" lon="8.04228252">
<ele>301.57852</ele>
<time>2026-05-08T08:24:55Z</time>
</trkpt>
<trkpt lat="45.38806846" lon="8.0425208">
<ele>302.01184</ele>
<time>2026-05-08T08:24:56Z</time>
</trkpt>
<trkpt lat="45.3849769" lon="8.0492975">
<ele>309.20953</ele>
<time>2026-05-08T08:25:18Z</time>
</trkpt>
<trkpt lat="45.38483611" lon="8.04961341">
<ele>308.97174</ele>
<time>2026-05-08T08:25:19Z</time>
</trkpt>
<trkpt lat="45.38471267" lon="8.04995767">
<ele>308.4274</ele>
<time>2026-05-08T08:25:20Z</time>
</trkpt>
<trkpt lat="45.38458559" lon="8.05031813">
<ele>307.74567</ele>
<time>2026-05-08T08:25:21Z</time>
</trkpt>
<trkpt lat="45.38447616" lon="8.05068142">
<ele>307.20135</ele>
<time>2026-05-08T08:25:22Z</time>
</trkpt>
<trkpt lat="45.38435146" lon="8.05105012">
<ele>306.6993</ele>
<time>2026-05-08T08:25:23Z</time>
</trkpt>
<trkpt lat="45.38423056" lon="8.05141644">
<ele>306.20258</ele>
<time>2026-05-08T08:25:24Z</time>
</trkpt>
<trkpt lat="45.38411042" lon="8.0517832">
<ele>305.71637</ele>
<time>2026-05-08T08:25:25Z</time>
</trkpt>
<trkpt lat="45.38398974" lon="8.05216367">
<ele>305.24606</ele>
<time>2026-05-08T08:25:26Z</time>
</trkpt>
<trkpt lat="45.38388025" lon="8.052556">
<ele>304.6489</ele>
<time>2026-05-08T08:25:27Z</time>
</trkpt>
<trkpt lat="45.3837877" lon="8.05294762">
<ele>304.02002</ele>
<time>2026-05-08T08:25:28Z</time>
</trkpt>
<trkpt lat="45.38370495" lon="8.05333575">
<ele>303.36472</ele>
<time>2026-05-08T08:25:29Z</time>
</trkpt>
<trkpt lat="45.38362021" lon="8.05372498">
<ele>302.71472</ele>
<time>2026-05-08T08:25:30Z</time>
</trkpt>
<trkpt lat="45.38353705" lon="8.05411483">
<ele>302.04355</ele>
<time>2026-05-08T08:25:31Z</time>
</trkpt>
<trkpt lat="45.38344673" lon="8.05450134">
<ele>301.33542</ele>
<time>2026-05-08T08:25:32Z</time>
</trkpt>
<trkpt lat="45.38335337" lon="8.05487743">
<ele>300.6273</ele>
<time>2026-05-08T08:25:33Z</time>
</trkpt>
<trkpt lat="45.38326848" lon="8.05525636">
<ele>299.91913</ele>
<time>2026-05-08T08:25:34Z</time>
</trkpt>
<trkpt lat="45.38319046" lon="8.0556404">
<ele>299.25327</ele>
<time>2026-05-08T08:25:35Z</time>
</trkpt>
<trkpt lat="45.38310165" lon="8.05602243">
<ele>298.57153</ele>
<time>2026-05-08T08:25:36Z</time>
</trkpt>
<trkpt lat="45.38301394" lon="8.05640417">
<ele>297.88983</ele>
<time>2026-05-08T08:25:37Z</time>
</trkpt>
<trkpt lat="45.38292338" lon="8.05678532">
<ele>297.13412</ele>
<time>2026-05-08T08:25:38Z</time>
</trkpt>
<trkpt lat="45.38283954" lon="8.05716552">
<ele>296.37314</ele>
<time>2026-05-08T08:25:39Z</time>
</trkpt>
<trkpt lat="45.38275674" lon="8.05754781">
<ele>295.60687</ele>
<time>2026-05-08T08:25:40Z</time>
</trkpt>
<trkpt lat="45.38266985" lon="8.05792762">
<ele>294.7666</ele>
<time>2026-05-08T08:25:41Z</time>
</trkpt>
<trkpt lat="45.38259318" lon="8.05831312">
<ele>293.93164</ele>
<time>2026-05-08T08:25:42Z</time>
</trkpt>
<trkpt lat="45.38251439" lon="8.05869425">
<ele>293.10196</ele>
<time>2026-05-08T08:25:43Z</time>
</trkpt>
<trkpt lat="45.38243003" lon="8.05908054">
<ele>292.2617</ele>
<time>2026-05-08T08:25:44Z</time>
</trkpt>
<trkpt lat="45.38235373" lon="8.0594722">
<ele>291.52713</ele>
<time>2026-05-08T08:25:45Z</time>
</trkpt>
<trkpt lat="45.38226963" lon="8.05985197">
<ele>290.78198</ele>
<time>2026-05-08T08:25:46Z</time>
</trkpt>
<trkpt lat="45.38218698" lon="8.06023927">
<ele>289.99988</ele>
<time>2026-05-08T08:25:47Z</time>
</trkpt>
<trkpt lat="45.38210571" lon="8.06061699">
<ele>289.22302</ele>
<time>2026-05-08T08:25:48Z</time>
</trkpt>
<trkpt lat="45.38201993" lon="8.06099182">
<ele>288.4356</ele>
<time>2026-05-08T08:25:49Z</time>
</trkpt>
<trkpt lat="45.38193062" lon="8.06137405">
<ele>287.66934</ele>
<time>2026-05-08T08:25:50Z</time>
</trkpt>
<trkpt lat="45.38184693" lon="8.06175509">
<ele>286.94534</ele>
<time>2026-05-08T08:25:51Z</time>
</trkpt>
<trkpt lat="45.38175974" lon="8.06213593">
<ele>286.19492</ele>
<time>2026-05-08T08:25:52Z</time>
</trkpt>
<trkpt lat="45.38167646" lon="8.06251267">
<ele>285.57663</ele>
<time>2026-05-08T08:25:53Z</time>
</trkpt>
<trkpt lat="45.38159533" lon="8.06289276">
<ele>284.8949</ele>
<time>2026-05-08T08:25:54Z</time>
</trkpt>
<trkpt lat="45.38151416" lon="8.06327595">
<ele>284.26074</ele>
<time>2026-05-08T08:25:55Z</time>
</trkpt>
<trkpt lat="45.38143446" lon="8.06365208">
<ele>283.56317</ele>
<time>2026-05-08T08:25:56Z</time>
</trkpt>
<trkpt lat="45.38135019" lon="8.0640324">
<ele>282.92374</ele>
<time>2026-05-08T08:25:57Z</time>
</trkpt>
<trkpt lat="45.38126417" lon="8.06441077">
<ele>282.2843</ele>
<time>2026-05-08T08:25:58Z</time>
</trkpt>
<trkpt lat="45.38117778" lon="8.06478942">
<ele>281.65543</ele>
<time>2026-05-08T08:25:59Z</time>
</trkpt>
<trkpt lat="45.38109393" lon="8.06517979">
<ele>281.0371</ele>
<time>2026-05-08T08:26:00Z</time>
</trkpt>
<trkpt lat="45.38100907" lon="8.06556137">
<ele>280.4558</ele>
<time>2026-05-08T08:26:01Z</time>
</trkpt>
<trkpt lat="45.38092388" lon="8.06594062">
<ele>279.85864</ele>
<time>2026-05-08T08:26:02Z</time>
</trkpt>
<trkpt lat="45.38084032" lon="8.06632835">
<ele>279.27734</ele>
<time>2026-05-08T08:26:03Z</time>
</trkpt>
<trkpt lat="45.38076138" lon="8.06671477">
<ele>278.65903</ele>
<time>2026-05-08T08:26:04Z</time>
</trkpt>
<trkpt lat="45.38068105" lon="8.06709756">
<ele>278.0196</ele>
<time>2026-05-08T08:26:05Z</time>
</trkpt>
<trkpt lat="45.38059631" lon="8.06747645">
<ele>277.43298</ele>
<time>2026-05-08T08:26:06Z</time>
</trkpt>
<trkpt lat="45.38051349" lon="8.0678585">
<ele>276.9045</ele>
<time>2026-05-08T08:26:07Z</time>
</trkpt>
<trkpt lat="45.38043563" lon="8.06824592">
<ele>276.33908</ele>
<time>2026-05-08T08:26:08Z</time>
</trkpt>
<trkpt lat="45.38035281" lon="8.06862535">
<ele>275.75775</ele>
<time>2026-05-08T08:26:09Z</time>
</trkpt>
<trkpt lat="45.38027176" lon="8.06900396">
<ele>275.17645</ele>
<time>2026-05-08T08:26:10Z</time>
</trkpt>
<trkpt lat="45.38018756" lon="8.06938254">
<ele>274.6057</ele>
<time>2026-05-08T08:26:11Z</time>
</trkpt>
<trkpt lat="45.38010382" lon="8.06976355">
<ele>274.01382</ele>
<time>2026-05-08T08:26:12Z</time>
</trkpt>
<trkpt lat="45.3800173" lon="8.07015118">
<ele>273.44308</ele>
<time>2026-05-08T08:26:13Z</time>
</trkpt>
<trkpt lat="45.37993455" lon="8.07053614">
<ele>272.87762</ele>
<time>2026-05-08T08:26:14Z</time>
</trkpt>
<trkpt lat="45.37985861" lon="8.07091101">
<ele>272.31744</ele>
<time>2026-05-08T08:26:15Z</time>
</trkpt>
<trkpt lat="45.37977235" lon="8.07129216">
<ele>271.76785</ele>
<time>2026-05-08T08:26:16Z</time>
</trkpt>
<trkpt lat="45.37968887" lon="8.07167869">
<ele>271.18655</ele>
<time>2026-05-08T08:26:17Z</time>
</trkpt>
<trkpt lat="45.37960814" lon="8.07205821">
<ele>270.64224</ele>
<time>2026-05-08T08:26:18Z</time>
</trkpt>
<trkpt lat="45.37952503" lon="8.07243611">
<ele>270.07678</ele>
<time>2026-05-08T08:26:19Z</time>
</trkpt>
<trkpt lat="45.37944427" lon="8.07281364">
<ele>269.46902</ele>
<time>2026-05-08T08:26:20Z</time>
</trkpt>
<trkpt lat="45.3793641" lon="8.07319858">
<ele>268.86658</ele>
<time>2026-05-08T08:26:21Z</time>
</trkpt>
<trkpt lat="45.37927727" lon="8.07358119">
<ele>268.29584</ele>
<time>2026-05-08T08:26:22Z</time>
</trkpt>
<trkpt lat="45.37919505" lon="8.07396359">
<ele>267.72513</ele>
<time>2026-05-08T08:26:23Z</time>
</trkpt>
<trkpt lat="45.37910921" lon="8.07434544">
<ele>267.11737</ele>
<time>2026-05-08T08:26:24Z</time>
</trkpt>
<trkpt lat="45.37902649" lon="8.07472761">
<ele>266.51492</ele>
<time>2026-05-08T08:26:25Z</time>
</trkpt>
<trkpt lat="45.37894172" lon="8.07511229">
<ele>265.92307</ele>
<time>2026-05-08T08:26:26Z</time>
</trkpt>
<trkpt lat="45.37885372" lon="8.07549328">
<ele>265.3259</ele>
<time>2026-05-08T08:26:27Z</time>
</trkpt>
<trkpt lat="45.37876903" lon="8.07587627">
<ele>264.69174</ele>
<time>2026-05-08T08:26:28Z</time>
</trkpt>
<trkpt lat="45.3786919" lon="8.07625187">
<ele>264.06287</ele>
<time>2026-05-08T08:26:29Z</time>
</trkpt>
<trkpt lat="45.37860331" lon="8.07663001">
<ele>263.44983</ele>
<time>2026-05-08T08:26:30Z</time>
</trkpt>
<trkpt lat="45.37852005" lon="8.07701281">
<ele>262.84738</ele>
<time>2026-05-08T08:26:31Z</time>
</trkpt>
<trkpt lat="45.37843607" lon="8.07739645">
<ele>262.2978</ele>
<time>2026-05-08T08:26:32Z</time>
</trkpt>
<trkpt lat="45.37835487" lon="8.07778187">
<ele>261.72174</ele>
<time>2026-05-08T08:26:33Z</time>
</trkpt>
<trkpt lat="45.37827979" lon="8.07816165">
<ele>261.2303</ele>
<time>2026-05-08T08:26:34Z</time>
</trkpt>
<trkpt lat="45.37819703" lon="8.07854384">
<ele>260.7018</ele>
<time>2026-05-08T08:26:35Z</time>
</trkpt>
<trkpt lat="45.3781132" lon="8.07892412">
<ele>260.1205</ele>
<time>2026-05-08T08:26:36Z</time>
</trkpt>
<trkpt lat="45.3780356" lon="8.0793053">
<ele>259.59732</ele>
<time>2026-05-08T08:26:37Z</time>
</trkpt>
<trkpt lat="45.37795601" lon="8.07969173">
<ele>259.053</ele>
<time>2026-05-08T08:26:38Z</time>
</trkpt>
<trkpt lat="45.37787371" lon="8.0800721">
<ele>258.52985</ele>
<time>2026-05-08T08:26:39Z</time>
</trkpt>
<trkpt lat="45.37779313" lon="8.08045308">
<ele>257.98022</ele>
<time>2026-05-08T08:26:40Z</time>
</trkpt>
<trkpt lat="45.37771159" lon="8.0808389">
<ele>257.39893</ele>
<time>2026-05-08T08:26:41Z</time>
</trkpt>
<trkpt lat="45.37762684" lon="8.08121742">
<ele>256.8282</ele>
<time>2026-05-08T08:26:42Z</time>
</trkpt>
<trkpt lat="45.37754178" lon="8.08159728">
<ele>256.22574</ele>
<time>2026-05-08T08:26:43Z</time>
</trkpt>
<trkpt lat="45.37746135" lon="8.08198067">
<ele>255.69199</ele>
<time>2026-05-08T08:26:44Z</time>
</trkpt>
<trkpt lat="45.37736905" lon="8.0823662">
<ele>255.15295</ele>
<time>2026-05-08T08:26:45Z</time>
</trkpt>
<trkpt lat="45.37728533" lon="8.08275907">
<ele>254.64563</ele>
<time>2026-05-08T08:26:46Z</time>
</trkpt>
<trkpt lat="45.37720177" lon="8.08313621">
<ele>254.1383</ele>
<time>2026-05-08T08:26:47Z</time>
</trkpt>
<trkpt lat="45.37711625" lon="8.08351759">
<ele>253.60983</ele>
<time>2026-05-08T08:26:48Z</time>
</trkpt>
<trkpt lat="45.37703349" lon="8.08390329">
<ele>253.04437</ele>
<time>2026-05-08T08:26:49Z</time>
</trkpt>
<trkpt lat="45.37695509" lon="8.08428236">
<ele>252.47365</ele>
<time>2026-05-08T08:26:50Z</time>
</trkpt>
<trkpt lat="45.37686996" lon="8.08465848">
<ele>251.90291</ele>
<time>2026-05-08T08:26:51Z</time>
</trkpt>
<trkpt lat="45.37678189" lon="8.08504389">
<ele>251.37444</ele>
<time>2026-05-08T08:26:52Z</time>
</trkpt>
<trkpt lat="45.37669587" lon="8.08542594">
<ele>250.8407</ele>
<time>2026-05-08T08:26:53Z</time>
</trkpt>
<trkpt lat="45.37661527" lon="8.08581199">
<ele>250.28052</ele>
<time>2026-05-08T08:26:54Z</time>
</trkpt>
<trkpt lat="45.37653203" lon="8.08619573">
<ele>249.73619</ele>
<time>2026-05-08T08:26:55Z</time>
</trkpt>
<trkpt lat="45.37644652" lon="8.0865769">
<ele>249.17603</ele>
<time>2026-05-08T08:26:56Z</time>
</trkpt>
<trkpt lat="45.37636393" lon="8.0869557">
<ele>248.65286</ele>
<time>2026-05-08T08:26:57Z</time>
</trkpt>
<trkpt lat="45.37620082" lon="8.08771337">
<ele>247.60121</ele>
<time>2026-05-08T08:26:59Z</time>
</trkpt>
<trkpt lat="45.37611652" lon="8.08809384">
<ele>247.09387</ele>
<time>2026-05-08T08:27:00Z</time>
</trkpt>
<trkpt lat="45.37603539" lon="8.08847634">
<ele>246.54956</ele>
<time>2026-05-08T08:27:01Z</time>
</trkpt>
<trkpt lat="45.37595469" lon="8.0888517">
<ele>246.03694</ele>
<time>2026-05-08T08:27:02Z</time>
</trkpt>
<trkpt lat="45.37587188" lon="8.08923062">
<ele>245.48735</ele>
<time>2026-05-08T08:27:03Z</time>
</trkpt>
<trkpt lat="45.37570403" lon="8.08999437">
<ele>244.45155</ele>
<time>2026-05-08T08:27:05Z</time>
</trkpt>
<trkpt lat="45.37561791" lon="8.09037809">
<ele>243.91782</ele>
<time>2026-05-08T08:27:06Z</time>
</trkpt>
<trkpt lat="45.37553515" lon="8.09076085">
<ele>243.43163</ele>
<time>2026-05-08T08:27:07Z</time>
</trkpt>
<trkpt lat="45.37545428" lon="8.09114539">
<ele>242.95073</ele>
<time>2026-05-08T08:27:08Z</time>
</trkpt>
<trkpt lat="45.37537518" lon="8.09152619">
<ele>242.43811</ele>
<time>2026-05-08T08:27:09Z</time>
</trkpt>
<trkpt lat="45.37528794" lon="8.09190856">
<ele>241.98363</ele>
<time>2026-05-08T08:27:10Z</time>
</trkpt>
<trkpt lat="45.37521007" lon="8.09229006">
<ele>241.53973</ele>
<time>2026-05-08T08:27:11Z</time>
</trkpt>
<trkpt lat="45.37512731" lon="8.09267422">
<ele>241.02184</ele>
<time>2026-05-08T08:27:12Z</time>
</trkpt>
<trkpt lat="45.37504461" lon="8.09305643">
<ele>240.47751</ele>
<time>2026-05-08T08:27:13Z</time>
</trkpt>
<trkpt lat="45.37487929" lon="8.09381422">
<ele>239.45229</ele>
<time>2026-05-08T08:27:15Z</time>
</trkpt>
<trkpt lat="45.37479365" lon="8.09419943">
<ele>238.94496</ele>
<time>2026-05-08T08:27:16Z</time>
</trkpt>
<trkpt lat="45.37471133" lon="8.09457856">
<ele>238.46405</ele>
<time>2026-05-08T08:27:17Z</time>
</trkpt>
<trkpt lat="45.37463394" lon="8.09495198">
<ele>237.91975</ele>
<time>2026-05-08T08:27:18Z</time>
</trkpt>
<trkpt lat="45.37455877" lon="8.09532849">
<ele>237.386</ele>
<time>2026-05-08T08:27:19Z</time>
</trkpt>
<trkpt lat="45.3744891" lon="8.09570003">
<ele>236.86282</ele>
<time>2026-05-08T08:27:20Z</time>
</trkpt>
<trkpt lat="45.37441518" lon="8.09607678">
<ele>236.4189</ele>
<time>2026-05-08T08:27:21Z</time>
</trkpt>
<trkpt lat="45.37434335" lon="8.09645039">
<ele>235.95914</ele>
<time>2026-05-08T08:27:22Z</time>
</trkpt>
<trkpt lat="45.37427061" lon="8.09682742">
<ele>235.46239</ele>
<time>2026-05-08T08:27:23Z</time>
</trkpt>
<trkpt lat="45.37419647" lon="8.09720343">
<ele>235.03961</ele>
<time>2026-05-08T08:27:24Z</time>
</trkpt>
<trkpt lat="45.37411269" lon="8.09759071">
<ele>234.65384</ele>
<time>2026-05-08T08:27:25Z</time>
</trkpt>
<trkpt lat="45.37403125" lon="8.09796864">
<ele>234.25749</ele>
<time>2026-05-08T08:27:26Z</time>
</trkpt>
<trkpt lat="45.37394939" lon="8.09835147">
<ele>233.78717</ele>
<time>2026-05-08T08:27:27Z</time>
</trkpt>
<trkpt lat="45.37387083" lon="8.09874026">
<ele>233.27455</ele>
<time>2026-05-08T08:27:28Z</time>
</trkpt>
<trkpt lat="45.37378932" lon="8.09912197">
<ele>232.88876</ele>
<time>2026-05-08T08:27:29Z</time>
</trkpt>
<trkpt lat="45.37370391" lon="8.09950405">
<ele>232.40785</ele>
<time>2026-05-08T08:27:30Z</time>
</trkpt>
<trkpt lat="45.3736211" lon="8.09988419">
<ele>231.92697</ele>
<time>2026-05-08T08:27:31Z</time>
</trkpt>
<trkpt lat="45.37354003" lon="8.10026201">
<ele>231.42493</ele>
<time>2026-05-08T08:27:32Z</time>
</trkpt>
<trkpt lat="45.3734562" lon="8.10064621">
<ele>230.97574</ele>
<time>2026-05-08T08:27:33Z</time>
</trkpt>
<trkpt lat="45.37337722" lon="8.10102527">
<ele>230.56352</ele>
<time>2026-05-08T08:27:34Z</time>
</trkpt>
<trkpt lat="45.3732956" lon="8.10140762">
<ele>230.36801</ele>
<time>2026-05-08T08:27:35Z</time>
</trkpt>
<trkpt lat="45.37322211" lon="8.10179758">
<ele>230.12491</ele>
<time>2026-05-08T08:27:36Z</time>
</trkpt>
<trkpt lat="45.37314587" lon="8.1021827">
<ele>229.5753</ele>
<time>2026-05-08T08:27:37Z</time>
</trkpt>
<trkpt lat="45.37307563" lon="8.10257305">
<ele>229.12082</ele>
<time>2026-05-08T08:27:38Z</time>
</trkpt>
<trkpt lat="45.37301106" lon="8.10296806">
<ele>228.72447</ele>
<time>2026-05-08T08:27:39Z</time>
</trkpt>
<trkpt lat="45.37295211" lon="8.10335635">
<ele>228.28584</ele>
<time>2026-05-08T08:27:40Z</time>
</trkpt>
<trkpt lat="45.37289938" lon="8.10374923">
<ele>227.89478</ele>
<time>2026-05-08T08:27:41Z</time>
</trkpt>
<trkpt lat="45.37284776" lon="8.10414527">
<ele>227.50372</ele>
<time>2026-05-08T08:27:42Z</time>
</trkpt>
<trkpt lat="45.37279812" lon="8.10453167">
<ele>227.07567</ele>
<time>2026-05-08T08:27:43Z</time>
</trkpt>
<trkpt lat="45.37274754" lon="8.1049265">
<ele>226.70575</ele>
<time>2026-05-08T08:27:44Z</time>
</trkpt>
<trkpt lat="45.37270238" lon="8.10531184">
<ele>226.30939</ele>
<time>2026-05-08T08:27:45Z</time>
</trkpt>
<trkpt lat="45.37265432" lon="8.10570164">
<ele>225.95532</ele>
<time>2026-05-08T08:27:46Z</time>
</trkpt>
<trkpt lat="45.3726085" lon="8.10609718">
<ele>225.5537</ele>
<time>2026-05-08T08:27:47Z</time>
</trkpt>
<trkpt lat="45.37256541" lon="8.10649041">
<ele>225.12036</ele>
<time>2026-05-08T08:27:48Z</time>
</trkpt>
<trkpt lat="45.3725222" lon="8.10687942">
<ele>224.687</ele>
<time>2026-05-08T08:27:49Z</time>
</trkpt>
<trkpt lat="45.37247445" lon="8.10727269">
<ele>224.3171</ele>
<time>2026-05-08T08:27:50Z</time>
</trkpt>
<trkpt lat="45.37243444" lon="8.10766849">
<ele>223.9313</ele>
<time>2026-05-08T08:27:51Z</time>
</trkpt>
<trkpt lat="45.37238764" lon="8.1080617">
<ele>223.59836</ele>
<time>2026-05-08T08:27:52Z</time>
</trkpt>
<trkpt lat="45.37233866" lon="8.10845369">
<ele>223.276</ele>
<time>2026-05-08T08:27:53Z</time>
</trkpt>
<trkpt lat="45.37229439" lon="8.10884673">
<ele>222.87437</ele>
<time>2026-05-08T08:27:54Z</time>
</trkpt>
<trkpt lat="45.37224266" lon="8.10924119">
<ele>222.49916</ele>
<time>2026-05-08T08:27:55Z</time>
</trkpt>
<trkpt lat="45.37219405" lon="8.10963589">
<ele>222.44104</ele>
<time>2026-05-08T08:27:56Z</time>
</trkpt>
<trkpt lat="45.37214558" lon="8.11003055">
<ele>222.3829</ele>
<time>2026-05-08T08:27:57Z</time>
</trkpt>
<trkpt lat="45.37209798" lon="8.11042054">
<ele>222.4569</ele>
<time>2026-05-08T08:27:58Z</time>
</trkpt>
<trkpt lat="45.37204811" lon="8.11081749">
<ele>221.902</ele>
<time>2026-05-08T08:27:59Z</time>
</trkpt>
<trkpt lat="45.37199457" lon="8.1112106">
<ele>221.42111</ele>
<time>2026-05-08T08:28:00Z</time>
</trkpt>
<trkpt lat="45.37194207" lon="8.11160447">
<ele>221.06703</ele>
<time>2026-05-08T08:28:01Z</time>
</trkpt>
<trkpt lat="45.37189022" lon="8.11199801">
<ele>220.77637</ele>
<time>2026-05-08T08:28:02Z</time>
</trkpt>
<trkpt lat="45.37184149" lon="8.11239085">
<ele>220.47516</ele>
<time>2026-05-08T08:28:03Z</time>
</trkpt>
<trkpt lat="45.37179202" lon="8.11278884">
<ele>220.14749</ele>
<time>2026-05-08T08:28:04Z</time>
</trkpt>
<trkpt lat="45.37175092" lon="8.11318213">
<ele>219.81985</ele>
<time>2026-05-08T08:28:05Z</time>
</trkpt>
<trkpt lat="45.37170598" lon="8.11357893">
<ele>219.54504</ele>
<time>2026-05-08T08:28:06Z</time>
</trkpt>
<trkpt lat="45.37166233" lon="8.11397183">
<ele>219.26497</ele>
<time>2026-05-08T08:28:07Z</time>
</trkpt>
<trkpt lat="45.37161723" lon="8.11436226">
<ele>218.92148</ele>
<time>2026-05-08T08:28:08Z</time>
</trkpt>
<trkpt lat="45.37156727" lon="8.11475751">
<ele>218.55154</ele>
<time>2026-05-08T08:28:09Z</time>
</trkpt>
<trkpt lat="45.37153311" lon="8.11514757">
<ele>218.21333</ele>
<time>2026-05-08T08:28:10Z</time>
</trkpt>
<trkpt lat="45.37150816" lon="8.11553234">
<ele>217.91739</ele>
<time>2026-05-08T08:28:11Z</time>
</trkpt>
<trkpt lat="45.37149454" lon="8.11592404">
<ele>217.58974</ele>
<time>2026-05-08T08:28:12Z</time>
</trkpt>
<trkpt lat="45.37148465" lon="8.11632108">
<ele>217.32022</ele>
<time>2026-05-08T08:28:13Z</time>
</trkpt>
<trkpt lat="45.371498" lon="8.1167131">
<ele>217.09299</ele>
<time>2026-05-08T08:28:14Z</time>
</trkpt>
<trkpt lat="45.37151169" lon="8.11711804">
<ele>216.80762</ele>
<time>2026-05-08T08:28:15Z</time>
</trkpt>
<trkpt lat="45.37153668" lon="8.11752135">
<ele>216.76004</ele>
<time>2026-05-08T08:28:16Z</time>
</trkpt>
<trkpt lat="45.37158219" lon="8.11791448">
<ele>216.55394</ele>
<time>2026-05-08T08:28:17Z</time>
</trkpt>
<trkpt lat="45.3716286" lon="8.11830694">
<ele>216.27386</ele>
<time>2026-05-08T08:28:18Z</time>
</trkpt>
<trkpt lat="45.37169517" lon="8.11869505">
<ele>216.00963</ele>
<time>2026-05-08T08:28:19Z</time>
</trkpt>
<trkpt lat="45.37175766" lon="8.11908021">
<ele>215.72426</ele>
<time>2026-05-08T08:28:20Z</time>
</trkpt>
<trkpt lat="45.37183497" lon="8.11946203">
<ele>215.43361</ele>
<time>2026-05-08T08:28:21Z</time>
</trkpt>
<trkpt lat="45.37190349" lon="8.11983243">
<ele>215.06895</ele>
<time>2026-05-08T08:28:22Z</time>
</trkpt>
<trkpt lat="45.3719713" lon="8.12021071">
<ele>214.73604</ele>
<time>2026-05-08T08:28:23Z</time>
</trkpt>
<trkpt lat="45.37203787" lon="8.12058584">
<ele>214.4665</ele>
<time>2026-05-08T08:28:24Z</time>
</trkpt>
<trkpt lat="45.37209048" lon="8.12095872">
<ele>214.13887</ele>
<time>2026-05-08T08:28:25Z</time>
</trkpt>
<trkpt lat="45.37214719" lon="8.12133123">
<ele>213.84822</ele>
<time>2026-05-08T08:28:26Z</time>
</trkpt>
<trkpt lat="45.37218953" lon="8.12171275">
<ele>213.54698</ele>
<time>2026-05-08T08:28:27Z</time>
</trkpt>
<trkpt lat="45.37222204" lon="8.12209291">
<ele>213.3039</ele>
<time>2026-05-08T08:28:28Z</time>
</trkpt>
<trkpt lat="45.3722517" lon="8.12247607">
<ele>213.03967</ele>
<time>2026-05-08T08:28:29Z</time>
</trkpt>
<trkpt lat="45.37228231" lon="8.12285067">
<ele>212.81242</ele>
<time>2026-05-08T08:28:30Z</time>
</trkpt>
<trkpt lat="45.37230372" lon="8.12322789">
<ele>212.55348</ele>
<time>2026-05-08T08:28:31Z</time>
</trkpt>
<trkpt lat="45.37233017" lon="8.12360492">
<ele>212.26811</ele>
<time>2026-05-08T08:28:32Z</time>
</trkpt>
<trkpt lat="45.37235873" lon="8.12397721">
<ele>211.95103</ele>
<time>2026-05-08T08:28:33Z</time>
</trkpt>
<trkpt lat="45.3723842" lon="8.12434055">
<ele>211.56525</ele>
<time>2026-05-08T08:28:34Z</time>
</trkpt>
<trkpt lat="45.3724098" lon="8.12470354">
<ele>211.21118</ele>
<time>2026-05-08T08:28:35Z</time>
</trkpt>
<trkpt lat="45.37243429" lon="8.12506378">
<ele>210.76198</ele>
<time>2026-05-08T08:28:36Z</time>
</trkpt>
<trkpt lat="45.37246161" lon="8.1254012">
<ele>210.32864</ele>
<time>2026-05-08T08:28:37Z</time>
</trkpt>
<trkpt lat="45.37248406" lon="8.12574625">
<ele>209.94815</ele>
<time>2026-05-08T08:28:38Z</time>
</trkpt>
<trkpt lat="45.3725164" lon="8.12607015">
<ele>209.6258</ele>
<time>2026-05-08T08:28:39Z</time>
</trkpt>
<trkpt lat="45.37252574" lon="8.12639792">
<ele>209.39854</ele>
<time>2026-05-08T08:28:40Z</time>
</trkpt>
<trkpt lat="45.37254018" lon="8.12671226">
<ele>209.23473</ele>
<time>2026-05-08T08:28:41Z</time>
</trkpt>
<trkpt lat="45.37255154" lon="8.12702433">
<ele>209.04446</ele>
<time>2026-05-08T08:28:42Z</time>
</trkpt>
<trkpt lat="45.37255463" lon="8.12731296">
<ele>208.91237</ele>
<time>2026-05-08T08:28:43Z</time>
</trkpt>
<trkpt lat="45.37254582" lon="8.12758877">
<ele>208.76968</ele>
<time>2026-05-08T08:28:44Z</time>
</trkpt>
<trkpt lat="45.37252552" lon="8.12783726">
<ele>208.59529</ele>
<time>2026-05-08T08:28:45Z</time>
</trkpt>
<trkpt lat="45.37250458" lon="8.12806446">
<ele>208.39975</ele>
<time>2026-05-08T08:28:46Z</time>
</trkpt>
<trkpt lat="45.37248072" lon="8.12827882">
<ele>208.19365</ele>
<time>2026-05-08T08:28:47Z</time>
</trkpt>
<trkpt lat="45.37246044" lon="8.12848336">
<ele>208.01398</ele>
<time>2026-05-08T08:28:48Z</time>
</trkpt>
<trkpt lat="45.37243734" lon="8.12869113">
<ele>207.78143</ele>
<time>2026-05-08T08:28:49Z</time>
</trkpt>
<trkpt lat="45.37242425" lon="8.12887537">
<ele>207.59648</ele>
<time>2026-05-08T08:28:50Z</time>
</trkpt>
<trkpt lat="45.37240433" lon="8.12906207">
<ele>207.31111</ele>
<time>2026-05-08T08:28:51Z</time>
</trkpt>
<trkpt lat="45.37238399" lon="8.12922349">
<ele>207.0363</ele>
<time>2026-05-08T08:28:52Z</time>
</trkpt>
<trkpt lat="45.37234842" lon="8.12937247">
<ele>206.75623</ele>
<time>2026-05-08T08:28:53Z</time>
</trkpt>
<trkpt lat="45.37230104" lon="8.12950919">
<ele>206.50256</ele>
<time>2026-05-08T08:28:54Z</time>
</trkpt>
<trkpt lat="45.37224095" lon="8.12964117">
<ele>206.25418</ele>
<time>2026-05-08T08:28:55Z</time>
</trkpt>
<trkpt lat="45.37216593" lon="8.12975987">
<ele>206.01637</ele>
<time>2026-05-08T08:28:56Z</time>
</trkpt>
<trkpt lat="45.37208391" lon="8.12985973">
<ele>205.78914</ele>
<time>2026-05-08T08:28:57Z</time>
</trkpt>
<trkpt lat="45.37198058" lon="8.12992776">
<ele>205.57248</ele>
<time>2026-05-08T08:28:58Z</time>
</trkpt>
<trkpt lat="45.37187391" lon="8.12996795">
<ele>205.36636</ele>
<time>2026-05-08T08:28:59Z</time>
</trkpt>
<trkpt lat="45.37177432" lon="8.12998589">
<ele>205.16026</ele>
<time>2026-05-08T08:29:00Z</time>
</trkpt>
<trkpt lat="45.37166222" lon="8.12998933">
<ele>204.9436</ele>
<time>2026-05-08T08:29:01Z</time>
</trkpt>
<trkpt lat="45.37155933" lon="8.12996679">
<ele>204.74278</ele>
<time>2026-05-08T08:29:02Z</time>
</trkpt>
<trkpt lat="45.37144984" lon="8.12992262">
<ele>204.50496</ele>
<time>2026-05-08T08:29:03Z</time>
</trkpt>
<trkpt lat="45.371359" lon="8.12985209">
<ele>204.26189</ele>
<time>2026-05-08T08:29:04Z</time>
</trkpt>
<trkpt lat="45.37127945" lon="8.12974767">
<ele>204.02936</ele>
<time>2026-05-08T08:29:05Z</time>
</trkpt>
<trkpt lat="45.37120577" lon="8.12962937">
<ele>203.78625</ele>
<time>2026-05-08T08:29:06Z</time>
</trkpt>
<trkpt lat="45.37114827" lon="8.12951501">
<ele>203.5326</ele>
<time>2026-05-08T08:29:07Z</time>
</trkpt>
<trkpt lat="45.37110757" lon="8.12934688">
<ele>203.2895</ele>
<time>2026-05-08T08:29:08Z</time>
</trkpt>
<trkpt lat="45.37106676" lon="8.12917817">
<ele>203.0517</ele>
<time>2026-05-08T08:29:09Z</time>
</trkpt>
<trkpt lat="45.37104518" lon="8.12899698">
<ele>202.79276</ele>
<time>2026-05-08T08:29:10Z</time>
</trkpt>
<trkpt lat="45.37104602" lon="8.12881296">
<ele>202.5285</ele>
<time>2026-05-08T08:29:11Z</time>
</trkpt>
<trkpt lat="45.37106378" lon="8.12864666">
<ele>202.25372</ele>
<time>2026-05-08T08:29:12Z</time>
</trkpt>
<trkpt lat="45.3711086" lon="8.1284893">
<ele>201.96834</ele>
<time>2026-05-08T08:29:13Z</time>
</trkpt>
<trkpt lat="45.37117477" lon="8.12833937">
<ele>201.69354</ele>
<time>2026-05-08T08:29:14Z</time>
</trkpt>
<trkpt lat="45.37124665" lon="8.12821044">
<ele>201.43987</ele>
<time>2026-05-08T08:29:15Z</time>
</trkpt>
<trkpt lat="45.37132716" lon="8.12810253">
<ele>201.17564</ele>
<time>2026-05-08T08:29:16Z</time>
</trkpt>
<trkpt lat="45.37143505" lon="8.12800432">
<ele>200.90613</ele>
<time>2026-05-08T08:29:17Z</time>
</trkpt>
<trkpt lat="45.37154532" lon="8.12793785">
<ele>200.63133</ele>
<time>2026-05-08T08:29:18Z</time>
</trkpt>
<trkpt lat="45.37164652" lon="8.12791552">
<ele>200.37238</ele>
<time>2026-05-08T08:29:19Z</time>
</trkpt>
<trkpt lat="45.3717381" lon="8.12793304">
<ele>200.13457</ele>
<time>2026-05-08T08:29:20Z</time>
</trkpt>
<trkpt lat="45.37183916" lon="8.12798872">
<ele>199.93376</ele>
<time>2026-05-08T08:29:21Z</time>
</trkpt>
<trkpt lat="45.37193372" lon="8.12807333">
<ele>199.80164</ele>
<time>2026-05-08T08:29:22Z</time>
</trkpt>
<trkpt lat="45.37202869" lon="8.12817156">
<ele>199.7171</ele>
<time>2026-05-08T08:29:23Z</time>
</trkpt>
<trkpt lat="45.37213993" lon="8.12826854">
<ele>199.68538</ele>
<time>2026-05-08T08:29:24Z</time>
</trkpt>
<trkpt lat="45.37226381" lon="8.12838549">
<ele>199.71179</ele>
<time>2026-05-08T08:29:25Z</time>
</trkpt>
<trkpt lat="45.37239012" lon="8.12851888">
<ele>199.79636</ele>
<time>2026-05-08T08:29:26Z</time>
</trkpt>
<trkpt lat="45.37252786" lon="8.12866164">
<ele>199.93904</ele>
<time>2026-05-08T08:29:27Z</time>
</trkpt>
<trkpt lat="45.37266499" lon="8.12881415">
<ele>200.08173</ele>
<time>2026-05-08T08:29:28Z</time>
</trkpt>
<trkpt lat="45.37280751" lon="8.1289749">
<ele>200.21913</ele>
<time>2026-05-08T08:29:29Z</time>
</trkpt>
<trkpt lat="45.37295187" lon="8.12914297">
<ele>200.37766</ele>
<time>2026-05-08T08:29:30Z</time>
</trkpt>
<trkpt lat="45.37309443" lon="8.12930222">
<ele>200.48335</ele>
<time>2026-05-08T08:29:31Z</time>
</trkpt>
<trkpt lat="45.37324503" lon="8.12944916">
<ele>200.59962</ele>
<time>2026-05-08T08:29:32Z</time>
</trkpt>
<trkpt lat="45.37339406" lon="8.12960872">
<ele>200.77931</ele>
<time>2026-05-08T08:29:33Z</time>
</trkpt>
<trkpt lat="45.37354784" lon="8.12976297">
<ele>200.89027</ele>
<time>2026-05-08T08:29:34Z</time>
</trkpt>
<trkpt lat="45.37371618" lon="8.12991886">
<ele>201.03825</ele>
<time>2026-05-08T08:29:35Z</time>
</trkpt>
<trkpt lat="45.37387801" lon="8.13008518">
<ele>201.1598</ele>
<time>2026-05-08T08:29:36Z</time>
</trkpt>
<trkpt lat="45.37403368" lon="8.13026322">
<ele>201.30777</ele>
<time>2026-05-08T08:29:37Z</time>
</trkpt>
<trkpt lat="45.37420349" lon="8.13044803">
<ele>201.45573</ele>
<time>2026-05-08T08:29:38Z</time>
</trkpt>
<trkpt lat="45.37437189" lon="8.13064434">
<ele>201.57199</ele>
<time>2026-05-08T08:29:39Z</time>
</trkpt>
<trkpt lat="45.37454653" lon="8.13082922">
<ele>201.70412</ele>
<time>2026-05-08T08:29:40Z</time>
</trkpt>
<trkpt lat="45.3747219" lon="8.13102596">
<ele>201.82565</ele>
<time>2026-05-08T08:29:41Z</time>
</trkpt>
<trkpt lat="45.3749015" lon="8.13122574">
<ele>201.95248</ele>
<time>2026-05-08T08:29:42Z</time>
</trkpt>
<trkpt lat="45.37507783" lon="8.131429">
<ele>202.16388</ele>
<time>2026-05-08T08:29:43Z</time>
</trkpt>
<trkpt lat="45.37525981" lon="8.13162633">
<ele>202.31184</ele>
<time>2026-05-08T08:29:44Z</time>
</trkpt>
<trkpt lat="45.37544304" lon="8.13182649">
<ele>202.41754</ele>
<time>2026-05-08T08:29:45Z</time>
</trkpt>
<trkpt lat="45.37562843" lon="8.13203034">
<ele>202.55493</ele>
<time>2026-05-08T08:29:46Z</time>
</trkpt>
<trkpt lat="45.37581825" lon="8.13223317">
<ele>202.65007</ele>
<time>2026-05-08T08:29:47Z</time>
</trkpt>
<trkpt lat="45.37600543" lon="8.13244028">
<ele>202.7399</ele>
<time>2026-05-08T08:29:48Z</time>
</trkpt>
<trkpt lat="45.37619439" lon="8.13265208">
<ele>202.7716</ele>
<time>2026-05-08T08:29:49Z</time>
</trkpt>
<trkpt lat="45.37638087" lon="8.13286085">
<ele>202.79803</ele>
<time>2026-05-08T08:29:50Z</time>
</trkpt>
<trkpt lat="45.3765676" lon="8.13306432">
<ele>202.81918</ele>
<time>2026-05-08T08:29:51Z</time>
</trkpt>
<trkpt lat="45.37675569" lon="8.13327186">
<ele>202.86145</ele>
<time>2026-05-08T08:29:52Z</time>
</trkpt>
<trkpt lat="45.37694722" lon="8.13347978">
<ele>202.86673</ele>
<time>2026-05-08T08:29:53Z</time>
</trkpt>
<trkpt lat="45.37713669" lon="8.13369119">
<ele>202.8773</ele>
<time>2026-05-08T08:29:54Z</time>
</trkpt>
<trkpt lat="45.37733539" lon="8.13390054">
<ele>202.91429</ele>
<time>2026-05-08T08:29:55Z</time>
</trkpt>
<trkpt lat="45.37753709" lon="8.13411789">
<ele>202.96715</ele>
<time>2026-05-08T08:29:56Z</time>
</trkpt>
<trkpt lat="45.3777304" lon="8.13432248">
<ele>203.00941</ele>
<time>2026-05-08T08:29:57Z</time>
</trkpt>
<trkpt lat="45.37792591" lon="8.13452836">
<ele>203.01999</ele>
<time>2026-05-08T08:29:58Z</time>
</trkpt>
<trkpt lat="45.37811647" lon="8.13472739">
<ele>203.03056</ele>
<time>2026-05-08T08:29:59Z</time>
</trkpt>
<trkpt lat="45.37829024" lon="8.13492851">
<ele>203.02527</ele>
<time>2026-05-08T08:30:00Z</time>
</trkpt>
<trkpt lat="45.37845559" lon="8.13512325">
<ele>203.0147</ele>
<time>2026-05-08T08:30:01Z</time>
</trkpt>
<trkpt lat="45.37861302" lon="8.1353049">
<ele>202.91957</ele>
<time>2026-05-08T08:30:02Z</time>
</trkpt>
<trkpt lat="45.37876407" lon="8.1354706">
<ele>202.78748</ele>
<time>2026-05-08T08:30:03Z</time>
</trkpt>
<trkpt lat="45.37890394" lon="8.13562979">
<ele>202.62364</ele>
<time>2026-05-08T08:30:04Z</time>
</trkpt>
<trkpt lat="45.37904063" lon="8.135787">
<ele>202.4334</ele>
<time>2026-05-08T08:30:05Z</time>
</trkpt>
<trkpt lat="45.37916859" lon="8.13593417">
<ele>202.24313</ele>
<time>2026-05-08T08:30:06Z</time>
</trkpt>
<trkpt lat="45.37928946" lon="8.13607753">
<ele>202.03175</ele>
<time>2026-05-08T08:30:07Z</time>
</trkpt>
<trkpt lat="45.37940542" lon="8.13621642">
<ele>201.8098</ele>
<time>2026-05-08T08:30:08Z</time>
</trkpt>
<trkpt lat="45.37951165" lon="8.13634833">
<ele>201.56671</ele>
<time>2026-05-08T08:30:09Z</time>
</trkpt>
<trkpt lat="45.37960664" lon="8.13647823">
<ele>201.3289</ele>
<time>2026-05-08T08:30:10Z</time>
</trkpt>
<trkpt lat="45.37969" lon="8.13660653">
<ele>201.0858</ele>
<time>2026-05-08T08:30:11Z</time>
</trkpt>
<trkpt lat="45.37975928" lon="8.13674036">
<ele>200.83742</ele>
<time>2026-05-08T08:30:12Z</time>
</trkpt>
<trkpt lat="45.37981441" lon="8.13688151">
<ele>200.62076</ele>
<time>2026-05-08T08:30:13Z</time>
</trkpt>
<trkpt lat="45.37985666" lon="8.13702025">
<ele>200.42523</ele>
<time>2026-05-08T08:30:14Z</time>
</trkpt>
<trkpt lat="45.37989283" lon="8.13717086">
<ele>200.2614</ele>
<time>2026-05-08T08:30:15Z</time>
</trkpt>
<trkpt lat="45.37990762" lon="8.13732456">
<ele>200.11343</ele>
<time>2026-05-08T08:30:16Z</time>
</trkpt>
<trkpt lat="45.37992713" lon="8.13748126">
<ele>200.01303</ele>
<time>2026-05-08T08:30:17Z</time>
</trkpt>
<trkpt lat="45.37993042" lon="8.13765202">
<ele>199.93904</ele>
<time>2026-05-08T08:30:18Z</time>
</trkpt>
<trkpt lat="45.37992996" lon="8.13781256">
<ele>199.88618</ele>
<time>2026-05-08T08:30:19Z</time>
</trkpt>
<trkpt lat="45.37993668" lon="8.13797784">
<ele>199.85448</ele>
<time>2026-05-08T08:30:20Z</time>
</trkpt>
<trkpt lat="45.37994436" lon="8.13814693">
<ele>199.83864</ele>
<time>2026-05-08T08:30:21Z</time>
</trkpt>
<trkpt lat="45.37995903" lon="8.13831781">
<ele>199.87563</ele>
<time>2026-05-08T08:30:22Z</time>
</trkpt>
<trkpt lat="45.37998727" lon="8.13848708">
<ele>199.92848</ele>
<time>2026-05-08T08:30:23Z</time>
</trkpt>
<trkpt lat="45.38002565" lon="8.13864761">
<ele>199.98132</ele>
<time>2026-05-08T08:30:24Z</time>
</trkpt>
<trkpt lat="45.3800752" lon="8.13879504">
<ele>200.03946</ele>
<time>2026-05-08T08:30:25Z</time>
</trkpt>
<trkpt lat="45.38014198" lon="8.13892596">
<ele>200.07645</ele>
<time>2026-05-08T08:30:26Z</time>
</trkpt>
<trkpt lat="45.38021307" lon="8.13904493">
<ele>200.08173</ele>
<time>2026-05-08T08:30:27Z</time>
</trkpt>
<trkpt lat="45.38028867" lon="8.13915107">
<ele>200.03418</ele>
<time>2026-05-08T08:30:28Z</time>
</trkpt>
<trkpt lat="45.38035858" lon="8.13925216">
<ele>199.91261</ele>
<time>2026-05-08T08:30:29Z</time>
</trkpt>
<trkpt lat="45.38043394" lon="8.1393458">
<ele>199.7752</ele>
<time>2026-05-08T08:30:30Z</time>
</trkpt>
<trkpt lat="45.38050502" lon="8.13944878">
<ele>199.62196</ele>
<time>2026-05-08T08:30:31Z</time>
</trkpt>
<trkpt lat="45.3805819" lon="8.1395442">
<ele>199.42114</ele>
<time>2026-05-08T08:30:32Z</time>
</trkpt>
<trkpt lat="45.38065291" lon="8.13964238">
<ele>199.18863</ele>
<time>2026-05-08T08:30:33Z</time>
</trkpt>
<trkpt lat="45.38071947" lon="8.13974152">
<ele>198.94554</ele>
<time>2026-05-08T08:30:34Z</time>
</trkpt>
<trkpt lat="45.38078484" lon="8.13982878">
<ele>198.71829</ele>
<time>2026-05-08T08:30:35Z</time>
</trkpt>
<trkpt lat="45.38084494" lon="8.13990876">
<ele>198.51749</ele>
<time>2026-05-08T08:30:36Z</time>
</trkpt>
<trkpt lat="45.38089986" lon="8.13998496">
<ele>198.34837</ele>
<time>2026-05-08T08:30:37Z</time>
</trkpt>
<trkpt lat="45.38094901" lon="8.14005681">
<ele>198.22153</ele>
<time>2026-05-08T08:30:38Z</time>
</trkpt>
<trkpt lat="45.3809982" lon="8.14012734">
<ele>198.11057</ele>
<time>2026-05-08T08:30:39Z</time>
</trkpt>
<trkpt lat="45.3810469" lon="8.14019472">
<ele>198.01543</ele>
<time>2026-05-08T08:30:40Z</time>
</trkpt>
<trkpt lat="45.38108986" lon="8.14025052">
<ele>197.93616</ele>
<time>2026-05-08T08:30:41Z</time>
</trkpt>
<trkpt lat="45.38112453" lon="8.14030674">
<ele>197.91502</ele>
<time>2026-05-08T08:30:42Z</time>
</trkpt>
<trkpt lat="45.38115854" lon="8.1403511">
<ele>197.96788</ele>
<time>2026-05-08T08:30:43Z</time>
</trkpt>
<trkpt lat="45.38116122" lon="8.14035666">
<ele>197.97844</ele>
<time>2026-05-08T08:30:44Z</time>
</trkpt>
<trkpt lat="45.38116311" lon="8.1403602">
<ele>197.96788</ele>
<time>2026-05-08T08:30:45Z</time>
</trkpt>
<trkpt lat="45.38116549" lon="8.14036336">
<ele>197.93616</ele>
<time>2026-05-08T08:30:46Z</time>
</trkpt>
<trkpt lat="45.38115792" lon="8.14037235">
<ele>197.91502</ele>
<time>2026-05-08T08:30:47Z</time>
</trkpt>
<trkpt lat="45.38116418" lon="8.14039188">
<ele>197.89917</ele>
<time>2026-05-08T08:30:48Z</time>
</trkpt>
<trkpt lat="45.38116718" lon="8.14038693">
<ele>197.86746</ele>
<time>2026-05-08T08:30:49Z</time>
</trkpt>
<trkpt lat="45.38146715" lon="8.140779">
<ele>197.22275</ele>
<time>2026-05-08T08:31:43Z</time>
</trkpt>
<trkpt lat="45.38150673" lon="8.14085332">
<ele>197.13289</ele>
<time>2026-05-08T08:31:44Z</time>
</trkpt>
<trkpt lat="45.38152213" lon="8.14096206">
<ele>197.05363</ele>
<time>2026-05-08T08:31:45Z</time>
</trkpt>
<trkpt lat="45.38153577" lon="8.14106889">
<ele>196.97437</ele>
<time>2026-05-08T08:31:46Z</time>
</trkpt>
<trkpt lat="45.38152833" lon="8.1411889">
<ele>196.87395</ele>
<time>2026-05-08T08:31:47Z</time>
</trkpt>
<trkpt lat="45.38150694" lon="8.14130909">
<ele>196.77354</ele>
<time>2026-05-08T08:31:48Z</time>
</trkpt>
<trkpt lat="45.38147176" lon="8.14143357">
<ele>196.67842</ele>
<time>2026-05-08T08:31:49Z</time>
</trkpt>
<trkpt lat="45.38142736" lon="8.14157941">
<ele>196.59915</ele>
<time>2026-05-08T08:31:50Z</time>
</trkpt>
<trkpt lat="45.38136335" lon="8.14170481">
<ele>196.53574</ele>
<time>2026-05-08T08:31:51Z</time>
</trkpt>
<trkpt lat="45.3813073" lon="8.1418269">
<ele>196.45119</ele>
<time>2026-05-08T08:31:52Z</time>
</trkpt>
<trkpt lat="45.38123047" lon="8.14194479">
<ele>196.37192</ele>
<time>2026-05-08T08:31:53Z</time>
</trkpt>
<trkpt lat="45.38114627" lon="8.14204448">
<ele>196.28735</ele>
<time>2026-05-08T08:31:54Z</time>
</trkpt>
<trkpt lat="45.3810605" lon="8.14213104">
<ele>196.18166</ele>
<time>2026-05-08T08:31:55Z</time>
</trkpt>
<trkpt lat="45.38097743" lon="8.14220669">
<ele>196.03369</ele>
<time>2026-05-08T08:31:56Z</time>
</trkpt>
<trkpt lat="45.38088665" lon="8.14226442">
<ele>195.82759</ele>
<time>2026-05-08T08:31:57Z</time>
</trkpt>
<trkpt lat="45.38081808" lon="8.1423012">
<ele>195.57921</ele>
<time>2026-05-08T08:31:58Z</time>
</trkpt>
<trkpt lat="45.38075946" lon="8.14229676">
<ele>195.32027</ele>
<time>2026-05-08T08:31:59Z</time>
</trkpt>
<trkpt lat="45.38069344" lon="8.14230454">
<ele>195.09302</ele>
<time>2026-05-08T08:32:00Z</time>
</trkpt>
<trkpt lat="45.38063086" lon="8.14226986">
<ele>194.88164</ele>
<time>2026-05-08T08:32:01Z</time>
</trkpt>
<trkpt lat="45.38056336" lon="8.14224388">
<ele>194.69139</ele>
<time>2026-05-08T08:32:02Z</time>
</trkpt>
<trkpt lat="45.38048396" lon="8.14222869">
<ele>194.517</ele>
<time>2026-05-08T08:32:03Z</time>
</trkpt>
<trkpt lat="45.38039552" lon="8.14223294">
<ele>194.35846</ele>
<time>2026-05-08T08:32:04Z</time>
</trkpt>
<trkpt lat="45.3803544" lon="8.14227978">
<ele>194.21577</ele>
<time>2026-05-08T08:32:05Z</time>
</trkpt>
<trkpt lat="45.3803095" lon="8.14235948">
<ele>194.07838</ele>
<time>2026-05-08T08:32:06Z</time>
</trkpt>
<trkpt lat="45.38029151" lon="8.14243352">
<ele>193.96739</ele>
<time>2026-05-08T08:32:07Z</time>
</trkpt>
<trkpt lat="45.38027374" lon="8.14251121">
<ele>193.867</ele>
<time>2026-05-08T08:32:08Z</time>
</trkpt>
<trkpt lat="45.38025241" lon="8.14259964">
<ele>193.78244</ele>
<time>2026-05-08T08:32:09Z</time>
</trkpt>
<trkpt lat="45.38022029" lon="8.14267165">
<ele>193.69789</ele>
<time>2026-05-08T08:32:10Z</time>
</trkpt>
<trkpt lat="45.38018511" lon="8.14274612">
<ele>193.6239</ele>
<time>2026-05-08T08:32:11Z</time>
</trkpt>
<trkpt lat="45.38013572" lon="8.14280005">
<ele>193.58162</ele>
<time>2026-05-08T08:32:12Z</time>
</trkpt>
<trkpt lat="45.38008587" lon="8.14284445">
<ele>193.56577</ele>
<time>2026-05-08T08:32:13Z</time>
</trkpt>
<trkpt lat="45.37999871" lon="8.14289652">
<ele>193.56577</ele>
<time>2026-05-08T08:32:14Z</time>
</trkpt>
<trkpt lat="45.37991183" lon="8.14295249">
<ele>193.57632</ele>
<time>2026-05-08T08:32:15Z</time>
</trkpt>
<trkpt lat="45.37983012" lon="8.14303073">
<ele>193.5922</ele>
<time>2026-05-08T08:32:16Z</time>
</trkpt>
<trkpt lat="45.37975601" lon="8.14311547">
<ele>193.60805</ele>
<time>2026-05-08T08:32:17Z</time>
</trkpt>
<trkpt lat="45.37966941" lon="8.14324044">
<ele>193.60275</ele>
<time>2026-05-08T08:32:18Z</time>
</trkpt>
<trkpt lat="45.37960384" lon="8.14335764">
<ele>193.57632</ele>
<time>2026-05-08T08:32:19Z</time>
</trkpt>
<trkpt lat="45.37952012" lon="8.14349719">
<ele>193.52878</ele>
<time>2026-05-08T08:32:20Z</time>
</trkpt>
<trkpt lat="45.37945372" lon="8.14363667">
<ele>193.48122</ele>
<time>2026-05-08T08:32:21Z</time>
</trkpt>
<trkpt lat="45.37937855" lon="8.14379237">
<ele>193.39665</ele>
<time>2026-05-08T08:32:22Z</time>
</trkpt>
<trkpt lat="45.37931715" lon="8.14394981">
<ele>193.2804</ele>
<time>2026-05-08T08:32:23Z</time>
</trkpt>
<trkpt lat="45.37926411" lon="8.14411148">
<ele>193.13771</ele>
<time>2026-05-08T08:32:24Z</time>
</trkpt>
<trkpt lat="45.37921935" lon="8.14427547">
<ele>192.95804</ele>
<time>2026-05-08T08:32:25Z</time>
</trkpt>
<trkpt lat="45.37919412" lon="8.14445803">
<ele>192.78365</ele>
<time>2026-05-08T08:32:26Z</time>
</trkpt>
<trkpt lat="45.37919653" lon="8.14461509">
<ele>192.61981</ele>
<time>2026-05-08T08:32:27Z</time>
</trkpt>
<trkpt lat="45.37921286" lon="8.14476674">
<ele>192.4507</ele>
<time>2026-05-08T08:32:28Z</time>
</trkpt>
<trkpt lat="45.37922676" lon="8.14490661">
<ele>192.2129</ele>
<time>2026-05-08T08:32:29Z</time>
</trkpt>
<trkpt lat="45.37924656" lon="8.14501501">
<ele>191.99622</ele>
<time>2026-05-08T08:32:30Z</time>
</trkpt>
<trkpt lat="45.37925776" lon="8.14511663">
<ele>191.769</ele>
<time>2026-05-08T08:32:31Z</time>
</trkpt>
<trkpt lat="45.37927313" lon="8.14519426">
<ele>191.53117</ele>
<time>2026-05-08T08:32:32Z</time>
</trkpt>
<trkpt lat="45.37928593" lon="8.14527244">
<ele>191.30394</ele>
<time>2026-05-08T08:32:33Z</time>
</trkpt>
<trkpt lat="45.37928364" lon="8.14534623">
<ele>191.10312</ele>
<time>2026-05-08T08:32:34Z</time>
</trkpt>
<trkpt lat="45.37927011" lon="8.14542309">
<ele>190.91817</ele>
<time>2026-05-08T08:32:35Z</time>
</trkpt>
<trkpt lat="45.37925151" lon="8.1455">
<ele>190.7279</ele>
<time>2026-05-08T08:32:36Z</time>
</trkpt>
<trkpt lat="45.37921131" lon="8.14557458">
<ele>190.5588</ele>
<time>2026-05-08T08:32:37Z</time>
</trkpt>
<trkpt lat="45.37917779" lon="8.14564616">
<ele>190.40027</ele>
<time>2026-05-08T08:32:38Z</time>
</trkpt>
<trkpt lat="45.37914994" lon="8.14573944">
<ele>190.24702</ele>
<time>2026-05-08T08:32:39Z</time>
</trkpt>
<trkpt lat="45.37913486" lon="8.14582911">
<ele>190.10434</ele>
<time>2026-05-08T08:32:40Z</time>
</trkpt>
<trkpt lat="45.37913348" lon="8.14592244">
<ele>189.99336</ele>
<time>2026-05-08T08:32:41Z</time>
</trkpt>
<trkpt lat="45.37913944" lon="8.14601334">
<ele>189.87709</ele>
<time>2026-05-08T08:32:42Z</time>
</trkpt>
<trkpt lat="45.37916598" lon="8.14610141">
<ele>189.77667</ele>
<time>2026-05-08T08:32:43Z</time>
</trkpt>
<trkpt lat="45.37921523" lon="8.14617309">
<ele>189.66042</ele>
<time>2026-05-08T08:32:44Z</time>
</trkpt>
<trkpt lat="45.3792751" lon="8.14621649">
<ele>189.56001</ele>
<time>2026-05-08T08:32:45Z</time>
</trkpt>
<trkpt lat="45.37933699" lon="8.14625465">
<ele>189.47018</ele>
<time>2026-05-08T08:32:46Z</time>
</trkpt>
<trkpt lat="45.37940296" lon="8.14626657">
<ele>189.40675</ele>
<time>2026-05-08T08:32:47Z</time>
</trkpt>
<trkpt lat="45.37946961" lon="8.14626845">
<ele>189.33806</ele>
<time>2026-05-08T08:32:48Z</time>
</trkpt>
<trkpt lat="45.37952767" lon="8.14624767">
<ele>189.25351</ele>
<time>2026-05-08T08:32:49Z</time>
</trkpt>
<trkpt lat="45.37956455" lon="8.14622519">
<ele>189.16895</ele>
<time>2026-05-08T08:32:50Z</time>
</trkpt>
<trkpt lat="45.37961689" lon="8.14618666">
<ele>189.08968</ele>
<time>2026-05-08T08:32:51Z</time>
</trkpt>
<trkpt lat="45.37964843" lon="8.14615914">
<ele>189.02098</ele>
<time>2026-05-08T08:32:52Z</time>
</trkpt>
<trkpt lat="45.37967559" lon="8.14612548">
<ele>188.96284</ele>
<time>2026-05-08T08:32:53Z</time>
</trkpt>
<trkpt lat="45.37968952" lon="8.1461013">
<ele>188.90472</ele>
<time>2026-05-08T08:32:54Z</time>
</trkpt>
<trkpt lat="45.37970498" lon="8.14607768">
<ele>188.86774</ele>
<time>2026-05-08T08:32:55Z</time>
</trkpt>
<trkpt lat="45.37972231" lon="8.14605698">
<ele>188.82544</ele>
<time>2026-05-08T08:32:56Z</time>
</trkpt>
<trkpt lat="45.37972925" lon="8.14604134">
<ele>188.78316</ele>
<time>2026-05-08T08:32:57Z</time>
</trkpt>
<trkpt lat="45.37973409" lon="8.14603129">
<ele>188.74617</ele>
<time>2026-05-08T08:32:58Z</time>
</trkpt>
<trkpt lat="45.37974479" lon="8.14600787">
<ele>188.75145</ele>
<time>2026-05-08T08:32:59Z</time>
</trkpt>
<trkpt lat="45.37975405" lon="8.14596272">
<ele>188.76204</ele>
<time>2026-05-08T08:33:00Z</time>
</trkpt>
<trkpt lat="45.37975675" lon="8.14590968">
<ele>188.75145</ele>
<time>2026-05-08T08:33:01Z</time>
</trkpt>
<trkpt lat="45.37975085" lon="8.14584474">
<ele>188.76732</ele>
<time>2026-05-08T08:33:02Z</time>
</trkpt>
<trkpt lat="45.3797386" lon="8.14577078">
<ele>188.78316</ele>
<time>2026-05-08T08:33:03Z</time>
</trkpt>
<trkpt lat="45.37973114" lon="8.14568324">
<ele>188.8043</ele>
<time>2026-05-08T08:33:04Z</time>
</trkpt>
<trkpt lat="45.37971988" lon="8.14560239">
<ele>188.82544</ele>
<time>2026-05-08T08:33:05Z</time>
</trkpt>
<trkpt lat="45.37972445" lon="8.14551387">
<ele>188.84659</ele>
<time>2026-05-08T08:33:06Z</time>
</trkpt>
<trkpt lat="45.37973248" lon="8.14542333">
<ele>188.89944</ele>
<time>2026-05-08T08:33:07Z</time>
</trkpt>
<trkpt lat="45.37977628" lon="8.14532865">
<ele>188.984</ele>
<time>2026-05-08T08:33:08Z</time>
</trkpt>
<trkpt lat="45.37981757" lon="8.14524342">
<ele>189.08968</ele>
<time>2026-05-08T08:33:09Z</time>
</trkpt>
<trkpt lat="45.37988011" lon="8.1451418">
<ele>189.21652</ele>
<time>2026-05-08T08:33:10Z</time>
</trkpt>
<trkpt lat="45.37993836" lon="8.14503572">
<ele>189.3909</ele>
<time>2026-05-08T08:33:11Z</time>
</trkpt>
<trkpt lat="45.38000487" lon="8.14491893">
<ele>189.57059</ele>
<time>2026-05-08T08:33:12Z</time>
</trkpt>
<trkpt lat="45.38008026" lon="8.14479573">
<ele>189.73969</ele>
<time>2026-05-08T08:33:13Z</time>
</trkpt>
<trkpt lat="45.38016279" lon="8.14466372">
<ele>189.95638</ele>
<time>2026-05-08T08:33:14Z</time>
</trkpt>
<trkpt lat="45.38025094" lon="8.14451986">
<ele>190.17303</ele>
<time>2026-05-08T08:33:15Z</time>
</trkpt>
<trkpt lat="45.38034119" lon="8.14436663">
<ele>190.41614</ele>
<time>2026-05-08T08:33:16Z</time>
</trkpt>
<trkpt lat="45.38043096" lon="8.14421145">
<ele>190.63808</ele>
<time>2026-05-08T08:33:17Z</time>
</trkpt>
<trkpt lat="45.38052672" lon="8.14404668">
<ele>190.84947</ele>
<time>2026-05-08T08:33:18Z</time>
</trkpt>
<trkpt lat="45.38063401" lon="8.14387711">
<ele>191.13483</ele>
<time>2026-05-08T08:33:19Z</time>
</trkpt>
<trkpt lat="45.38073626" lon="8.14369444">
<ele>191.38849</ele>
<time>2026-05-08T08:33:20Z</time>
</trkpt>
<trkpt lat="45.38085144" lon="8.14350938">
<ele>191.65802</ele>
<time>2026-05-08T08:33:21Z</time>
</trkpt>
<trkpt lat="45.38095891" lon="8.14332474">
<ele>191.96452</ele>
<time>2026-05-08T08:33:22Z</time>
</trkpt>
<trkpt lat="45.38107366" lon="8.14313396">
<ele>192.27103</ele>
<time>2026-05-08T08:33:23Z</time>
</trkpt>
<trkpt lat="45.38118893" lon="8.14294226">
<ele>192.60925</ele>
<time>2026-05-08T08:33:24Z</time>
</trkpt>
<trkpt lat="45.38131162" lon="8.14274402">
<ele>192.96332</ele>
<time>2026-05-08T08:33:25Z</time>
</trkpt>
<trkpt lat="45.38143951" lon="8.14254341">
<ele>193.33853</ele>
<time>2026-05-08T08:33:26Z</time>
</trkpt>
<trkpt lat="45.38155105" lon="8.14235422">
<ele>193.69789</ele>
<time>2026-05-08T08:33:27Z</time>
</trkpt>
<trkpt lat="45.38166234" lon="8.14216173">
<ele>194.0308</ele>
<time>2026-05-08T08:33:28Z</time>
</trkpt>
<trkpt lat="45.38178437" lon="8.14196826">
<ele>194.4166</ele>
<time>2026-05-08T08:33:29Z</time>
</trkpt>
<trkpt lat="45.38189649" lon="8.14177111">
<ele>194.77594</ele>
<time>2026-05-08T08:33:30Z</time>
</trkpt>
<trkpt lat="45.38201134" lon="8.14157719">
<ele>195.18816</ele>
<time>2026-05-08T08:33:31Z</time>
</trkpt>
<trkpt lat="45.3821318" lon="8.14138724">
<ele>195.61621</ele>
<time>2026-05-08T08:33:32Z</time>
</trkpt>
<trkpt lat="45.38225374" lon="8.14119696">
<ele>196.03369</ele>
<time>2026-05-08T08:33:33Z</time>
</trkpt>
<trkpt lat="45.38236717" lon="8.14100359">
<ele>196.5146</ele>
<time>2026-05-08T08:33:34Z</time>
</trkpt>
<trkpt lat="45.38247644" lon="8.14081087">
<ele>196.9955</ele>
<time>2026-05-08T08:33:35Z</time>
</trkpt>
<trkpt lat="45.38258431" lon="8.14062965">
<ele>197.47112</ele>
<time>2026-05-08T08:33:36Z</time>
</trkpt>
<trkpt lat="45.38269747" lon="8.14044388">
<ele>197.97844</ele>
<time>2026-05-08T08:33:37Z</time>
</trkpt>
<trkpt lat="45.38281032" lon="8.14026115">
<ele>198.48047</ele>
<time>2026-05-08T08:33:38Z</time>
</trkpt>
<trkpt lat="45.38291963" lon="8.14007937">
<ele>198.99837</ele>
<time>2026-05-08T08:33:39Z</time>
</trkpt>
<trkpt lat="45.38302623" lon="8.13989835">
<ele>199.48456</ele>
<time>2026-05-08T08:33:40Z</time>
</trkpt>
<trkpt lat="45.38313403" lon="8.13971652">
<ele>199.92319</ele>
<time>2026-05-08T08:33:41Z</time>
</trkpt>
<trkpt lat="45.38324569" lon="8.13953952">
<ele>200.32483</ele>
<time>2026-05-08T08:33:42Z</time>
</trkpt>
<trkpt lat="45.38335135" lon="8.13935652">
<ele>200.6789</ele>
<time>2026-05-08T08:33:43Z</time>
</trkpt>
<trkpt lat="45.38345767" lon="8.13918648">
<ele>200.94312</ele>
<time>2026-05-08T08:33:44Z</time>
</trkpt>
<trkpt lat="45.38357094" lon="8.13900695">
<ele>201.1281</ele>
<time>2026-05-08T08:33:45Z</time>
</trkpt>
<trkpt lat="45.38368487" lon="8.13883004">
<ele>201.24963</ele>
<time>2026-05-08T08:33:46Z</time>
</trkpt>
<trkpt lat="45.38380045" lon="8.13865147">
<ele>201.2919</ele>
<time>2026-05-08T08:33:47Z</time>
</trkpt>
<trkpt lat="45.38390702" lon="8.1384797">
<ele>201.27606</ele>
<time>2026-05-08T08:33:48Z</time>
</trkpt>
<trkpt lat="45.38402694" lon="8.13829299">
<ele>201.16508</ele>
<time>2026-05-08T08:33:49Z</time>
</trkpt>
<trkpt lat="45.38413262" lon="8.13811756">
<ele>201.04353</ele>
<time>2026-05-08T08:33:50Z</time>
</trkpt>
<trkpt lat="45.38424035" lon="8.13793185">
<ele>200.93784</ele>
<time>2026-05-08T08:33:51Z</time>
</trkpt>
<trkpt lat="45.38434763" lon="8.13775147">
<ele>200.83214</ele>
<time>2026-05-08T08:33:52Z</time>
</trkpt>
<trkpt lat="45.38445646" lon="8.1375749">
<ele>200.70532</ele>
<time>2026-05-08T08:33:53Z</time>
</trkpt>
<trkpt lat="45.38456339" lon="8.13739315">
<ele>200.65247</ele>
<time>2026-05-08T08:33:54Z</time>
</trkpt>
<trkpt lat="45.38466911" lon="8.13720511">
<ele>200.65775</ele>
<time>2026-05-08T08:33:55Z</time>
</trkpt>
<trkpt lat="45.38477064" lon="8.13701998">
<ele>200.69473</ele>
<time>2026-05-08T08:33:56Z</time>
</trkpt>
<trkpt lat="45.38488022" lon="8.13682922">
<ele>200.71588</ele>
<time>2026-05-08T08:33:57Z</time>
</trkpt>
<trkpt lat="45.3849876" lon="8.13664353">
<ele>200.74759</ele>
<time>2026-05-08T08:33:58Z</time>
</trkpt>
<trkpt lat="45.38509148" lon="8.1364731">
<ele>200.80571</ele>
<time>2026-05-08T08:33:59Z</time>
</trkpt>
<trkpt lat="45.38518593" lon="8.13631857">
<ele>200.82158</ele>
<time>2026-05-08T08:34:00Z</time>
</trkpt>
<trkpt lat="45.38527826" lon="8.13617162">
<ele>200.83742</ele>
<time>2026-05-08T08:34:01Z</time>
</trkpt>
<trkpt lat="45.3853636" lon="8.13603811">
<ele>200.8163</ele>
<time>2026-05-08T08:34:02Z</time>
</trkpt>
<trkpt lat="45.38543787" lon="8.13591398">
<ele>200.78459</ele>
<time>2026-05-08T08:34:03Z</time>
</trkpt>
<trkpt lat="45.38551391" lon="8.13579578">
<ele>200.70003</ele>
<time>2026-05-08T08:34:04Z</time>
</trkpt>
<trkpt lat="45.38558618" lon="8.13569054">
<ele>200.6419</ele>
<time>2026-05-08T08:34:05Z</time>
</trkpt>
<trkpt lat="45.38565479" lon="8.13559765">
<ele>200.58905</ele>
<time>2026-05-08T08:34:06Z</time>
</trkpt>
<trkpt lat="45.38570987" lon="8.13551046">
<ele>200.52034</ele>
<time>2026-05-08T08:34:07Z</time>
</trkpt>
<trkpt lat="45.3857564" lon="8.13543301">
<ele>200.48863</ele>
<time>2026-05-08T08:34:08Z</time>
</trkpt>
<trkpt lat="45.38580552" lon="8.13537301">
<ele>200.46751</ele>
<time>2026-05-08T08:34:09Z</time>
</trkpt>
<trkpt lat="45.38585476" lon="8.13533189">
<ele>200.44637</ele>
<time>2026-05-08T08:34:10Z</time>
</trkpt>
<trkpt lat="45.38590372" lon="8.13529883">
<ele>200.45164</ele>
<time>2026-05-08T08:34:11Z</time>
</trkpt>
<trkpt lat="45.38595608" lon="8.13528205">
<ele>200.43051</ele>
<time>2026-05-08T08:34:12Z</time>
</trkpt>
<trkpt lat="45.38601584" lon="8.13524514">
<ele>200.41995</ele>
<time>2026-05-08T08:34:13Z</time>
</trkpt>
<trkpt lat="45.38607461" lon="8.13519437">
<ele>200.41466</ele>
<time>2026-05-08T08:34:14Z</time>
</trkpt>
<trkpt lat="45.38612032" lon="8.13514204">
<ele>200.3988</ele>
<time>2026-05-08T08:34:15Z</time>
</trkpt>
<trkpt lat="45.38615198" lon="8.13507378">
<ele>200.38295</ele>
<time>2026-05-08T08:34:16Z</time>
</trkpt>
<trkpt lat="45.38616169" lon="8.13499446">
<ele>200.39352</ele>
<time>2026-05-08T08:34:17Z</time>
</trkpt>
<trkpt lat="45.3861776" lon="8.13489643">
<ele>200.43051</ele>
<time>2026-05-08T08:34:18Z</time>
</trkpt>
<trkpt lat="45.38619133" lon="8.13480929">
<ele>200.45694</ele>
<time>2026-05-08T08:34:19Z</time>
</trkpt>
<trkpt lat="45.38620818" lon="8.13471924">
<ele>200.4728</ele>
<time>2026-05-08T08:34:20Z</time>
</trkpt>
<trkpt lat="45.38623588" lon="8.13462649">
<ele>200.51506</ele>
<time>2026-05-08T08:34:21Z</time>
</trkpt>
<trkpt lat="45.3862718" lon="8.1345414">
<ele>200.57849</ele>
<time>2026-05-08T08:34:22Z</time>
</trkpt>
<trkpt lat="45.3863185" lon="8.13445722">
<ele>200.64719</ele>
<time>2026-05-08T08:34:23Z</time>
</trkpt>
<trkpt lat="45.386361" lon="8.13437912">
<ele>200.7106</ele>
<time>2026-05-08T08:34:24Z</time>
</trkpt>
<trkpt lat="45.38640625" lon="8.13429818">
<ele>200.80043</ele>
<time>2026-05-08T08:34:25Z</time>
</trkpt>
<trkpt lat="45.38645507" lon="8.13421758">
<ele>200.83214</ele>
<time>2026-05-08T08:34:26Z</time>
</trkpt>
<trkpt lat="45.3864981" lon="8.13415814">
<ele>200.87442</ele>
<time>2026-05-08T08:34:27Z</time>
</trkpt>
<trkpt lat="45.3865413" lon="8.13408139">
<ele>200.9801</ele>
<time>2026-05-08T08:34:28Z</time>
</trkpt>
<trkpt lat="45.38658783" lon="8.13399288">
<ele>201.10167</ele>
<time>2026-05-08T08:34:29Z</time>
</trkpt>
<trkpt lat="45.38664283" lon="8.13388633">
<ele>201.24435</ele>
<time>2026-05-08T08:34:30Z</time>
</trkpt>
<trkpt lat="45.38670566" lon="8.1337763">
<ele>201.39232</ele>
<time>2026-05-08T08:34:31Z</time>
</trkpt>
<trkpt lat="45.3867773" lon="8.13366818">
<ele>201.54556</ele>
<time>2026-05-08T08:34:32Z</time>
</trkpt>
<trkpt lat="45.38685648" lon="8.13354904">
<ele>201.73055</ele>
<time>2026-05-08T08:34:33Z</time>
</trkpt>
<trkpt lat="45.38693371" lon="8.13342235">
<ele>201.93665</ele>
<time>2026-05-08T08:34:34Z</time>
</trkpt>
<trkpt lat="45.38701448" lon="8.13328375">
<ele>202.16916</ele>
<time>2026-05-08T08:34:35Z</time>
</trkpt>
<trkpt lat="45.38710547" lon="8.13314121">
<ele>202.40697</ele>
<time>2026-05-08T08:34:36Z</time>
</trkpt>
<trkpt lat="45.38719866" lon="8.13298974">
<ele>202.65535</ele>
<time>2026-05-08T08:34:37Z</time>
</trkpt>
<trkpt lat="45.38729336" lon="8.13283302">
<ele>202.91429</ele>
<time>2026-05-08T08:34:38Z</time>
</trkpt>
<trkpt lat="45.38738555" lon="8.13267288">
<ele>203.15738</ele>
<time>2026-05-08T08:34:39Z</time>
</trkpt>
<trkpt lat="45.38748293" lon="8.13251553">
<ele>203.42691</ele>
<time>2026-05-08T08:34:40Z</time>
</trkpt>
<trkpt lat="45.38757356" lon="8.132354">
<ele>203.68585</ele>
<time>2026-05-08T08:34:41Z</time>
</trkpt>
<trkpt lat="45.38767242" lon="8.13218814">
<ele>203.92366</ele>
<time>2026-05-08T08:34:42Z</time>
</trkpt>
<trkpt lat="45.3877715" lon="8.1320291">
<ele>204.16676</ele>
<time>2026-05-08T08:34:43Z</time>
</trkpt>
<trkpt lat="45.3878695" lon="8.13186387">
<ele>204.40985</ele>
<time>2026-05-08T08:34:44Z</time>
</trkpt>
<trkpt lat="45.38797376" lon="8.13169518">
<ele>204.63708</ele>
<time>2026-05-08T08:34:45Z</time>
</trkpt>
<trkpt lat="45.38807378" lon="8.13152999">
<ele>204.86433</ele>
<time>2026-05-08T08:34:46Z</time>
</trkpt>
<trkpt lat="45.38816775" lon="8.13136358">
<ele>205.09685</ele>
<time>2026-05-08T08:34:47Z</time>
</trkpt>
<trkpt lat="45.38826872" lon="8.13120349">
<ele>205.30295</ele>
<time>2026-05-08T08:34:48Z</time>
</trkpt>
<trkpt lat="45.38836661" lon="8.13104384">
<ele>205.4879</ele>
<time>2026-05-08T08:34:49Z</time>
</trkpt>
<trkpt lat="45.38846622" lon="8.13089027">
<ele>205.69402</ele>
<time>2026-05-08T08:34:50Z</time>
</trkpt>
<trkpt lat="45.38855885" lon="8.13073398">
<ele>205.90012</ele>
<time>2026-05-08T08:34:51Z</time>
</trkpt>
<trkpt lat="45.38865321" lon="8.13058072">
<ele>206.10094</ele>
<time>2026-05-08T08:34:52Z</time>
</trkpt>
<trkpt lat="45.38873725" lon="8.13043907">
<ele>206.28589</ele>
<time>2026-05-08T08:34:53Z</time>
</trkpt>
<trkpt lat="45.38881717" lon="8.13030424">
<ele>206.455</ele>
<time>2026-05-08T08:34:54Z</time>
</trkpt>
<trkpt lat="45.38889448" lon="8.1301781">
<ele>206.62411</ele>
<time>2026-05-08T08:34:55Z</time>
</trkpt>
<trkpt lat="45.38896872" lon="8.1300512">
<ele>206.77736</ele>
<time>2026-05-08T08:34:56Z</time>
</trkpt>
<trkpt lat="45.38904739" lon="8.12991679">
<ele>206.93062</ele>
<time>2026-05-08T08:34:57Z</time>
</trkpt>
<trkpt lat="45.38911519" lon="8.12979585">
<ele>207.0416</ele>
<time>2026-05-08T08:34:58Z</time>
</trkpt>
<trkpt lat="45.38919197" lon="8.12966811">
<ele>207.1737</ele>
<time>2026-05-08T08:34:59Z</time>
</trkpt>
<trkpt lat="45.38927009" lon="8.12954937">
<ele>207.28468</ele>
<time>2026-05-08T08:35:00Z</time>
</trkpt>
<trkpt lat="45.38934217" lon="8.12942944">
<ele>207.41153</ele>
<time>2026-05-08T08:35:01Z</time>
</trkpt>
<trkpt lat="45.3894172" lon="8.12931451">
<ele>207.53307</ele>
<time>2026-05-08T08:35:02Z</time>
</trkpt>
<trkpt lat="45.38948493" lon="8.12921356">
<ele>207.63875</ele>
<time>2026-05-08T08:35:03Z</time>
</trkpt>
<trkpt lat="45.38953659" lon="8.12912069">
<ele>207.70746</ele>
<time>2026-05-08T08:35:04Z</time>
</trkpt>
<trkpt lat="45.38958648" lon="8.12903573">
<ele>207.76031</ele>
<time>2026-05-08T08:35:05Z</time>
</trkpt>
<trkpt lat="45.38963377" lon="8.12895871">
<ele>207.79202</ele>
<time>2026-05-08T08:35:06Z</time>
</trkpt>
<trkpt lat="45.38967735" lon="8.12892633">
<ele>207.81845</ele>
<time>2026-05-08T08:35:07Z</time>
</trkpt>
<trkpt lat="45.3897142" lon="8.12890692">
<ele>207.84486</ele>
<time>2026-05-08T08:35:08Z</time>
</trkpt>
<trkpt lat="45.38975087" lon="8.12891118">
<ele>207.85014</ele>
<time>2026-05-08T08:35:09Z</time>
</trkpt>
<trkpt lat="45.38977916" lon="8.12893061">
<ele>207.85014</ele>
<time>2026-05-08T08:35:10Z</time>
</trkpt>
<trkpt lat="45.38979933" lon="8.12895767">
<ele>207.84486</ele>
<time>2026-05-08T08:35:11Z</time>
</trkpt>
<trkpt lat="45.38983131" lon="8.12900122">
<ele>207.80258</ele>
<time>2026-05-08T08:35:12Z</time>
</trkpt>
<trkpt lat="45.3898636" lon="8.12903256">
<ele>207.72331</ele>
<time>2026-05-08T08:35:13Z</time>
</trkpt>
<trkpt lat="45.38989249" lon="8.1290656">
<ele>207.63347</ele>
<time>2026-05-08T08:35:14Z</time>
</trkpt>
<trkpt lat="45.38991958" lon="8.12909591">
<ele>207.52779</ele>
<time>2026-05-08T08:35:15Z</time>
</trkpt>
<trkpt lat="45.38993962" lon="8.12912191">
<ele>207.41153</ele>
<time>2026-05-08T08:35:16Z</time>
</trkpt>
<trkpt lat="45.38995295" lon="8.12915261">
<ele>207.31111</ele>
<time>2026-05-08T08:35:17Z</time>
</trkpt>
<trkpt lat="45.38995677" lon="8.12918545">
<ele>207.21071</ele>
<time>2026-05-08T08:35:18Z</time>
</trkpt>
<trkpt lat="45.38995583" lon="8.12921935">
<ele>207.11029</ele>
<time>2026-05-08T08:35:19Z</time>
</trkpt>
<trkpt lat="45.38995065" lon="8.12925558">
<ele>207.01518</ele>
<time>2026-05-08T08:35:20Z</time>
</trkpt>
<trkpt lat="45.38994295" lon="8.12928522">
<ele>206.92534</ele>
<time>2026-05-08T08:35:21Z</time>
</trkpt>
<trkpt lat="45.38993568" lon="8.1293036">
<ele>206.84079</ele>
<time>2026-05-08T08:35:22Z</time>
</trkpt>
<trkpt lat="45.38992541" lon="8.1293184">
<ele>206.77208</ele>
<time>2026-05-08T08:35:23Z</time>
</trkpt>
<trkpt lat="45.38990956" lon="8.1293415">
<ele>206.72981</ele>
<time>2026-05-08T08:35:24Z</time>
</trkpt>
<trkpt lat="45.38988496" lon="8.12937343">
<ele>206.68752</ele>
<time>2026-05-08T08:35:25Z</time>
</trkpt>
<trkpt lat="45.38985481" lon="8.12941375">
<ele>206.64525</ele>
<time>2026-05-08T08:35:26Z</time>
</trkpt>
<trkpt lat="45.38981646" lon="8.12945996">
<ele>206.60826</ele>
<time>2026-05-08T08:35:27Z</time>
</trkpt>
<trkpt lat="45.38977229" lon="8.12952701">
<ele>206.55542</ele>
<time>2026-05-08T08:35:28Z</time>
</trkpt>
<trkpt lat="45.38973503" lon="8.12957192">
<ele>206.50256</ele>
<time>2026-05-08T08:35:29Z</time>
</trkpt>
<trkpt lat="45.38970515" lon="8.12962836">
<ele>206.47614</ele>
<time>2026-05-08T08:35:30Z</time>
</trkpt>
<trkpt lat="45.38968238" lon="8.12966058">
<ele>206.43385</ele>
<time>2026-05-08T08:35:31Z</time>
</trkpt>
<trkpt lat="45.3896505" lon="8.12970468">
<ele>206.38103</ele>
<time>2026-05-08T08:35:32Z</time>
</trkpt>
<trkpt lat="45.38962334" lon="8.12971808">
<ele>206.34402</ele>
<time>2026-05-08T08:35:33Z</time>
</trkpt>
<trkpt lat="45.38959823" lon="8.12973155">
<ele>206.29646</ele>
<time>2026-05-08T08:35:34Z</time>
</trkpt>
<trkpt lat="45.38956621" lon="8.12975372">
<ele>206.24362</ele>
<time>2026-05-08T08:35:35Z</time>
</trkpt>
<trkpt lat="45.38954992" lon="8.12977909">
<ele>206.18549</ele>
<time>2026-05-08T08:35:36Z</time>
</trkpt>
<trkpt lat="45.38954343" lon="8.12980515">
<ele>206.13264</ele>
<time>2026-05-08T08:35:37Z</time>
</trkpt>
<trkpt lat="45.38954794" lon="8.12983091">
<ele>206.07979</ele>
<time>2026-05-08T08:35:38Z</time>
</trkpt>
<trkpt lat="45.38955464" lon="8.12985362">
<ele>206.03752</ele>
<time>2026-05-08T08:35:39Z</time>
</trkpt>
<trkpt lat="45.38955919" lon="8.12986523">
<ele>206.00581</ele>
<time>2026-05-08T08:35:40Z</time>
</trkpt>
<trkpt lat="45.38956688" lon="8.12987494">
<ele>205.96353</ele>
<time>2026-05-08T08:35:41Z</time>
</trkpt>
<trkpt lat="45.38956979" lon="8.12986922">
<ele>205.93182</ele>
<time>2026-05-08T08:35:42Z</time>
</trkpt>
<trkpt lat="45.38957078" lon="8.12986483">
<ele>205.9054</ele>
<time>2026-05-08T08:35:43Z</time>
</trkpt>
<trkpt lat="45.38957204" lon="8.12986417">
<ele>205.87897</ele>
<time>2026-05-08T08:35:44Z</time>
</trkpt>
<trkpt lat="45.38957433" lon="8.1298628">
<ele>205.86313</ele>
<time>2026-05-08T08:35:45Z</time>
</trkpt>
<trkpt lat="45.38956787" lon="8.12984905">
<ele>205.84727</ele>
<time>2026-05-08T08:35:46Z</time>
</trkpt>
<trkpt lat="45.38956693" lon="8.12984294">
<ele>205.8367</ele>
<time>2026-05-08T08:35:47Z</time>
</trkpt>
<trkpt lat="45.38955687" lon="8.12983244">
<ele>205.82613</ele>
<time>2026-05-08T08:35:48Z</time>
</trkpt>
<trkpt lat="45.38955276" lon="8.1298274">
<ele>205.8367</ele>
<time>2026-05-08T08:35:49Z</time>
</trkpt>
<trkpt lat="45.38955033" lon="8.12982486">
<ele>205.8367</ele>
<time>2026-05-08T08:35:50Z</time>
</trkpt>
<trkpt lat="45.38973485" lon="8.12960789">
<ele>206.32817</ele>
<time>2026-05-08T09:03:30Z</time>
</trkpt>
<trkpt lat="45.38976145" lon="8.12957262">
<ele>206.3546</ele>
<time>2026-05-08T09:03:31Z</time>
</trkpt>
<trkpt lat="45.38979134" lon="8.12951429">
<ele>206.3863</ele>
<time>2026-05-08T09:03:32Z</time>
</trkpt>
<trkpt lat="45.38981852" lon="8.12946026">
<ele>206.41801</ele>
<time>2026-05-08T09:03:33Z</time>
</trkpt>
<trkpt lat="45.38984738" lon="8.12940813">
<ele>206.44972</ele>
<time>2026-05-08T09:03:34Z</time>
</trkpt>
<trkpt lat="45.3898936" lon="8.12935287">
<ele>206.46028</ele>
<time>2026-05-08T09:03:35Z</time>
</trkpt>
<trkpt lat="45.38991333" lon="8.12931181">
<ele>206.47614</ele>
<time>2026-05-08T09:03:36Z</time>
</trkpt>
<trkpt lat="45.38993897" lon="8.12927015">
<ele>206.49728</ele>
<time>2026-05-08T09:03:37Z</time>
</trkpt>
<trkpt lat="45.38995377" lon="8.12922613">
<ele>206.52371</ele>
<time>2026-05-08T09:03:38Z</time>
</trkpt>
<trkpt lat="45.38993962" lon="8.12917629">
<ele>206.53955</ele>
<time>2026-05-08T09:03:39Z</time>
</trkpt>
<trkpt lat="45.38992512" lon="8.12911707">
<ele>206.5607</ele>
<time>2026-05-08T09:03:40Z</time>
</trkpt>
<trkpt lat="45.38990222" lon="8.12907495">
<ele>206.58713</ele>
<time>2026-05-08T09:03:41Z</time>
</trkpt>
<trkpt lat="45.38987573" lon="8.12903782">
<ele>206.60826</ele>
<time>2026-05-08T09:03:42Z</time>
</trkpt>
<trkpt lat="45.38984742" lon="8.12900183">
<ele>206.65582</ele>
<time>2026-05-08T09:03:43Z</time>
</trkpt>
<trkpt lat="45.38981878" lon="8.12896165">
<ele>206.72452</ele>
<time>2026-05-08T09:03:44Z</time>
</trkpt>
<trkpt lat="45.3897919" lon="8.12892613">
<ele>206.81964</ele>
<time>2026-05-08T09:03:45Z</time>
</trkpt>
<trkpt lat="45.38976654" lon="8.12889251">
<ele>206.92534</ele>
<time>2026-05-08T09:03:46Z</time>
</trkpt>
<trkpt lat="45.38974646" lon="8.12886733">
<ele>207.03102</ele>
<time>2026-05-08T09:03:47Z</time>
</trkpt>
<trkpt lat="45.38973141" lon="8.12885171">
<ele>207.13672</ele>
<time>2026-05-08T09:03:48Z</time>
</trkpt>
<trkpt lat="45.38971939" lon="8.12884349">
<ele>207.25298</ele>
<time>2026-05-08T09:03:49Z</time>
</trkpt>
<trkpt lat="45.38970654" lon="8.12883883">
<ele>207.35867</ele>
<time>2026-05-08T09:03:50Z</time>
</trkpt>
<trkpt lat="45.38969268" lon="8.12883823">
<ele>207.46436</ele>
<time>2026-05-08T09:03:51Z</time>
</trkpt>
<trkpt lat="45.38966978" lon="8.12884517">
<ele>207.5595</ele>
<time>2026-05-08T09:03:52Z</time>
</trkpt>
<trkpt lat="45.38964416" lon="8.12885926">
<ele>207.65462</ele>
<time>2026-05-08T09:03:53Z</time>
</trkpt>
<trkpt lat="45.38961803" lon="8.128884">
<ele>207.74445</ele>
<time>2026-05-08T09:03:54Z</time>
</trkpt>
<trkpt lat="45.38956159" lon="8.12894895">
<ele>207.83957</ele>
<time>2026-05-08T09:03:55Z</time>
</trkpt>
<trkpt lat="45.38951482" lon="8.12901544">
<ele>207.92415</ele>
<time>2026-05-08T09:03:56Z</time>
</trkpt>
<trkpt lat="45.38946832" lon="8.12908615">
<ele>207.98225</ele>
<time>2026-05-08T09:03:57Z</time>
</trkpt>
<trkpt lat="45.3894163" lon="8.12916942">
<ele>208.05624</ele>
<time>2026-05-08T09:03:58Z</time>
</trkpt>
<trkpt lat="45.38935217" lon="8.12926761">
<ele>208.1091</ele>
<time>2026-05-08T09:03:59Z</time>
</trkpt>
<trkpt lat="45.389289" lon="8.12937766">
<ele>208.13023</ele>
<time>2026-05-08T09:04:00Z</time>
</trkpt>
<trkpt lat="45.38921829" lon="8.12949089">
<ele>208.2835</ele>
<time>2026-05-08T09:04:01Z</time>
</trkpt>
<trkpt lat="45.38914569" lon="8.12960572">
<ele>208.36276</ele>
<time>2026-05-08T09:04:02Z</time>
</trkpt>
<trkpt lat="45.38906964" lon="8.12973268">
<ele>208.47902</ele>
<time>2026-05-08T09:04:03Z</time>
</trkpt>
<trkpt lat="45.38898796" lon="8.1298666">
<ele>208.57414</ele>
<time>2026-05-08T09:04:04Z</time>
</trkpt>
<trkpt lat="45.38890514" lon="8.13000653">
<ele>208.63756</ele>
<time>2026-05-08T09:04:05Z</time>
</trkpt>
<trkpt lat="45.38882062" lon="8.1301502">
<ele>208.71683</ele>
<time>2026-05-08T09:04:06Z</time>
</trkpt>
<trkpt lat="45.38873098" lon="8.13029846">
<ele>208.77496</ele>
<time>2026-05-08T09:04:07Z</time>
</trkpt>
<trkpt lat="45.38863938" lon="8.1304564">
<ele>208.80138</ele>
<time>2026-05-08T09:04:08Z</time>
</trkpt>
<trkpt lat="45.38854266" lon="8.13061575">
<ele>208.80138</ele>
<time>2026-05-08T09:04:09Z</time>
</trkpt>
<trkpt lat="45.38844829" lon="8.13077753">
<ele>208.78552</ele>
<time>2026-05-08T09:04:10Z</time>
</trkpt>
<trkpt lat="45.38835186" lon="8.13093899">
<ele>208.75381</ele>
<time>2026-05-08T09:04:11Z</time>
</trkpt>
<trkpt lat="45.38825136" lon="8.13110633">
<ele>208.70099</ele>
<time>2026-05-08T09:04:12Z</time>
</trkpt>
<trkpt lat="45.38814999" lon="8.13127399">
<ele>208.61642</ele>
<time>2026-05-08T09:04:13Z</time>
</trkpt>
<trkpt lat="45.38804988" lon="8.13144075">
<ele>208.516</ele>
<time>2026-05-08T09:04:14Z</time>
</trkpt>
<trkpt lat="45.38794765" lon="8.13160779">
<ele>208.43674</ele>
<time>2026-05-08T09:04:15Z</time>
</trkpt>
<trkpt lat="45.38784878" lon="8.13177324">
<ele>208.3152</ele>
<time>2026-05-08T09:04:16Z</time>
</trkpt>
<trkpt lat="45.38774642" lon="8.13193749">
<ele>208.17252</ele>
<time>2026-05-08T09:04:17Z</time>
</trkpt>
<trkpt lat="45.38764636" lon="8.13210137">
<ele>208.03511</ele>
<time>2026-05-08T09:04:18Z</time>
</trkpt>
<trkpt lat="45.38754684" lon="8.13226051">
<ele>207.88185</ele>
<time>2026-05-08T09:04:19Z</time>
</trkpt>
<trkpt lat="45.38744984" lon="8.1324182">
<ele>207.6916</ele>
<time>2026-05-08T09:04:20Z</time>
</trkpt>
<trkpt lat="45.38735322" lon="8.13258122">
<ele>207.50137</ele>
<time>2026-05-08T09:04:21Z</time>
</trkpt>
<trkpt lat="45.3872639" lon="8.13272973">
<ele>207.30583</ele>
<time>2026-05-08T09:04:22Z</time>
</trkpt>
<trkpt lat="45.38717124" lon="8.13288328">
<ele>207.16843</ele>
<time>2026-05-08T09:04:23Z</time>
</trkpt>
<trkpt lat="45.38707838" lon="8.13303941">
<ele>206.9729</ele>
<time>2026-05-08T09:04:24Z</time>
</trkpt>
<trkpt lat="45.38698553" lon="8.13319149">
<ele>206.77736</ele>
<time>2026-05-08T09:04:25Z</time>
</trkpt>
<trkpt lat="45.38689608" lon="8.13334585">
<ele>206.57126</ele>
<time>2026-05-08T09:04:26Z</time>
</trkpt>
<trkpt lat="45.38680458" lon="8.13349481">
<ele>206.3176</ele>
<time>2026-05-08T09:04:27Z</time>
</trkpt>
<trkpt lat="45.38671464" lon="8.13364599">
<ele>206.06923</ele>
<time>2026-05-08T09:04:28Z</time>
</trkpt>
<trkpt lat="45.38662386" lon="8.13379889">
<ele>205.84727</ele>
<time>2026-05-08T09:04:29Z</time>
</trkpt>
<trkpt lat="45.38653943" lon="8.13394153">
<ele>205.61475</ele>
<time>2026-05-08T09:04:30Z</time>
</trkpt>
<trkpt lat="45.38646186" lon="8.13406983">
<ele>205.40337</ele>
<time>2026-05-08T09:04:31Z</time>
</trkpt>
<trkpt lat="45.38638825" lon="8.13419544">
<ele>205.13911</ele>
<time>2026-05-08T09:04:32Z</time>
</trkpt>
<trkpt lat="45.38632158" lon="8.13430512">
<ele>204.8379</ele>
<time>2026-05-08T09:04:33Z</time>
</trkpt>
<trkpt lat="45.38626203" lon="8.13439561">
<ele>204.54726</ele>
<time>2026-05-08T09:04:34Z</time>
</trkpt>
<trkpt lat="45.38620861" lon="8.13447272">
<ele>204.26717</ele>
<time>2026-05-08T09:04:35Z</time>
</trkpt>
<trkpt lat="45.38615848" lon="8.13453533">
<ele>203.98708</ele>
<time>2026-05-08T09:04:36Z</time>
</trkpt>
<trkpt lat="45.38611471" lon="8.1345824">
<ele>203.7017</ele>
<time>2026-05-08T09:04:37Z</time>
</trkpt>
<trkpt lat="45.38607562" lon="8.13461453">
<ele>203.43747</ele>
<time>2026-05-08T09:04:38Z</time>
</trkpt>
<trkpt lat="45.38603352" lon="8.13463894">
<ele>203.20496</ele>
<time>2026-05-08T09:04:39Z</time>
</trkpt>
<trkpt lat="45.38598529" lon="8.13466374">
<ele>203.01999</ele>
<time>2026-05-08T09:04:40Z</time>
</trkpt>
<trkpt lat="45.38593526" lon="8.13469357">
<ele>202.83502</ele>
<time>2026-05-08T09:04:41Z</time>
</trkpt>
<trkpt lat="45.3858785" lon="8.13472676">
<ele>202.65007</ele>
<time>2026-05-08T09:04:42Z</time>
</trkpt>
<trkpt lat="45.38582442" lon="8.13477448">
<ele>202.47038</ele>
<time>2026-05-08T09:04:43Z</time>
</trkpt>
<trkpt lat="45.38577621" lon="8.13483742">
<ele>202.31712</ele>
<time>2026-05-08T09:04:44Z</time>
</trkpt>
<trkpt lat="45.3857394" lon="8.13491902">
<ele>202.17972</ele>
<time>2026-05-08T09:04:45Z</time>
</trkpt>
<trkpt lat="45.38572101" lon="8.13500398">
<ele>202.05818</ele>
<time>2026-05-08T09:04:46Z</time>
</trkpt>
<trkpt lat="45.38572764" lon="8.13509942">
<ele>201.9472</ele>
<time>2026-05-08T09:04:47Z</time>
</trkpt>
<trkpt lat="45.38571674" lon="8.13518956">
<ele>201.85208</ele>
<time>2026-05-08T09:04:48Z</time>
</trkpt>
<trkpt lat="45.38569516" lon="8.13528001">
<ele>201.75694</ele>
<time>2026-05-08T09:04:49Z</time>
</trkpt>
<trkpt lat="45.3856608" lon="8.13537407">
<ele>201.66711</ele>
<time>2026-05-08T09:04:50Z</time>
</trkpt>
<trkpt lat="45.38561602" lon="8.13546693">
<ele>201.62485</ele>
<time>2026-05-08T09:04:51Z</time>
</trkpt>
<trkpt lat="45.38555818" lon="8.13557061">
<ele>201.57727</ele>
<time>2026-05-08T09:04:52Z</time>
</trkpt>
<trkpt lat="45.38549095" lon="8.13568543">
<ele>201.58258</ele>
<time>2026-05-08T09:04:53Z</time>
</trkpt>
<trkpt lat="45.38541933" lon="8.13580429">
<ele>201.62485</ele>
<time>2026-05-08T09:04:54Z</time>
</trkpt>
<trkpt lat="45.38534032" lon="8.135937">
<ele>201.66711</ele>
<time>2026-05-08T09:04:55Z</time>
</trkpt>
<trkpt lat="45.38525478" lon="8.1360787">
<ele>201.7094</ele>
<time>2026-05-08T09:04:56Z</time>
</trkpt>
<trkpt lat="45.38516275" lon="8.13623199">
<ele>201.74638</ele>
<time>2026-05-08T09:04:57Z</time>
</trkpt>
<trkpt lat="45.38506453" lon="8.13639251">
<ele>201.8098</ele>
<time>2026-05-08T09:04:58Z</time>
</trkpt>
<trkpt lat="45.38496191" lon="8.1365611">
<ele>201.87323</ele>
<time>2026-05-08T09:04:59Z</time>
</trkpt>
<trkpt lat="45.38485515" lon="8.13673465">
<ele>201.94193</ele>
<time>2026-05-08T09:05:00Z</time>
</trkpt>
<trkpt lat="45.38474021" lon="8.1369222">
<ele>201.97891</ele>
<time>2026-05-08T09:05:01Z</time>
</trkpt>
<trkpt lat="45.38462953" lon="8.13710358">
<ele>201.99477</ele>
<time>2026-05-08T09:05:02Z</time>
</trkpt>
<trkpt lat="45.38451263" lon="8.13729456">
<ele>202.00005</ele>
<time>2026-05-08T09:05:03Z</time>
</trkpt>
<trkpt lat="45.38439489" lon="8.13749134">
<ele>202.01062</ele>
<time>2026-05-08T09:05:04Z</time>
</trkpt>
<trkpt lat="45.38427625" lon="8.13769358">
<ele>202.01062</ele>
<time>2026-05-08T09:05:05Z</time>
</trkpt>
<trkpt lat="45.38415604" lon="8.13789771">
<ele>202.01591</ele>
<time>2026-05-08T09:05:06Z</time>
</trkpt>
<trkpt lat="45.38403476" lon="8.13810179">
<ele>201.9842</ele>
<time>2026-05-08T09:05:07Z</time>
</trkpt>
<trkpt lat="45.38391418" lon="8.13830485">
<ele>201.97363</ele>
<time>2026-05-08T09:05:08Z</time>
</trkpt>
<trkpt lat="45.3837908" lon="8.13851094">
<ele>201.97891</ele>
<time>2026-05-08T09:05:09Z</time>
</trkpt>
<trkpt lat="45.38367646" lon="8.13870037">
<ele>202.0529</ele>
<time>2026-05-08T09:05:10Z</time>
</trkpt>
<trkpt lat="45.38356111" lon="8.13889193">
<ele>202.17444</ele>
<time>2026-05-08T09:05:11Z</time>
</trkpt>
<trkpt lat="45.38344928" lon="8.13907772">
<ele>202.29071</ele>
<time>2026-05-08T09:05:12Z</time>
</trkpt>
<trkpt lat="45.38334386" lon="8.13925385">
<ele>202.39111</ele>
<time>2026-05-08T09:05:13Z</time>
</trkpt>
<trkpt lat="45.38323947" lon="8.13942806">
<ele>202.52322</ele>
<time>2026-05-08T09:05:14Z</time>
</trkpt>
<trkpt lat="45.38314026" lon="8.13959125">
<ele>202.6765</ele>
<time>2026-05-08T09:05:15Z</time>
</trkpt>
<trkpt lat="45.38304075" lon="8.13975328">
<ele>202.84558</ele>
<time>2026-05-08T09:05:16Z</time>
</trkpt>
<trkpt lat="45.38293116" lon="8.13993382">
<ele>202.99886</ele>
<time>2026-05-08T09:05:17Z</time>
</trkpt>
<trkpt lat="45.38282989" lon="8.14010173">
<ele>203.09396</ele>
<time>2026-05-08T09:05:18Z</time>
</trkpt>
<trkpt lat="45.38272383" lon="8.14028012">
<ele>203.16266</ele>
<time>2026-05-08T09:05:19Z</time>
</trkpt>
<trkpt lat="45.38261541" lon="8.14045837">
<ele>203.19438</ele>
<time>2026-05-08T09:05:20Z</time>
</trkpt>
<trkpt lat="45.38250513" lon="8.14064013">
<ele>203.14682</ele>
<time>2026-05-08T09:05:21Z</time>
</trkpt>
<trkpt lat="45.3823937" lon="8.14082541">
<ele>203.06227</ele>
<time>2026-05-08T09:05:22Z</time>
</trkpt>
<trkpt lat="45.38228218" lon="8.14101197">
<ele>202.92487</ele>
<time>2026-05-08T09:05:23Z</time>
</trkpt>
<trkpt lat="45.38216987" lon="8.14119982">
<ele>202.83502</ele>
<time>2026-05-08T09:05:24Z</time>
</trkpt>
<trkpt lat="45.38205253" lon="8.14139363">
<ele>202.6025</ele>
<time>2026-05-08T09:05:25Z</time>
</trkpt>
<trkpt lat="45.38194306" lon="8.1415759">
<ele>202.31184</ele>
<time>2026-05-08T09:05:26Z</time>
</trkpt>
<trkpt lat="45.38183035" lon="8.14176603">
<ele>202.0212</ele>
<time>2026-05-08T09:05:27Z</time>
</trkpt>
<trkpt lat="45.38172079" lon="8.14195337">
<ele>201.7094</ele>
<time>2026-05-08T09:05:28Z</time>
</trkpt>
<trkpt lat="45.38161293" lon="8.14213608">
<ele>201.37119</ele>
<time>2026-05-08T09:05:29Z</time>
</trkpt>
<trkpt lat="45.38150355" lon="8.14232003">
<ele>201.04881</ele>
<time>2026-05-08T09:05:30Z</time>
</trkpt>
<trkpt lat="45.38139517" lon="8.14249793">
<ele>200.72116</ele>
<time>2026-05-08T09:05:31Z</time>
</trkpt>
<trkpt lat="45.38128576" lon="8.14267758">
<ele>200.3988</ele>
<time>2026-05-08T09:05:32Z</time>
</trkpt>
<trkpt lat="45.38117466" lon="8.14286005">
<ele>200.05002</ele>
<time>2026-05-08T09:05:33Z</time>
</trkpt>
<trkpt lat="45.38106328" lon="8.14304279">
<ele>199.70651</ele>
<time>2026-05-08T09:05:34Z</time>
</trkpt>
<trkpt lat="45.3809509" lon="8.14322729">
<ele>199.3683</ele>
<time>2026-05-08T09:05:35Z</time>
</trkpt>
<trkpt lat="45.38083722" lon="8.14341504">
<ele>199.04065</ele>
<time>2026-05-08T09:05:36Z</time>
</trkpt>
<trkpt lat="45.38072337" lon="8.14360531">
<ele>198.68658</ele>
<time>2026-05-08T09:05:37Z</time>
</trkpt>
<trkpt lat="45.38061168" lon="8.14379102">
<ele>198.29024</ele>
<time>2026-05-08T09:05:38Z</time>
</trkpt>
<trkpt lat="45.38050398" lon="8.14397147">
<ele>197.84631</ele>
<time>2026-05-08T09:05:39Z</time>
</trkpt>
<trkpt lat="45.38040015" lon="8.14414668">
<ele>197.40242</ele>
<time>2026-05-08T09:05:40Z</time>
</trkpt>
<trkpt lat="45.3802946" lon="8.14431901">
<ele>196.93738</ele>
<time>2026-05-08T09:05:41Z</time>
</trkpt>
<trkpt lat="45.38020165" lon="8.14447454">
<ele>196.51988</ele>
<time>2026-05-08T09:05:42Z</time>
</trkpt>
<trkpt lat="45.38010914" lon="8.14462968">
<ele>196.09183</ele>
<time>2026-05-08T09:05:43Z</time>
</trkpt>
<trkpt lat="45.38002121" lon="8.1447781">
<ele>195.67963</ele>
<time>2026-05-08T09:05:44Z</time>
</trkpt>
<trkpt lat="45.37993896" lon="8.14491867">
<ele>195.25685</ele>
<time>2026-05-08T09:05:45Z</time>
</trkpt>
<trkpt lat="45.37986374" lon="8.14504484">
<ele>194.80237</ele>
<time>2026-05-08T09:05:46Z</time>
</trkpt>
<trkpt lat="45.37979704" lon="8.14515307">
<ele>194.35846</ele>
<time>2026-05-08T09:05:47Z</time>
</trkpt>
<trkpt lat="45.37973743" lon="8.14524622">
<ele>193.93568</ele>
<time>2026-05-08T09:05:48Z</time>
</trkpt>
<trkpt lat="45.37967797" lon="8.14532613">
<ele>193.53406</ele>
<time>2026-05-08T09:05:49Z</time>
</trkpt>
<trkpt lat="45.37962218" lon="8.14537707">
<ele>193.14299</ele>
<time>2026-05-08T09:05:50Z</time>
</trkpt>
<trkpt lat="45.37956215" lon="8.14540469">
<ele>192.77837</ele>
<time>2026-05-08T09:05:51Z</time>
</trkpt>
<trkpt lat="45.37950601" lon="8.14540932">
<ele>192.42958</ele>
<time>2026-05-08T09:05:52Z</time>
</trkpt>
<trkpt lat="45.37944811" lon="8.14538715">
<ele>192.14421</ele>
<time>2026-05-08T09:05:53Z</time>
</trkpt>
<trkpt lat="45.37939362" lon="8.14534255">
<ele>191.88525</ele>
<time>2026-05-08T09:05:54Z</time>
</trkpt>
<trkpt lat="45.37935186" lon="8.14528305">
<ele>191.65802</ele>
<time>2026-05-08T09:05:55Z</time>
</trkpt>
<trkpt lat="45.3793167" lon="8.1451969">
<ele>191.46776</ele>
<time>2026-05-08T09:05:56Z</time>
</trkpt>
<trkpt lat="45.37928914" lon="8.14509248">
<ele>191.31451</ele>
<time>2026-05-08T09:05:57Z</time>
</trkpt>
<trkpt lat="45.37926548" lon="8.14497303">
<ele>191.20354</ele>
<time>2026-05-08T09:05:58Z</time>
</trkpt>
<trkpt lat="45.37924371" lon="8.14483617">
<ele>191.1454</ele>
<time>2026-05-08T09:05:59Z</time>
</trkpt>
<trkpt lat="45.37922554" lon="8.1446865">
<ele>191.10841</ele>
<time>2026-05-08T09:06:00Z</time>
</trkpt>
<trkpt lat="45.37921542" lon="8.14453651">
<ele>191.08199</ele>
<time>2026-05-08T09:06:01Z</time>
</trkpt>
<trkpt lat="45.37922053" lon="8.14437997">
<ele>191.08199</ele>
<time>2026-05-08T09:06:02Z</time>
</trkpt>
<trkpt lat="45.37924225" lon="8.14422556">
<ele>191.09784</ele>
<time>2026-05-08T09:06:03Z</time>
</trkpt>
<trkpt lat="45.3792787" lon="8.144074">
<ele>191.15598</ele>
<time>2026-05-08T09:06:04Z</time>
</trkpt>
<trkpt lat="45.37933033" lon="8.14392267">
<ele>191.22997</ele>
<time>2026-05-08T09:06:05Z</time>
</trkpt>
<trkpt lat="45.3793907" lon="8.14378371">
<ele>191.34094</ele>
<time>2026-05-08T09:06:06Z</time>
</trkpt>
<trkpt lat="45.37945968" lon="8.14364297">
<ele>191.46776</ele>
<time>2026-05-08T09:06:07Z</time>
</trkpt>
<trkpt lat="45.37953188" lon="8.14350794">
<ele>191.62102</ele>
<time>2026-05-08T09:06:08Z</time>
</trkpt>
<trkpt lat="45.37960592" lon="8.14337782">
<ele>191.79543</ele>
<time>2026-05-08T09:06:09Z</time>
</trkpt>
<trkpt lat="45.37968507" lon="8.14325904">
<ele>191.95923</ele>
<time>2026-05-08T09:06:10Z</time>
</trkpt>
<trkpt lat="45.37976879" lon="8.14314784">
<ele>192.11778</ele>
<time>2026-05-08T09:06:11Z</time>
</trkpt>
<trkpt lat="45.37985345" lon="8.14305327">
<ele>192.2499</ele>
<time>2026-05-08T09:06:12Z</time>
</trkpt>
<trkpt lat="45.3799418" lon="8.14297442">
<ele>192.33972</ele>
<time>2026-05-08T09:06:13Z</time>
</trkpt>
<trkpt lat="45.38002412" lon="8.14291544">
<ele>192.42429</ele>
<time>2026-05-08T09:06:14Z</time>
</trkpt>
<trkpt lat="45.3800956" lon="8.14287251">
<ele>192.49828</ele>
<time>2026-05-08T09:06:15Z</time>
</trkpt>
<trkpt lat="45.38015995" lon="8.14283878">
<ele>192.52998</ele>
<time>2026-05-08T09:06:16Z</time>
</trkpt>
<trkpt lat="45.38020834" lon="8.14282059">
<ele>192.57227</ele>
<time>2026-05-08T09:06:17Z</time>
</trkpt>
<trkpt lat="45.38025475" lon="8.14282103">
<ele>192.61981</ele>
<time>2026-05-08T09:06:18Z</time>
</trkpt>
<trkpt lat="45.38030205" lon="8.14283965">
<ele>192.69908</ele>
<time>2026-05-08T09:06:19Z</time>
</trkpt>
<trkpt lat="45.38035082" lon="8.14287023">
<ele>192.76778</ele>
<time>2026-05-08T09:06:20Z</time>
</trkpt>
<trkpt lat="45.38040749" lon="8.14290281">
<ele>192.84706</ele>
<time>2026-05-08T09:06:21Z</time>
</trkpt>
<trkpt lat="45.38046892" lon="8.14293222">
<ele>192.91577</ele>
<time>2026-05-08T09:06:22Z</time>
</trkpt>
<trkpt lat="45.38053594" lon="8.14294577">
<ele>192.9686</ele>
<time>2026-05-08T09:06:23Z</time>
</trkpt>
<trkpt lat="45.38059554" lon="8.14293926">
<ele>192.99503</ele>
<time>2026-05-08T09:06:24Z</time>
</trkpt>
<trkpt lat="45.38064394" lon="8.14290659">
<ele>193.02673</ele>
<time>2026-05-08T09:06:25Z</time>
</trkpt>
<trkpt lat="45.38069327" lon="8.14285827">
<ele>193.06374</ele>
<time>2026-05-08T09:06:26Z</time>
</trkpt>
<trkpt lat="45.38073579" lon="8.14279215">
<ele>193.106</ele>
<time>2026-05-08T09:06:27Z</time>
</trkpt>
<trkpt lat="45.38076916" lon="8.14270861">
<ele>193.15356</ele>
<time>2026-05-08T09:06:28Z</time>
</trkpt>
<trkpt lat="45.38079346" lon="8.14260348">
<ele>193.19583</ele>
<time>2026-05-08T09:06:29Z</time>
</trkpt>
<trkpt lat="45.38082802" lon="8.14250921">
<ele>193.23813</ele>
<time>2026-05-08T09:06:30Z</time>
</trkpt>
<trkpt lat="45.38087767" lon="8.14242114">
<ele>193.29625</ele>
<time>2026-05-08T09:06:31Z</time>
</trkpt>
<trkpt lat="45.38094404" lon="8.14234594">
<ele>193.40723</ele>
<time>2026-05-08T09:06:32Z</time>
</trkpt>
<trkpt lat="45.38102048" lon="8.14227566">
<ele>193.54462</ele>
<time>2026-05-08T09:06:33Z</time>
</trkpt>
<trkpt lat="45.38110665" lon="8.14219771">
<ele>193.71373</ele>
<time>2026-05-08T09:06:34Z</time>
</trkpt>
<trkpt lat="45.38120559" lon="8.14210382">
<ele>193.93568</ele>
<time>2026-05-08T09:06:35Z</time>
</trkpt>
<trkpt lat="45.38131967" lon="8.14199202">
<ele>194.1735</ele>
<time>2026-05-08T09:06:36Z</time>
</trkpt>
<trkpt lat="45.38141991" lon="8.14188021">
<ele>194.42188</ele>
<time>2026-05-08T09:06:37Z</time>
</trkpt>
<trkpt lat="45.38151488" lon="8.14176357">
<ele>194.67554</ele>
<time>2026-05-08T09:06:38Z</time>
</trkpt>
<trkpt lat="45.38159784" lon="8.14164384">
<ele>194.8975</ele>
<time>2026-05-08T09:06:39Z</time>
</trkpt>
<trkpt lat="45.3816663" lon="8.14151754">
<ele>195.12473</ele>
<time>2026-05-08T09:06:40Z</time>
</trkpt>
<trkpt lat="45.3817188" lon="8.14138056">
<ele>195.32027</ele>
<time>2026-05-08T09:06:41Z</time>
</trkpt>
<trkpt lat="45.38175407" lon="8.1412395">
<ele>195.49995</ele>
<time>2026-05-08T09:06:42Z</time>
</trkpt>
<trkpt lat="45.38176843" lon="8.14109538">
<ele>195.6849</ele>
<time>2026-05-08T09:06:43Z</time>
</trkpt>
<trkpt lat="45.3817699" lon="8.14095259">
<ele>195.83287</ele>
<time>2026-05-08T09:06:44Z</time>
</trkpt>
<trkpt lat="45.3817574" lon="8.14081003">
<ele>195.98615</ele>
<time>2026-05-08T09:06:45Z</time>
</trkpt>
<trkpt lat="45.38173333" lon="8.14068">
<ele>196.12883</ele>
<time>2026-05-08T09:06:46Z</time>
</trkpt>
<trkpt lat="45.38170103" lon="8.14056001">
<ele>196.23979</ele>
<time>2026-05-08T09:06:47Z</time>
</trkpt>
<trkpt lat="45.38165985" lon="8.14045616">
<ele>196.31906</ele>
<time>2026-05-08T09:06:48Z</time>
</trkpt>
<trkpt lat="45.38161592" lon="8.14036876">
<ele>196.40363</ele>
<time>2026-05-08T09:06:49Z</time>
</trkpt>
<trkpt lat="45.38157281" lon="8.140294">
<ele>196.50401</ele>
<time>2026-05-08T09:06:50Z</time>
</trkpt>
<trkpt lat="45.38153052" lon="8.14023399">
<ele>196.57272</ele>
<time>2026-05-08T09:06:51Z</time>
</trkpt>
<trkpt lat="45.381492" lon="8.14018443">
<ele>196.62558</ele>
<time>2026-05-08T09:06:52Z</time>
</trkpt>
<trkpt lat="45.3814616" lon="8.14014375">
<ele>196.71013</ele>
<time>2026-05-08T09:06:53Z</time>
</trkpt>
<trkpt lat="45.38143498" lon="8.140107">
<ele>196.7524</ele>
<time>2026-05-08T09:06:54Z</time>
</trkpt>
<trkpt lat="45.381412" lon="8.14007744">
<ele>196.7947</ele>
<time>2026-05-08T09:06:55Z</time>
</trkpt>
<trkpt lat="45.38139229" lon="8.14005241">
<ele>196.83696</ele>
<time>2026-05-08T09:06:56Z</time>
</trkpt>
<trkpt lat="45.38137756" lon="8.14003483">
<ele>196.86867</ele>
<time>2026-05-08T09:06:57Z</time>
</trkpt>
<trkpt lat="45.38137153" lon="8.14002821">
<ele>196.91095</ele>
<time>2026-05-08T09:06:59Z</time>
</trkpt>
<trkpt lat="45.38137345" lon="8.14003321">
<ele>196.9321</ele>
<time>2026-05-08T09:07:00Z</time>
</trkpt>
<trkpt lat="45.38136861" lon="8.14002756">
<ele>196.96909</ele>
<time>2026-05-08T09:07:01Z</time>
</trkpt>
<trkpt lat="45.3813581" lon="8.14001363">
<ele>196.9902</ele>
<time>2026-05-08T09:07:02Z</time>
</trkpt>
<trkpt lat="45.38133764" lon="8.13998623">
<ele>197.01135</ele>
<time>2026-05-08T09:07:03Z</time>
</trkpt>
<trkpt lat="45.38130793" lon="8.13994584">
<ele>197.04306</ele>
<time>2026-05-08T09:07:04Z</time>
</trkpt>
<trkpt lat="45.3812713" lon="8.13989973">
<ele>197.08534</ele>
<time>2026-05-08T09:07:05Z</time>
</trkpt>
<trkpt lat="45.38122985" lon="8.13984249">
<ele>197.13289</ele>
<time>2026-05-08T09:07:06Z</time>
</trkpt>
<trkpt lat="45.3811766" lon="8.13977568">
<ele>197.19632</ele>
<time>2026-05-08T09:07:07Z</time>
</trkpt>
<trkpt lat="45.38112151" lon="8.13970474">
<ele>197.2703</ele>
<time>2026-05-08T09:07:08Z</time>
</trkpt>
<trkpt lat="45.38105459" lon="8.13961941">
<ele>197.33371</ele>
<time>2026-05-08T09:07:09Z</time>
</trkpt>
<trkpt lat="45.38098288" lon="8.13952854">
<ele>197.36014</ele>
<time>2026-05-08T09:07:10Z</time>
</trkpt>
<trkpt lat="45.38090233" lon="8.13942938">
<ele>197.38127</ele>
<time>2026-05-08T09:07:11Z</time>
</trkpt>
<trkpt lat="45.3808186" lon="8.13932936">
<ele>197.39186</ele>
<time>2026-05-08T09:07:12Z</time>
</trkpt>
<trkpt lat="45.38073147" lon="8.13923127">
<ele>197.4077</ele>
<time>2026-05-08T09:07:13Z</time>
</trkpt>
<trkpt lat="45.38064928" lon="8.13914464">
<ele>197.41298</ele>
<time>2026-05-08T09:07:14Z</time>
</trkpt>
<trkpt lat="45.38058253" lon="8.13906766">
<ele>197.45526</ele>
<time>2026-05-08T09:07:15Z</time>
</trkpt>
<trkpt lat="45.38052764" lon="8.13899001">
<ele>197.51868</ele>
<time>2026-05-08T09:07:16Z</time>
</trkpt>
<trkpt lat="45.38048853" lon="8.13889966">
<ele>197.59795</ele>
<time>2026-05-08T09:07:17Z</time>
</trkpt>
<trkpt lat="45.38046986" lon="8.13880751">
<ele>197.70363</ele>
<time>2026-05-08T09:07:18Z</time>
</trkpt>
<trkpt lat="45.38046209" lon="8.13870111">
<ele>197.8252</ele>
<time>2026-05-08T09:07:19Z</time>
</trkpt>
<trkpt lat="45.3804725" lon="8.13858143">
<ele>197.9573</ele>
<time>2026-05-08T09:07:20Z</time>
</trkpt>
<trkpt lat="45.38050106" lon="8.1384716">
<ele>198.063</ele>
<time>2026-05-08T09:07:21Z</time>
</trkpt>
<trkpt lat="45.38054732" lon="8.1383703">
<ele>198.14755</ele>
<time>2026-05-08T09:07:22Z</time>
</trkpt>
<trkpt lat="45.38061359" lon="8.13828747">
<ele>198.21097</ele>
<time>2026-05-08T09:07:23Z</time>
</trkpt>
<trkpt lat="45.38069086" lon="8.13822973">
<ele>198.24268</ele>
<time>2026-05-08T09:07:24Z</time>
</trkpt>
<trkpt lat="45.38078251" lon="8.1381964">
<ele>198.26381</ele>
<time>2026-05-08T09:07:25Z</time>
</trkpt>
<trkpt lat="45.3808758" lon="8.13820173">
<ele>198.25853</ele>
<time>2026-05-08T09:07:26Z</time>
</trkpt>
<trkpt lat="45.38097085" lon="8.13824024">
<ele>198.26909</ele>
<time>2026-05-08T09:07:27Z</time>
</trkpt>
<trkpt lat="45.38106483" lon="8.13830734">
<ele>198.27438</ele>
<time>2026-05-08T09:07:28Z</time>
</trkpt>
<trkpt lat="45.38116409" lon="8.13839379">
<ele>198.29552</ele>
<time>2026-05-08T09:07:29Z</time>
</trkpt>
<trkpt lat="45.38127587" lon="8.13850036">
<ele>198.34837</ele>
<time>2026-05-08T09:07:30Z</time>
</trkpt>
<trkpt lat="45.38139969" lon="8.13862175">
<ele>198.41179</ele>
<time>2026-05-08T09:07:31Z</time>
</trkpt>
<trkpt lat="45.3815312" lon="8.13875362">
<ele>198.48047</ele>
<time>2026-05-08T09:07:32Z</time>
</trkpt>
<trkpt lat="45.38167974" lon="8.13890452">
<ele>198.58089</ele>
<time>2026-05-08T09:07:33Z</time>
</trkpt>
<trkpt lat="45.38183381" lon="8.13905793">
<ele>198.71301</ele>
<time>2026-05-08T09:07:34Z</time>
</trkpt>
<trkpt lat="45.38200208" lon="8.13922086">
<ele>198.89268</ele>
<time>2026-05-08T09:07:35Z</time>
</trkpt>
<trkpt lat="45.38218281" lon="8.13938838">
<ele>199.0618</ele>
<time>2026-05-08T09:07:36Z</time>
</trkpt>
<trkpt lat="45.38236981" lon="8.13955707">
<ele>199.24147</ele>
<time>2026-05-08T09:07:37Z</time>
</trkpt>
<trkpt lat="45.38257205" lon="8.13974126">
<ele>199.48985</ele>
<time>2026-05-08T09:07:38Z</time>
</trkpt>
<trkpt lat="45.38277687" lon="8.13993511">
<ele>199.7805</ele>
<time>2026-05-08T09:07:39Z</time>
</trkpt>
<trkpt lat="45.38298339" lon="8.14014067">
<ele>200.1927</ele>
<time>2026-05-08T09:07:40Z</time>
</trkpt>
<trkpt lat="45.38319294" lon="8.14035943">
<ele>200.49394</ele>
<time>2026-05-08T09:07:41Z</time>
</trkpt>
<trkpt lat="45.38341474" lon="8.1405835">
<ele>200.82158</ele>
<time>2026-05-08T09:07:42Z</time>
</trkpt>
<trkpt lat="45.38363671" lon="8.14081198">
<ele>201.21265</ele>
<time>2026-05-08T09:07:43Z</time>
</trkpt>
<trkpt lat="45.38386302" lon="8.1410405">
<ele>201.58258</ele>
<time>2026-05-08T09:07:44Z</time>
</trkpt>
<trkpt lat="45.3840944" lon="8.1412693">
<ele>201.87323</ele>
<time>2026-05-08T09:07:45Z</time>
</trkpt>
<trkpt lat="45.38433078" lon="8.14149273">
<ele>202.11632</ele>
<time>2026-05-08T09:07:46Z</time>
</trkpt>
<trkpt lat="45.38456823" lon="8.14171085">
<ele>202.31184</ele>
<time>2026-05-08T09:07:47Z</time>
</trkpt>
<trkpt lat="45.38480284" lon="8.14192136">
<ele>202.4968</ele>
<time>2026-05-08T09:07:48Z</time>
</trkpt>
<trkpt lat="45.38504205" lon="8.14213817">
<ele>202.67119</ele>
<time>2026-05-08T09:07:49Z</time>
</trkpt>
<trkpt lat="45.38525912" lon="8.14234694">
<ele>202.77689</ele>
<time>2026-05-08T09:07:50Z</time>
</trkpt>
<trkpt lat="45.38548011" lon="8.14256842">
<ele>202.83502</ele>
<time>2026-05-08T09:07:51Z</time>
</trkpt>
<trkpt lat="45.38569827" lon="8.14279161">
<ele>202.82446</ele>
<time>2026-05-08T09:07:52Z</time>
</trkpt>
<trkpt lat="45.3859174" lon="8.14301687">
<ele>202.8086</ele>
<time>2026-05-08T09:07:53Z</time>
</trkpt>
<trkpt lat="45.38613998" lon="8.14324261">
<ele>202.76105</ele>
<time>2026-05-08T09:07:54Z</time>
</trkpt>
<trkpt lat="45.38636566" lon="8.1434733">
<ele>202.7452</ele>
<time>2026-05-08T09:07:55Z</time>
</trkpt>
<trkpt lat="45.3865959" lon="8.14370947">
<ele>202.7399</ele>
<time>2026-05-08T09:07:56Z</time>
</trkpt>
<trkpt lat="45.38683657" lon="8.14396398">
<ele>202.75575</ele>
<time>2026-05-08T09:07:57Z</time>
</trkpt>
<trkpt lat="45.38706861" lon="8.14421121">
<ele>202.7399</ele>
<time>2026-05-08T09:07:58Z</time>
</trkpt>
<trkpt lat="45.38731528" lon="8.14446946">
<ele>202.75575</ele>
<time>2026-05-08T09:07:59Z</time>
</trkpt>
<trkpt lat="45.38757041" lon="8.1447328">
<ele>202.78218</ele>
<time>2026-05-08T09:08:00Z</time>
</trkpt>
<trkpt lat="45.38782013" lon="8.14499003">
<ele>202.90373</ele>
<time>2026-05-08T09:08:01Z</time>
</trkpt>
<trkpt lat="45.38808537" lon="8.14527009">
<ele>202.95128</ele>
<time>2026-05-08T09:08:02Z</time>
</trkpt>
<trkpt lat="45.3883444" lon="8.14554317">
<ele>202.90901</ele>
<time>2026-05-08T09:08:03Z</time>
</trkpt>
<trkpt lat="45.3886026" lon="8.14581743">
<ele>202.90373</ele>
<time>2026-05-08T09:08:04Z</time>
</trkpt>
<trkpt lat="45.38886698" lon="8.1461002">
<ele>202.89316</ele>
<time>2026-05-08T09:08:05Z</time>
</trkpt>
<trkpt lat="45.38911051" lon="8.14636142">
<ele>202.72932</ele>
<time>2026-05-08T09:08:06Z</time>
</trkpt>
<trkpt lat="45.38935551" lon="8.1466286">
<ele>202.60779</ele>
<time>2026-05-08T09:08:07Z</time>
</trkpt>
<trkpt lat="45.38960092" lon="8.1468961">
<ele>202.40697</ele>
<time>2026-05-08T09:08:08Z</time>
</trkpt>
<trkpt lat="45.38984637" lon="8.14716286">
<ele>202.16388</ele>
<time>2026-05-08T09:08:09Z</time>
</trkpt>
<trkpt lat="45.39009281" lon="8.14743166">
<ele>201.93135</ele>
<time>2026-05-08T09:08:10Z</time>
</trkpt>
<trkpt lat="45.39034514" lon="8.14770793">
<ele>201.96306</ele>
<time>2026-05-08T09:08:11Z</time>
</trkpt>
<trkpt lat="45.39059567" lon="8.14798144">
<ele>202.07933</ele>
<time>2026-05-08T09:08:12Z</time>
</trkpt>
<trkpt lat="45.39085914" lon="8.14826769">
<ele>201.8098</ele>
<time>2026-05-08T09:08:13Z</time>
</trkpt>
<trkpt lat="45.39111079" lon="8.14853996">
<ele>201.68297</ele>
<time>2026-05-08T09:08:14Z</time>
</trkpt>
<trkpt lat="45.39136817" lon="8.14881671">
<ele>201.6037</ele>
<time>2026-05-08T09:08:15Z</time>
</trkpt>
<trkpt lat="45.39163349" lon="8.14909917">
<ele>201.55615</ele>
<time>2026-05-08T09:08:16Z</time>
</trkpt>
<trkpt lat="45.39189284" lon="8.14936814">
<ele>201.47688</ele>
<time>2026-05-08T09:08:17Z</time>
</trkpt>
<trkpt lat="45.39216706" lon="8.14965159">
<ele>201.40288</ele>
<time>2026-05-08T09:08:18Z</time>
</trkpt>
<trkpt lat="45.39243356" lon="8.14992988">
<ele>201.35533</ele>
<time>2026-05-08T09:08:19Z</time>
</trkpt>
<trkpt lat="45.39269847" lon="8.15021024">
<ele>201.20735</ele>
<time>2026-05-08T09:08:20Z</time>
</trkpt>
<trkpt lat="45.39296475" lon="8.15049568">
<ele>201.03825</ele>
<time>2026-05-08T09:08:21Z</time>
</trkpt>
<trkpt lat="45.39323409" lon="8.15078566">
<ele>200.86914</ele>
<time>2026-05-08T09:08:22Z</time>
</trkpt>
<trkpt lat="45.39349102" lon="8.15106377">
<ele>200.68417</ele>
<time>2026-05-08T09:08:23Z</time>
</trkpt>
<trkpt lat="45.3937534" lon="8.15134846">
<ele>200.51506</ele>
<time>2026-05-08T09:08:24Z</time>
</trkpt>
<trkpt lat="45.39401629" lon="8.15163414">
<ele>200.35654</ele>
<time>2026-05-08T09:08:25Z</time>
</trkpt>
<trkpt lat="45.39427783" lon="8.15191869">
<ele>200.21385</ele>
<time>2026-05-08T09:08:26Z</time>
</trkpt>
<trkpt lat="45.39453895" lon="8.152201">
<ele>200.11343</ele>
<time>2026-05-08T09:08:27Z</time>
</trkpt>
<trkpt lat="45.39479933" lon="8.15248449">
<ele>199.9866</ele>
<time>2026-05-08T09:08:28Z</time>
</trkpt>
<trkpt lat="45.3950674" lon="8.15277633">
<ele>199.86507</ele>
<time>2026-05-08T09:08:29Z</time>
</trkpt>
<trkpt lat="45.39531886" lon="8.15304899">
<ele>199.73822</ele>
<time>2026-05-08T09:08:30Z</time>
</trkpt>
<trkpt lat="45.39557969" lon="8.15333147">
<ele>199.63254</ele>
<time>2026-05-08T09:08:31Z</time>
</trkpt>
<trkpt lat="45.39584021" lon="8.1536143">
<ele>199.62196</ele>
<time>2026-05-08T09:08:32Z</time>
</trkpt>
<trkpt lat="45.39610153" lon="8.1538964">
<ele>199.7171</ele>
<time>2026-05-08T09:08:33Z</time>
</trkpt>
<trkpt lat="45.39636205" lon="8.15417825">
<ele>199.86507</ele>
<time>2026-05-08T09:08:34Z</time>
</trkpt>
<trkpt lat="45.39662233" lon="8.15446027">
<ele>200.07117</ele>
<time>2026-05-08T09:08:35Z</time>
</trkpt>
<trkpt lat="45.39688253" lon="8.15474335">
<ele>200.28255</ele>
<time>2026-05-08T09:08:36Z</time>
</trkpt>
<trkpt lat="45.39715039" lon="8.15503489">
<ele>200.54149</ele>
<time>2026-05-08T09:08:37Z</time>
</trkpt>
<trkpt lat="45.39740251" lon="8.15530888">
<ele>200.92728</ele>
<time>2026-05-08T09:08:38Z</time>
</trkpt>
<trkpt lat="45.39766233" lon="8.15559157">
<ele>201.37646</ele>
<time>2026-05-08T09:08:39Z</time>
</trkpt>
<trkpt lat="45.39792374" lon="8.15587483">
<ele>201.86795</ele>
<time>2026-05-08T09:08:40Z</time>
</trkpt>
<trkpt lat="45.39818463" lon="8.15615857">
<ele>202.52322</ele>
<time>2026-05-08T09:08:41Z</time>
</trkpt>
<trkpt lat="45.39844858" lon="8.15644488">
<ele>203.22609</ele>
<time>2026-05-08T09:08:42Z</time>
</trkpt>
<trkpt lat="45.39871078" lon="8.15672874">
<ele>203.88667</ele>
<time>2026-05-08T09:08:43Z</time>
</trkpt>
<trkpt lat="45.39897136" lon="8.15701194">
<ele>204.55782</ele>
<time>2026-05-08T09:08:44Z</time>
</trkpt>
<trkpt lat="45.39923428" lon="8.15729891">
<ele>205.23953</ele>
<time>2026-05-08T09:08:45Z</time>
</trkpt>
<trkpt lat="45.39949257" lon="8.15758033">
<ele>205.90012</ele>
<time>2026-05-08T09:08:46Z</time>
</trkpt>
<trkpt lat="45.39975313" lon="8.15786379">
<ele>206.50256</ele>
<time>2026-05-08T09:08:47Z</time>
</trkpt>
<trkpt lat="45.40001399" lon="8.15814701">
<ele>207.0733</ele>
<time>2026-05-08T09:08:48Z</time>
</trkpt>
<trkpt lat="45.40027435" lon="8.15843037">
<ele>207.58064</ele>
<time>2026-05-08T09:08:49Z</time>
</trkpt>
<trkpt lat="45.40053596" lon="8.15871353">
<ele>208.05096</ele>
<time>2026-05-08T09:08:50Z</time>
</trkpt>
<trkpt lat="45.40079629" lon="8.15899633">
<ele>208.44202</ele>
<time>2026-05-08T09:08:51Z</time>
</trkpt>
<trkpt lat="45.40105704" lon="8.15927909">
<ele>208.78552</ele>
<time>2026-05-08T09:08:52Z</time>
</trkpt>
<trkpt lat="45.40132031" lon="8.15956535">
<ele>209.12375</ele>
<time>2026-05-08T09:08:53Z</time>
</trkpt>
<trkpt lat="45.40158095" lon="8.15984858">
<ele>209.43025</ele>
<time>2026-05-08T09:08:54Z</time>
</trkpt>
<trkpt lat="45.40183995" lon="8.16012847">
<ele>209.63635</ele>
<time>2026-05-08T09:08:55Z</time>
</trkpt>
<trkpt lat="45.40210356" lon="8.16041408">
<ele>209.69977</ele>
<time>2026-05-08T09:08:56Z</time>
</trkpt>
<trkpt lat="45.40236116" lon="8.16069445">
<ele>209.75261</ele>
<time>2026-05-08T09:08:57Z</time>
</trkpt>
<trkpt lat="45.40262127" lon="8.16097711">
<ele>209.7262</ele>
<time>2026-05-08T09:08:58Z</time>
</trkpt>
<trkpt lat="45.40288426" lon="8.16126254">
<ele>209.7262</ele>
<time>2026-05-08T09:08:59Z</time>
</trkpt>
<trkpt lat="45.40314213" lon="8.16154222">
<ele>209.69977</ele>
<time>2026-05-08T09:09:00Z</time>
</trkpt>
<trkpt lat="45.40341088" lon="8.16183429">
<ele>209.66278</ele>
<time>2026-05-08T09:09:01Z</time>
</trkpt>
<trkpt lat="45.40366306" lon="8.16210838">
<ele>209.64163</ele>
<time>2026-05-08T09:09:02Z</time>
</trkpt>
<trkpt lat="45.40392315" lon="8.16239859">
<ele>209.57294</ele>
<time>2026-05-08T09:09:03Z</time>
</trkpt>
<trkpt lat="45.40417978" lon="8.16268906">
<ele>209.50954</ele>
<time>2026-05-08T09:09:04Z</time>
</trkpt>
<trkpt lat="45.40442729" lon="8.16297186">
<ele>209.62051</ele>
<time>2026-05-08T09:09:05Z</time>
</trkpt>
<trkpt lat="45.40468614" lon="8.1632662">
<ele>209.314</ele>
<time>2026-05-08T09:09:06Z</time>
</trkpt>
<trkpt lat="45.4049348" lon="8.16354379">
<ele>209.01276</ele>
<time>2026-05-08T09:09:07Z</time>
</trkpt>
<trkpt lat="45.40518001" lon="8.16381338">
<ele>208.72739</ele>
<time>2026-05-08T09:09:08Z</time>
</trkpt>
<trkpt lat="45.40543272" lon="8.16408692">
<ele>208.43674</ele>
<time>2026-05-08T09:09:09Z</time>
</trkpt>
<trkpt lat="45.40566789" lon="8.16434405">
<ele>208.20421</ele>
<time>2026-05-08T09:09:10Z</time>
</trkpt>
<trkpt lat="45.4059117" lon="8.16461078">
<ele>207.97697</ele>
<time>2026-05-08T09:09:11Z</time>
</trkpt>
<trkpt lat="45.40615577" lon="8.16487842">
<ele>207.74445</ele>
<time>2026-05-08T09:09:12Z</time>
</trkpt>
<trkpt lat="45.40640168" lon="8.16514529">
<ele>207.5595</ele>
<time>2026-05-08T09:09:13Z</time>
</trkpt>
<trkpt lat="45.40664886" lon="8.1654142">
<ele>207.3851</ele>
<time>2026-05-08T09:09:14Z</time>
</trkpt>
<trkpt lat="45.40689636" lon="8.16568327">
<ele>207.17899</ele>
<time>2026-05-08T09:09:15Z</time>
</trkpt>
<trkpt lat="45.40714601" lon="8.16595502">
<ele>207.05745</ele>
<time>2026-05-08T09:09:16Z</time>
</trkpt>
<trkpt lat="45.4074035" lon="8.16623307">
<ele>206.9412</ele>
<time>2026-05-08T09:09:17Z</time>
</trkpt>
<trkpt lat="45.40764613" lon="8.16649658">
<ele>206.8302</ele>
<time>2026-05-08T09:09:18Z</time>
</trkpt>
<trkpt lat="45.40789761" lon="8.16676895">
<ele>206.70338</ele>
<time>2026-05-08T09:09:19Z</time>
</trkpt>
<trkpt lat="45.40815129" lon="8.16704102">
<ele>206.5607</ele>
<time>2026-05-08T09:09:20Z</time>
</trkpt>
<trkpt lat="45.40840448" lon="8.16731563">
<ele>206.38103</ele>
<time>2026-05-08T09:09:21Z</time>
</trkpt>
<trkpt lat="45.40865682" lon="8.16759079">
<ele>206.16435</ele>
<time>2026-05-08T09:09:22Z</time>
</trkpt>
<trkpt lat="45.40890959" lon="8.16786943">
<ele>206.00052</ele>
<time>2026-05-08T09:09:23Z</time>
</trkpt>
<trkpt lat="45.4091625" lon="8.16814854">
<ele>205.82085</ele>
<time>2026-05-08T09:09:24Z</time>
</trkpt>
<trkpt lat="45.40941791" lon="8.16843273">
<ele>205.61475</ele>
<time>2026-05-08T09:09:25Z</time>
</trkpt>
<trkpt lat="45.40967059" lon="8.16871837">
<ele>205.35051</ele>
<time>2026-05-08T09:09:26Z</time>
</trkpt>
<trkpt lat="45.40992235" lon="8.16900536">
<ele>205.03873</ele>
<time>2026-05-08T09:09:27Z</time>
</trkpt>
<trkpt lat="45.41017391" lon="8.16929367">
<ele>204.97531</ele>
<time>2026-05-08T09:09:28Z</time>
</trkpt>
<trkpt lat="45.41042535" lon="8.16958354">
<ele>204.39928</ele>
<time>2026-05-08T09:09:29Z</time>
</trkpt>
<trkpt lat="45.41067711" lon="8.16987635">
<ele>204.51027</ele>
<time>2026-05-08T09:09:30Z</time>
</trkpt>
<trkpt lat="45.4109277" lon="8.17017013">
<ele>204.47327</ele>
<time>2026-05-08T09:09:31Z</time>
</trkpt>
<trkpt lat="45.41117847" lon="8.17046438">
<ele>203.92894</ele>
<time>2026-05-08T09:09:32Z</time>
</trkpt>
<trkpt lat="45.41143599" lon="8.17077213">
<ele>203.68585</ele>
<time>2026-05-08T09:09:33Z</time>
</trkpt>
<trkpt lat="45.41168025" lon="8.17106375">
<ele>203.28423</ele>
<time>2026-05-08T09:09:34Z</time>
</trkpt>
<trkpt lat="45.41193196" lon="8.17137018">
<ele>203.05698</ele>
<time>2026-05-08T09:09:35Z</time>
</trkpt>
<trkpt lat="45.4121857" lon="8.17168264">
<ele>202.98299</ele>
<time>2026-05-08T09:09:36Z</time>
</trkpt>
<trkpt lat="45.41243435" lon="8.17199076">
<ele>202.946</ele>
<time>2026-05-08T09:09:37Z</time>
</trkpt>
<trkpt lat="45.41268453" lon="8.17230324">
<ele>203.0147</ele>
<time>2026-05-08T09:09:38Z</time>
</trkpt>
<trkpt lat="45.41293302" lon="8.1726171">
<ele>203.42163</ele>
<time>2026-05-08T09:09:39Z</time>
</trkpt>
<trkpt lat="45.41318438" lon="8.17293547">
<ele>204.01878</ele>
<time>2026-05-08T09:09:40Z</time>
</trkpt>
<trkpt lat="45.41343348" lon="8.1732521">
<ele>204.33058</ele>
<time>2026-05-08T09:09:41Z</time>
</trkpt>
<trkpt lat="45.41367975" lon="8.1735662">
<ele>204.40985</ele>
<time>2026-05-08T09:09:42Z</time>
</trkpt>
<trkpt lat="45.41392622" lon="8.17388546">
<ele>204.51027</ele>
<time>2026-05-08T09:09:43Z</time>
</trkpt>
<trkpt lat="45.41417187" lon="8.17420625">
<ele>204.66351</ele>
<time>2026-05-08T09:09:44Z</time>
</trkpt>
<trkpt lat="45.41441619" lon="8.17452841">
<ele>204.8062</ele>
<time>2026-05-08T09:09:45Z</time>
</trkpt>
<trkpt lat="45.41466036" lon="8.17485371">
<ele>204.91718</ele>
<time>2026-05-08T09:09:46Z</time>
</trkpt>
<trkpt lat="45.41490549" lon="8.17518288">
<ele>205.01758</ele>
<time>2026-05-08T09:09:47Z</time>
</trkpt>
<trkpt lat="45.41514676" lon="8.17550897">
<ele>205.05986</ele>
<time>2026-05-08T09:09:48Z</time>
</trkpt>
<trkpt lat="45.41538967" lon="8.17583747">
<ele>205.17082</ele>
<time>2026-05-08T09:09:49Z</time>
</trkpt>
<trkpt lat="45.41562952" lon="8.17616602">
<ele>205.26068</ele>
<time>2026-05-08T09:09:50Z</time>
</trkpt>
<trkpt lat="45.41586819" lon="8.17649545">
<ele>205.26596</ele>
<time>2026-05-08T09:09:51Z</time>
</trkpt>
<trkpt lat="45.41610628" lon="8.1768271">
<ele>205.10213</ele>
<time>2026-05-08T09:09:52Z</time>
</trkpt>
<trkpt lat="45.41634602" lon="8.17715889">
<ele>204.86433</ele>
<time>2026-05-08T09:09:53Z</time>
</trkpt>
<trkpt lat="45.41658231" lon="8.1774932">
<ele>204.78505</ele>
<time>2026-05-08T09:09:54Z</time>
</trkpt>
<trkpt lat="45.41681705" lon="8.1778287">
<ele>204.46269</ele>
<time>2026-05-08T09:09:55Z</time>
</trkpt>
<trkpt lat="45.41705145" lon="8.178167">
<ele>204.10333</ele>
<time>2026-05-08T09:09:56Z</time>
</trkpt>
<trkpt lat="45.41729202" lon="8.17851832">
<ele>203.65414</ele>
<time>2026-05-08T09:09:57Z</time>
</trkpt>
<trkpt lat="45.41751547" lon="8.17884773">
<ele>203.17853</ele>
<time>2026-05-08T09:09:58Z</time>
</trkpt>
<trkpt lat="45.41774713" lon="8.17918791">
<ele>202.66063</ele>
<time>2026-05-08T09:09:59Z</time>
</trkpt>
<trkpt lat="45.41798265" lon="8.17952253">
<ele>202.01591</ele>
<time>2026-05-08T09:10:00Z</time>
</trkpt>
<trkpt lat="45.4182205" lon="8.17985471">
<ele>201.34476</ele>
<time>2026-05-08T09:10:01Z</time>
</trkpt>
<trkpt lat="45.41845648" lon="8.18018755">
<ele>200.69473</ele>
<time>2026-05-08T09:10:02Z</time>
</trkpt>
<trkpt lat="45.41868923" lon="8.18052439">
<ele>200.07645</ele>
<time>2026-05-08T09:10:03Z</time>
</trkpt>
<trkpt lat="45.41892021" lon="8.18086458">
<ele>199.3683</ele>
<time>2026-05-08T09:10:04Z</time>
</trkpt>
<trkpt lat="45.41915985" lon="8.1812157">
<ele>198.72357</ele>
<time>2026-05-08T09:10:05Z</time>
</trkpt>
<trkpt lat="45.41939018" lon="8.18155656">
<ele>198.01543</ele>
<time>2026-05-08T09:10:06Z</time>
</trkpt>
<trkpt lat="45.41961451" lon="8.18188638">
<ele>197.35486</ele>
<time>2026-05-08T09:10:07Z</time>
</trkpt>
<trkpt lat="45.41984375" lon="8.18222112">
<ele>196.74184</ele>
<time>2026-05-08T09:10:08Z</time>
</trkpt>
<trkpt lat="45.42006485" lon="8.18254825">
<ele>196.19225</ele>
<time>2026-05-08T09:10:09Z</time>
</trkpt>
<trkpt lat="45.42029289" lon="8.18289277">
<ele>195.63734</ele>
<time>2026-05-08T09:10:10Z</time>
</trkpt>
<trkpt lat="45.42051631" lon="8.18323344">
<ele>195.08774</ele>
<time>2026-05-08T09:10:11Z</time>
</trkpt>
<trkpt lat="45.42073357" lon="8.18356763">
<ele>194.5487</ele>
<time>2026-05-08T09:10:12Z</time>
</trkpt>
<trkpt lat="45.42095756" lon="8.18391833">
<ele>194.04668</ele>
<time>2026-05-08T09:10:13Z</time>
</trkpt>
<trkpt lat="45.42116498" lon="8.18424939">
<ele>193.5922</ele>
<time>2026-05-08T09:10:14Z</time>
</trkpt>
<trkpt lat="45.4213745" lon="8.18459461">
<ele>193.29097</ele>
<time>2026-05-08T09:10:15Z</time>
</trkpt>
<trkpt lat="45.42158554" lon="8.18494556">
<ele>192.98445</ele>
<time>2026-05-08T09:10:16Z</time>
</trkpt>
<trkpt lat="45.42179115" lon="8.18529037">
<ele>192.56697</ele>
<time>2026-05-08T09:10:17Z</time>
</trkpt>
<trkpt lat="45.4219986" lon="8.18563685">
<ele>192.26047</ele>
<time>2026-05-08T09:10:18Z</time>
</trkpt>
<trkpt lat="45.42220914" lon="8.18598739">
<ele>192.03322</ele>
<time>2026-05-08T09:10:19Z</time>
</trkpt>
<trkpt lat="45.42241345" lon="8.1863342">
<ele>191.92224</ele>
<time>2026-05-08T09:10:20Z</time>
</trkpt>
<trkpt lat="45.42262" lon="8.18668844">
<ele>191.79543</ele>
<time>2026-05-08T09:10:21Z</time>
</trkpt>
<trkpt lat="45.42282215" lon="8.18703726">
<ele>191.70557</ele>
<time>2026-05-08T09:10:22Z</time>
</trkpt>
<trkpt lat="45.42302695" lon="8.18739301">
<ele>191.62631</ele>
<time>2026-05-08T09:10:23Z</time>
</trkpt>
<trkpt lat="45.42322917" lon="8.18774564">
<ele>191.56818</ele>
<time>2026-05-08T09:10:24Z</time>
</trkpt>
<trkpt lat="45.42342913" lon="8.18809799">
<ele>191.51006</ele>
<time>2026-05-08T09:10:25Z</time>
</trkpt>
<trkpt lat="45.42363186" lon="8.18845734">
<ele>191.49947</ele>
<time>2026-05-08T09:10:26Z</time>
</trkpt>
<trkpt lat="45.4238297" lon="8.18881241">
<ele>191.51534</ele>
<time>2026-05-08T09:10:27Z</time>
</trkpt>
<trkpt lat="45.42402845" lon="8.18917549">
<ele>191.4889</ele>
<time>2026-05-08T09:10:28Z</time>
</trkpt>
<trkpt lat="45.42422369" lon="8.18953837">
<ele>191.54704</ele>
<time>2026-05-08T09:10:29Z</time>
</trkpt>
<trkpt lat="45.42441694" lon="8.18990108">
<ele>191.57875</ele>
<time>2026-05-08T09:10:30Z</time>
</trkpt>
<trkpt lat="45.42460972" lon="8.19026594">
<ele>191.56818</ele>
<time>2026-05-08T09:10:31Z</time>
</trkpt>
<trkpt lat="45.42480088" lon="8.19063324">
<ele>191.54704</ele>
<time>2026-05-08T09:10:32Z</time>
</trkpt>
<trkpt lat="45.42498925" lon="8.19100127">
<ele>191.56288</ele>
<time>2026-05-08T09:10:33Z</time>
</trkpt>
<trkpt lat="45.42517731" lon="8.1913703">
<ele>191.55232</ele>
<time>2026-05-08T09:10:34Z</time>
</trkpt>
<trkpt lat="45.42536345" lon="8.19174075">
<ele>191.59988</ele>
<time>2026-05-08T09:10:35Z</time>
</trkpt>
<trkpt lat="45.42554785" lon="8.19211323">
<ele>191.67914</ele>
<time>2026-05-08T09:10:36Z</time>
</trkpt>
<trkpt lat="45.42573829" lon="8.19249821">
<ele>191.65274</ele>
<time>2026-05-08T09:10:37Z</time>
</trkpt>
<trkpt lat="45.42591532" lon="8.192861">
<ele>191.70029</ele>
<time>2026-05-08T09:10:38Z</time>
</trkpt>
<trkpt lat="45.42609696" lon="8.19323668">
<ele>191.68973</ele>
<time>2026-05-08T09:10:39Z</time>
</trkpt>
<trkpt lat="45.426276" lon="8.1936154">
<ele>191.67914</ele>
<time>2026-05-08T09:10:40Z</time>
</trkpt>
<trkpt lat="45.42645372" lon="8.19399528">
<ele>191.67386</ele>
<time>2026-05-08T09:10:41Z</time>
</trkpt>
<trkpt lat="45.42663061" lon="8.19437504">
<ele>191.6633</ele>
<time>2026-05-08T09:10:42Z</time>
</trkpt>
<trkpt lat="45.42680546" lon="8.19475667">
<ele>191.59459</ele>
<time>2026-05-08T09:10:43Z</time>
</trkpt>
<trkpt lat="45.42697837" lon="8.19514046">
<ele>191.62631</ele>
<time>2026-05-08T09:10:44Z</time>
</trkpt>
<trkpt lat="45.42715489" lon="8.19553798">
<ele>191.63687</ele>
<time>2026-05-08T09:10:45Z</time>
</trkpt>
<trkpt lat="45.42731951" lon="8.19591086">
<ele>191.70029</ele>
<time>2026-05-08T09:10:46Z</time>
</trkpt>
<trkpt lat="45.42748748" lon="8.19629889">
<ele>191.74785</ele>
<time>2026-05-08T09:10:47Z</time>
</trkpt>
<trkpt lat="45.42765464" lon="8.19668728">
<ele>191.71614</ele>
<time>2026-05-08T09:10:48Z</time>
</trkpt>
<trkpt lat="45.42781696" lon="8.19706866">
<ele>191.6633</ele>
<time>2026-05-08T09:10:49Z</time>
</trkpt>
<trkpt lat="45.42798696" lon="8.19747439">
<ele>191.50475</ele>
<time>2026-05-08T09:10:50Z</time>
</trkpt>
<trkpt lat="45.42815078" lon="8.19786927">
<ele>191.43077</ele>
<time>2026-05-08T09:10:51Z</time>
</trkpt>
<trkpt lat="45.42831125" lon="8.19826122">
<ele>191.37793</ele>
<time>2026-05-08T09:10:52Z</time>
</trkpt>
<trkpt lat="45.42847678" lon="8.19866942">
<ele>191.27751</ele>
<time>2026-05-08T09:10:53Z</time>
</trkpt>
<trkpt lat="45.42863034" lon="8.19905509">
<ele>191.19298</ele>
<time>2026-05-08T09:10:54Z</time>
</trkpt>
<trkpt lat="45.42878768" lon="8.19945316">
<ele>191.12427</ele>
<time>2026-05-08T09:10:55Z</time>
</trkpt>
<trkpt lat="45.42894312" lon="8.1998514">
<ele>191.10841</ele>
<time>2026-05-08T09:10:56Z</time>
</trkpt>
<trkpt lat="45.42909384" lon="8.20024177">
<ele>191.11899</ele>
<time>2026-05-08T09:10:57Z</time>
</trkpt>
<trkpt lat="45.42924888" lon="8.20065196">
<ele>191.1454</ele>
<time>2026-05-08T09:10:58Z</time>
</trkpt>
<trkpt lat="45.4293994" lon="8.20105485">
<ele>191.15598</ele>
<time>2026-05-08T09:10:59Z</time>
</trkpt>
<trkpt lat="45.42954916" lon="8.20146236">
<ele>191.11899</ele>
<time>2026-05-08T09:11:00Z</time>
</trkpt>
<trkpt lat="45.42969988" lon="8.20187656">
<ele>191.06613</ele>
<time>2026-05-08T09:11:01Z</time>
</trkpt>
<trkpt lat="45.42984211" lon="8.20226812">
<ele>191.09256</ele>
<time>2026-05-08T09:11:02Z</time>
</trkpt>
<trkpt lat="45.42999062" lon="8.20267842">
<ele>191.15068</ele>
<time>2026-05-08T09:11:03Z</time>
</trkpt>
<trkpt lat="45.430136" lon="8.2030847">
<ele>191.23524</ele>
<time>2026-05-08T09:11:04Z</time>
</trkpt>
<trkpt lat="45.43027808" lon="8.20347794">
<ele>191.28809</ele>
<time>2026-05-08T09:11:05Z</time>
</trkpt>
<trkpt lat="45.43042857" lon="8.20389269">
<ele>191.33037</ele>
<time>2026-05-08T09:11:06Z</time>
</trkpt>
<trkpt lat="45.43057631" lon="8.2043024">
<ele>191.34622</ele>
<time>2026-05-08T09:11:07Z</time>
</trkpt>
<trkpt lat="45.43072077" lon="8.20470435">
<ele>191.33037</ele>
<time>2026-05-08T09:11:08Z</time>
</trkpt>
<trkpt lat="45.43086979" lon="8.20511262">
<ele>191.25638</ele>
<time>2026-05-08T09:11:09Z</time>
</trkpt>
<trkpt lat="45.43101643" lon="8.20551793">
<ele>191.18767</ele>
<time>2026-05-08T09:11:10Z</time>
</trkpt>
<trkpt lat="45.43116128" lon="8.2059203">
<ele>191.17183</ele>
<time>2026-05-08T09:11:11Z</time>
</trkpt>
<trkpt lat="45.4313093" lon="8.20632948">
<ele>191.11899</ele>
<time>2026-05-08T09:11:12Z</time>
</trkpt>
<trkpt lat="45.43145469" lon="8.20673639">
<ele>191.09256</ele>
<time>2026-05-08T09:11:13Z</time>
</trkpt>
<trkpt lat="45.4315992" lon="8.20714252">
<ele>191.05557</ele>
<time>2026-05-08T09:11:14Z</time>
</trkpt>
<trkpt lat="45.43174185" lon="8.20755118">
<ele>190.99744</ele>
<time>2026-05-08T09:11:15Z</time>
</trkpt>
<trkpt lat="45.43188419" lon="8.20796045">
<ele>190.88646</ele>
<time>2026-05-08T09:11:16Z</time>
</trkpt>
<trkpt lat="45.43203013" lon="8.20838256">
<ele>190.81247</ele>
<time>2026-05-08T09:11:17Z</time>
</trkpt>
<trkpt lat="45.43216586" lon="8.20878071">
<ele>190.63808</ele>
<time>2026-05-08T09:11:18Z</time>
</trkpt>
<trkpt lat="45.43230407" lon="8.20919188">
<ele>190.49539</ele>
<time>2026-05-08T09:11:19Z</time>
</trkpt>
<trkpt lat="45.43244123" lon="8.20960406">
<ele>190.3527</ele>
<time>2026-05-08T09:11:20Z</time>
</trkpt>
<trkpt lat="45.43257742" lon="8.21001634">
<ele>190.2523</ele>
<time>2026-05-08T09:11:21Z</time>
</trkpt>
<trkpt lat="45.43271277" lon="8.21043101">
<ele>190.13605</ele>
<time>2026-05-08T09:11:22Z</time>
</trkpt>
<trkpt lat="45.43284679" lon="8.21084532">
<ele>190.0462</ele>
<time>2026-05-08T09:11:23Z</time>
</trkpt>
<trkpt lat="45.43297937" lon="8.21126008">
<ele>189.87709</ele>
<time>2026-05-08T09:11:24Z</time>
</trkpt>
<trkpt lat="45.43311598" lon="8.21168961">
<ele>189.72911</ele>
<time>2026-05-08T09:11:25Z</time>
</trkpt>
<trkpt lat="45.43324339" lon="8.21209377">
<ele>189.57587</ele>
<time>2026-05-08T09:11:26Z</time>
</trkpt>
<trkpt lat="45.43337246" lon="8.21251189">
<ele>189.37505</ele>
<time>2026-05-08T09:11:27Z</time>
</trkpt>
<trkpt lat="45.43350087" lon="8.21293074">
<ele>189.14781</ele>
<time>2026-05-08T09:11:28Z</time>
</trkpt>
<trkpt lat="45.43362733" lon="8.21334998">
<ele>188.96284</ele>
<time>2026-05-08T09:11:29Z</time>
</trkpt>
<trkpt lat="45.43375303" lon="8.21376964">
<ele>188.75674</ele>
<time>2026-05-08T09:11:30Z</time>
</trkpt>
<trkpt lat="45.43387726" lon="8.21419008">
<ele>188.61935</ele>
<time>2026-05-08T09:11:31Z</time>
</trkpt>
<trkpt lat="45.43400162" lon="8.2146147">
<ele>188.52951</ele>
<time>2026-05-08T09:11:32Z</time>
</trkpt>
<trkpt lat="45.43412349" lon="8.21503589">
<ele>188.43437</ele>
<time>2026-05-08T09:11:33Z</time>
</trkpt>
<trkpt lat="45.43424428" lon="8.21545706">
<ele>188.3604</ele>
<time>2026-05-08T09:11:34Z</time>
</trkpt>
<trkpt lat="45.43436442" lon="8.21588106">
<ele>188.28113</ele>
<time>2026-05-08T09:11:35Z</time>
</trkpt>
<trkpt lat="45.43448217" lon="8.21630547">
<ele>188.16487</ele>
<time>2026-05-08T09:11:36Z</time>
</trkpt>
<trkpt lat="45.43460043" lon="8.2167298">
<ele>187.99576</ele>
<time>2026-05-08T09:11:37Z</time>
</trkpt>
<trkpt lat="45.434716" lon="8.21715485">
<ele>187.83722</ele>
<time>2026-05-08T09:11:38Z</time>
</trkpt>
<trkpt lat="45.43483021" lon="8.21757975">
<ele>187.71567</ele>
<time>2026-05-08T09:11:39Z</time>
</trkpt>
<trkpt lat="45.4349442" lon="8.21800567">
<ele>187.536</ele>
<time>2026-05-08T09:11:40Z</time>
</trkpt>
<trkpt lat="45.43506058" lon="8.21844639">
<ele>187.30875</ele>
<time>2026-05-08T09:11:41Z</time>
</trkpt>
<trkpt lat="45.43516795" lon="8.21886046">
<ele>187.1238</ele>
<time>2026-05-08T09:11:42Z</time>
</trkpt>
<trkpt lat="45.43527964" lon="8.21929312">
<ele>186.9441</ele>
<time>2026-05-08T09:11:43Z</time>
</trkpt>
<trkpt lat="45.43538839" lon="8.21972175">
<ele>186.79614</ele>
<time>2026-05-08T09:11:44Z</time>
</trkpt>
<trkpt lat="45.43549492" lon="8.22014748">
<ele>186.6059</ele>
<time>2026-05-08T09:11:45Z</time>
</trkpt>
<trkpt lat="45.43560258" lon="8.22057708">
<ele>186.40509</ele>
<time>2026-05-08T09:11:46Z</time>
</trkpt>
<trkpt lat="45.4357089" lon="8.22101176">
<ele>186.17784</ele>
<time>2026-05-08T09:11:47Z</time>
</trkpt>
<trkpt lat="45.43581184" lon="8.2214396">
<ele>186.00873</ele>
<time>2026-05-08T09:11:48Z</time>
</trkpt>
<trkpt lat="45.43591659" lon="8.22187559">
<ele>185.85019</ele>
<time>2026-05-08T09:11:49Z</time>
</trkpt>
<trkpt lat="45.43601864" lon="8.22230841">
<ele>185.67052</ele>
<time>2026-05-08T09:11:50Z</time>
</trkpt>
<trkpt lat="45.43611794" lon="8.22273761">
<ele>185.45386</ele>
<time>2026-05-08T09:11:51Z</time>
</trkpt>
<trkpt lat="45.43621782" lon="8.22317161">
<ele>185.62297</ele>
<time>2026-05-08T09:11:52Z</time>
</trkpt>
<trkpt lat="45.43631635" lon="8.22360446">
<ele>185.32701</ele>
<time>2026-05-08T09:11:53Z</time>
</trkpt>
<trkpt lat="45.43641469" lon="8.2240429">
<ele>185.18433</ele>
<time>2026-05-08T09:11:54Z</time>
</trkpt>
<trkpt lat="45.43650954" lon="8.22447859">
<ele>185.07335</ele>
<time>2026-05-08T09:11:55Z</time>
</trkpt>
<trkpt lat="45.43660394" lon="8.22491427">
<ele>184.90953</ele>
<time>2026-05-08T09:11:56Z</time>
</trkpt>
<trkpt lat="45.43669727" lon="8.22535142">
<ele>184.72984</ele>
<time>2026-05-08T09:11:57Z</time>
</trkpt>
<trkpt lat="45.4367897" lon="8.2257886">
<ele>184.5079</ele>
<time>2026-05-08T09:11:58Z</time>
</trkpt>
<trkpt lat="45.43688004" lon="8.22622526">
<ele>184.3705</ele>
<time>2026-05-08T09:11:59Z</time>
</trkpt>
<trkpt lat="45.43696981" lon="8.22666388">
<ele>184.11684</ele>
<time>2026-05-08T09:12:00Z</time>
</trkpt>
<trkpt lat="45.43705827" lon="8.22710227">
<ele>184.16968</ele>
<time>2026-05-08T09:12:01Z</time>
</trkpt>
<trkpt lat="45.43714509" lon="8.22754176">
<ele>184.30179</ele>
<time>2026-05-08T09:12:02Z</time>
</trkpt>
<trkpt lat="45.43723185" lon="8.22798076">
<ele>183.94244</ele>
<time>2026-05-08T09:12:03Z</time>
</trkpt>
<trkpt lat="45.43731713" lon="8.22842144">
<ele>183.70992</ele>
<time>2026-05-08T09:12:04Z</time>
</trkpt>
<trkpt lat="45.43740402" lon="8.22887681">
<ele>183.55138</ele>
<time>2026-05-08T09:12:05Z</time>
</trkpt>
<trkpt lat="45.43748454" lon="8.22930325">
<ele>183.45625</ele>
<time>2026-05-08T09:12:06Z</time>
</trkpt>
<trkpt lat="45.43756574" lon="8.22974482">
<ele>183.29773</ele>
<time>2026-05-08T09:12:07Z</time>
</trkpt>
<trkpt lat="45.43764561" lon="8.23018701">
<ele>183.13918</ele>
<time>2026-05-08T09:12:08Z</time>
</trkpt>
<trkpt lat="45.43772348" lon="8.23063002">
<ele>182.95421</ele>
<time>2026-05-08T09:12:09Z</time>
</trkpt>
<trkpt lat="45.43779985" lon="8.23107292">
<ele>182.79567</ele>
<time>2026-05-08T09:12:10Z</time>
</trkpt>
<trkpt lat="45.43787564" lon="8.2315163">
<ele>182.70056</ele>
<time>2026-05-08T09:12:11Z</time>
</trkpt>
<trkpt lat="45.43795082" lon="8.23196043">
<ele>182.65298</ele>
<time>2026-05-08T09:12:12Z</time>
</trkpt>
<trkpt lat="45.43802672" lon="8.23241844">
<ele>182.55257</ele>
<time>2026-05-08T09:12:13Z</time>
</trkpt>
<trkpt lat="45.43809699" lon="8.23284859">
<ele>182.46803</ele>
<time>2026-05-08T09:12:14Z</time>
</trkpt>
<trkpt lat="45.43817047" lon="8.23329257">
<ele>182.33063</ele>
<time>2026-05-08T09:12:15Z</time>
</trkpt>
<trkpt lat="45.43824542" lon="8.23374081">
<ele>182.17737</ele>
<time>2026-05-08T09:12:16Z</time>
</trkpt>
<trkpt lat="45.43831632" lon="8.23417118">
<ele>182.03998</ele>
<time>2026-05-08T09:12:17Z</time>
</trkpt>
<trkpt lat="45.43839157" lon="8.23462925">
<ele>181.96599</ele>
<time>2026-05-08T09:12:18Z</time>
</trkpt>
<trkpt lat="45.43846536" lon="8.23507256">
<ele>181.83916</ele>
<time>2026-05-08T09:12:19Z</time>
</trkpt>
<trkpt lat="45.43853862" lon="8.23551611">
<ele>181.78632</ele>
<time>2026-05-08T09:12:20Z</time>
</trkpt>
<trkpt lat="45.43861477" lon="8.23597341">
<ele>181.67532</ele>
<time>2026-05-08T09:12:21Z</time>
</trkpt>
<trkpt lat="45.43868613" lon="8.23640259">
<ele>181.63304</ele>
<time>2026-05-08T09:12:22Z</time>
</trkpt>
<trkpt lat="45.43876052" lon="8.23684588">
<ele>181.59077</ele>
<time>2026-05-08T09:12:23Z</time>
</trkpt>
<trkpt lat="45.43883387" lon="8.23729389">
<ele>181.57492</ele>
<time>2026-05-08T09:12:24Z</time>
</trkpt>
<trkpt lat="45.43890655" lon="8.23773347">
<ele>181.60664</ele>
<time>2026-05-08T09:12:25Z</time>
</trkpt>
<trkpt lat="45.43898439" lon="8.23817464">
<ele>181.63834</ele>
<time>2026-05-08T09:12:26Z</time>
</trkpt>
<trkpt lat="45.43906378" lon="8.23861621">
<ele>181.7229</ele>
<time>2026-05-08T09:12:27Z</time>
</trkpt>
<trkpt lat="45.43914478" lon="8.23905679">
<ele>181.94484</ele>
<time>2026-05-08T09:12:28Z</time>
</trkpt>
<trkpt lat="45.43922886" lon="8.23951243">
<ele>182.1985</ele>
<time>2026-05-08T09:12:29Z</time>
</trkpt>
<trkpt lat="45.43930326" lon="8.2399416">
<ele>182.62128</ele>
<time>2026-05-08T09:12:30Z</time>
</trkpt>
<trkpt lat="45.43937855" lon="8.24038536">
<ele>183.07576</ele>
<time>2026-05-08T09:12:31Z</time>
</trkpt>
<trkpt lat="45.43945212" lon="8.24083027">
<ele>183.48796</ele>
<time>2026-05-08T09:12:32Z</time>
</trkpt>
<trkpt lat="45.43952346" lon="8.24126474">
<ele>184.07457</ele>
<time>2026-05-08T09:12:33Z</time>
</trkpt>
<trkpt lat="45.43959814" lon="8.24171866">
<ele>184.42334</ele>
<time>2026-05-08T09:12:34Z</time>
</trkpt>
<trkpt lat="45.43967229" lon="8.24216399">
<ele>184.67702</ele>
<time>2026-05-08T09:12:35Z</time>
</trkpt>
<trkpt lat="45.4397458" lon="8.24260849">
<ele>185.04692</ele>
<time>2026-05-08T09:12:36Z</time>
</trkpt>
<trkpt lat="45.43982239" lon="8.24306731">
<ele>185.34816</ele>
<time>2026-05-08T09:12:37Z</time>
</trkpt>
<trkpt lat="45.43989516" lon="8.24350196">
<ele>185.58595</ele>
<time>2026-05-08T09:12:38Z</time>
</trkpt>
<trkpt lat="45.43996899" lon="8.24394509">
<ele>185.77621</ele>
<time>2026-05-08T09:12:39Z</time>
</trkpt>
<trkpt lat="45.44004223" lon="8.24438933">
<ele>185.86604</ele>
<time>2026-05-08T09:12:40Z</time>
</trkpt>
<trkpt lat="45.44011545" lon="8.24483335">
<ele>185.86076</ele>
<time>2026-05-08T09:12:41Z</time>
</trkpt>
<trkpt lat="45.44018916" lon="8.24527758">
<ele>185.83435</ele>
<time>2026-05-08T09:12:42Z</time>
</trkpt>
<trkpt lat="45.44026336" lon="8.24572142">
<ele>185.7445</ele>
<time>2026-05-08T09:12:43Z</time>
</trkpt>
<trkpt lat="45.44033659" lon="8.24616561">
<ele>185.52783</ele>
<time>2026-05-08T09:12:44Z</time>
</trkpt>
<trkpt lat="45.44041207" lon="8.24662415">
<ele>185.19489</ele>
<time>2026-05-08T09:12:45Z</time>
</trkpt>
<trkpt lat="45.44048304" lon="8.24705307">
<ele>184.7827</ele>
<time>2026-05-08T09:12:46Z</time>
</trkpt>
<trkpt lat="45.4405563" lon="8.24749715">
<ele>184.33879</ele>
<time>2026-05-08T09:12:47Z</time>
</trkpt>
<trkpt lat="45.44062924" lon="8.24794066">
<ele>183.87903</ele>
<time>2026-05-08T09:12:48Z</time>
</trkpt>
<trkpt lat="45.44070201" lon="8.24838395">
<ele>183.30829</ele>
<time>2026-05-08T09:12:49Z</time>
</trkpt>
<trkpt lat="45.44077655" lon="8.24882681">
<ele>182.68997</ele>
<time>2026-05-08T09:12:50Z</time>
</trkpt>
<trkpt lat="45.44084958" lon="8.24927075">
<ele>182.11923</ele>
<time>2026-05-08T09:12:51Z</time>
</trkpt>
<trkpt lat="45.44092268" lon="8.24971469">
<ele>181.5115</ele>
<time>2026-05-08T09:12:52Z</time>
</trkpt>
<trkpt lat="45.44099913" lon="8.25017196">
<ele>180.93547</ele>
<time>2026-05-08T09:12:53Z</time>
</trkpt>
<trkpt lat="45.4410706" lon="8.25060124">
<ele>180.29604</ele>
<time>2026-05-08T09:12:54Z</time>
</trkpt>
<trkpt lat="45.44114403" lon="8.25104504">
<ele>179.77815</ele>
<time>2026-05-08T09:12:55Z</time>
</trkpt>
<trkpt lat="45.44129225" lon="8.25193229">
<ele>178.84276</ele>
<time>2026-05-08T09:12:57Z</time>
</trkpt>
<trkpt lat="45.44136558" lon="8.25237526">
<ele>178.38828</ele>
<time>2026-05-08T09:12:58Z</time>
</trkpt>
<trkpt lat="45.44151299" lon="8.25326241">
<ele>177.54802</ele>
<time>2026-05-08T09:13:00Z</time>
</trkpt>
<trkpt lat="45.44158726" lon="8.25371159">
<ele>177.26793</ele>
<time>2026-05-08T09:13:01Z</time>
</trkpt>
<trkpt lat="45.44173481" lon="8.25459938">
<ele>176.7659</ele>
<time>2026-05-08T09:13:03Z</time>
</trkpt>
<trkpt lat="45.44180777" lon="8.25504331">
<ele>176.60736</ele>
<time>2026-05-08T09:13:04Z</time>
</trkpt>
<trkpt lat="45.4418796" lon="8.25547803">
<ele>176.4541</ele>
<time>2026-05-08T09:13:05Z</time>
</trkpt>
<trkpt lat="45.44195467" lon="8.25593243">
<ele>176.36427</ele>
<time>2026-05-08T09:13:06Z</time>
</trkpt>
<trkpt lat="45.44210156" lon="8.2568203">
<ele>176.13174</ele>
<time>2026-05-08T09:13:08Z</time>
</trkpt>
<trkpt lat="45.44217765" lon="8.25727914">
<ele>175.90451</ele>
<time>2026-05-08T09:13:09Z</time>
</trkpt>
<trkpt lat="45.44232179" lon="8.25815289">
<ele>175.67726</ele>
<time>2026-05-08T09:13:11Z</time>
</trkpt>
<trkpt lat="45.44246755" lon="8.25904177">
<ele>175.4553</ele>
<time>2026-05-08T09:13:13Z</time>
</trkpt>
<trkpt lat="45.44261897" lon="8.25993335">
<ele>175.0114</ele>
<time>2026-05-08T09:13:15Z</time>
</trkpt>
<trkpt lat="45.44269534" lon="8.26037146">
<ele>174.90042</ele>
<time>2026-05-08T09:13:16Z</time>
</trkpt>
<trkpt lat="45.44277558" lon="8.26082831">
<ele>174.88457</ele>
<time>2026-05-08T09:13:17Z</time>
</trkpt>
<trkpt lat="45.44285227" lon="8.26125578">
<ele>174.837</ele>
<time>2026-05-08T09:13:18Z</time>
</trkpt>
<trkpt lat="45.44293429" lon="8.26170101">
<ele>174.74188</ele>
<time>2026-05-08T09:13:19Z</time>
</trkpt>
<trkpt lat="45.44301528" lon="8.26213808">
<ele>174.63092</ele>
<time>2026-05-08T09:13:20Z</time>
</trkpt>
<trkpt lat="45.44309559" lon="8.26256928">
<ele>174.38252</ele>
<time>2026-05-08T09:13:21Z</time>
</trkpt>
<trkpt lat="45.44318194" lon="8.26302507">
<ele>174.187</ele>
<time>2026-05-08T09:13:22Z</time>
</trkpt>
<trkpt lat="45.44335248" lon="8.26390637">
<ele>173.92805</ele>
<time>2026-05-08T09:13:24Z</time>
</trkpt>
<trkpt lat="45.44344092" lon="8.26435582">
<ele>173.72723</ele>
<time>2026-05-08T09:13:25Z</time>
</trkpt>
<trkpt lat="45.44352505" lon="8.26478593">
<ele>173.47885</ele>
<time>2026-05-08T09:13:26Z</time>
</trkpt>
<trkpt lat="45.44361043" lon="8.26522518">
<ele>173.23576</ele>
<time>2026-05-08T09:13:27Z</time>
</trkpt>
<trkpt lat="45.44369446" lon="8.26566495">
<ele>172.89754</ele>
<time>2026-05-08T09:13:28Z</time>
</trkpt>
<trkpt lat="45.44377702" lon="8.26610694">
<ele>172.71259</ele>
<time>2026-05-08T09:13:29Z</time>
</trkpt>
<trkpt lat="45.44385824" lon="8.26654808">
<ele>172.58575</ele>
<time>2026-05-08T09:13:30Z</time>
</trkpt>
<trkpt lat="45.44401914" lon="8.26743035">
<ele>171.83533</ele>
<time>2026-05-08T09:13:32Z</time>
</trkpt>
<trkpt lat="45.4441004" lon="8.26788663">
<ele>171.71379</ele>
<time>2026-05-08T09:13:33Z</time>
</trkpt>
<trkpt lat="45.44417586" lon="8.2683158">
<ele>171.5711</ele>
<time>2026-05-08T09:13:34Z</time>
</trkpt>
<trkpt lat="45.44425185" lon="8.26875947">
<ele>171.15889</ele>
<time>2026-05-08T09:13:35Z</time>
</trkpt>
<trkpt lat="45.44432669" lon="8.26920256">
<ele>170.92108</ele>
<time>2026-05-08T09:13:36Z</time>
</trkpt>
<trkpt lat="45.44440053" lon="8.26964694">
<ele>170.53531</ele>
<time>2026-05-08T09:13:37Z</time>
</trkpt>
<trkpt lat="45.44447291" lon="8.27009105">
<ele>170.13368</ele>
<time>2026-05-08T09:13:38Z</time>
</trkpt>
<trkpt lat="45.44454436" lon="8.27053515">
<ele>169.92229</ele>
<time>2026-05-08T09:13:39Z</time>
</trkpt>
<trkpt lat="45.44461597" lon="8.27097931">
<ele>169.70035</ele>
<time>2026-05-08T09:13:40Z</time>
</trkpt>
<trkpt lat="45.4446884" lon="8.27143936">
<ele>169.38855</ele>
<time>2026-05-08T09:13:41Z</time>
</trkpt>
<trkpt lat="45.44475462" lon="8.27187098">
<ele>169.0556</ele>
<time>2026-05-08T09:13:42Z</time>
</trkpt>
<trkpt lat="45.44482184" lon="8.27231702">
<ele>168.77551</ele>
<time>2026-05-08T09:13:43Z</time>
</trkpt>
<trkpt lat="45.44488853" lon="8.27276411">
<ele>168.47958</ele>
<time>2026-05-08T09:13:44Z</time>
</trkpt>
<trkpt lat="45.44495332" lon="8.27321071">
<ele>168.07266</ele>
<time>2026-05-08T09:13:45Z</time>
</trkpt>
<trkpt lat="45.44501854" lon="8.27366275">
<ele>168.01982</ele>
<time>2026-05-08T09:13:46Z</time>
</trkpt>
<trkpt lat="45.44508281" lon="8.27410941">
<ele>167.69746</ele>
<time>2026-05-08T09:13:47Z</time>
</trkpt>
<trkpt lat="45.44514479" lon="8.27455675">
<ele>167.4438</ele>
<time>2026-05-08T09:13:48Z</time>
</trkpt>
<trkpt lat="45.44526063" lon="8.27545327">
<ele>166.67752</ele>
<time>2026-05-08T09:13:50Z</time>
</trkpt>
<trkpt lat="45.44531481" lon="8.27590738">
<ele>166.2706</ele>
<time>2026-05-08T09:13:51Z</time>
</trkpt>
<trkpt lat="45.44536721" lon="8.276353">
<ele>165.8267</ele>
<time>2026-05-08T09:13:52Z</time>
</trkpt>
<trkpt lat="45.44548257" lon="8.27725557">
<ele>164.82262</ele>
<time>2026-05-08T09:13:54Z</time>
</trkpt>
<trkpt lat="45.44554511" lon="8.27769874">
<ele>164.36813</ele>
<time>2026-05-08T09:13:55Z</time>
</trkpt>
<trkpt lat="45.4456099" lon="8.27814452">
<ele>163.92952</ele>
<time>2026-05-08T09:13:56Z</time>
</trkpt>
<trkpt lat="45.44567979" lon="8.27860475">
<ele>163.40105</ele>
<time>2026-05-08T09:13:57Z</time>
</trkpt>
<trkpt lat="45.44581509" lon="8.27948097">
<ele>163.06282</ele>
<time>2026-05-08T09:13:59Z</time>
</trkpt>
<trkpt lat="45.44588588" lon="8.27992565">
<ele>162.64006</ele>
<time>2026-05-08T09:14:00Z</time>
</trkpt>
<trkpt lat="45.44595762" lon="8.2803691">
<ele>162.42867</ele>
<time>2026-05-08T09:14:01Z</time>
</trkpt>
<trkpt lat="45.44603055" lon="8.280817">
<ele>162.14857</ele>
<time>2026-05-08T09:14:02Z</time>
</trkpt>
<trkpt lat="45.44610312" lon="8.28125641">
<ele>162.02176</ele>
<time>2026-05-08T09:14:03Z</time>
</trkpt>
<trkpt lat="45.44625116" lon="8.28214885">
<ele>161.68881</ele>
<time>2026-05-08T09:14:05Z</time>
</trkpt>
<trkpt lat="45.44632517" lon="8.28259286">
<ele>161.54614</ele>
<time>2026-05-08T09:14:06Z</time>
</trkpt>
<trkpt lat="45.44639862" lon="8.28303675">
<ele>161.49858</ele>
<time>2026-05-08T09:14:07Z</time>
</trkpt>
<trkpt lat="45.44647204" lon="8.28348067">
<ele>161.51442</ele>
<time>2026-05-08T09:14:08Z</time>
</trkpt>
<trkpt lat="45.44654554" lon="8.28392041">
<ele>161.4933</ele>
<time>2026-05-08T09:14:09Z</time>
</trkpt>
<trkpt lat="45.4466193" lon="8.28436417">
<ele>161.54614</ele>
<time>2026-05-08T09:14:10Z</time>
</trkpt>
<trkpt lat="45.44669374" lon="8.28481314">
<ele>161.50386</ele>
<time>2026-05-08T09:14:11Z</time>
</trkpt>
<trkpt lat="45.44676721" lon="8.28525767">
<ele>161.41402</ele>
<time>2026-05-08T09:14:12Z</time>
</trkpt>
<trkpt lat="45.4468408" lon="8.28570207">
<ele>161.26605</ele>
<time>2026-05-08T09:14:13Z</time>
</trkpt>
<trkpt lat="45.44691446" lon="8.28614587">
<ele>161.16563</ele>
<time>2026-05-08T09:14:14Z</time>
</trkpt>
<trkpt lat="45.44698808" lon="8.28659128">
<ele>161.01767</ele>
<time>2026-05-08T09:14:15Z</time>
</trkpt>
<trkpt lat="45.44706246" lon="8.28703593">
<ele>161.15508</ele>
<time>2026-05-08T09:14:16Z</time>
</trkpt>
<trkpt lat="45.44713565" lon="8.28747909">
<ele>161.4933</ele>
<time>2026-05-08T09:14:17Z</time>
</trkpt>
<trkpt lat="45.4472094" lon="8.2879227">
<ele>161.29248</ele>
<time>2026-05-08T09:14:18Z</time>
</trkpt>
<trkpt lat="45.44728327" lon="8.28836642">
<ele>161.23962</ele>
<time>2026-05-08T09:14:19Z</time>
</trkpt>
<trkpt lat="45.44735697" lon="8.28881068">
<ele>161.21849</ele>
<time>2026-05-08T09:14:20Z</time>
</trkpt>
<trkpt lat="45.44750338" lon="8.28969917">
<ele>161.05466</ele>
<time>2026-05-08T09:14:22Z</time>
</trkpt>
<trkpt lat="45.44757675" lon="8.29014363">
<ele>160.96483</ele>
<time>2026-05-08T09:14:23Z</time>
</trkpt>
<trkpt lat="45.4476493" lon="8.29058759">
<ele>160.8697</ele>
<time>2026-05-08T09:14:24Z</time>
</trkpt>
<trkpt lat="45.44772183" lon="8.29103279">
<ele>160.79044</ele>
<time>2026-05-08T09:14:25Z</time>
</trkpt>
<trkpt lat="45.44786967" lon="8.29192171">
<ele>160.67416</ele>
<time>2026-05-08T09:14:27Z</time>
</trkpt>
<trkpt lat="45.44794414" lon="8.29236578">
<ele>160.61076</ele>
<time>2026-05-08T09:14:28Z</time>
</trkpt>
<trkpt lat="45.44801996" lon="8.29282361">
<ele>160.53677</ele>
<time>2026-05-08T09:14:29Z</time>
</trkpt>
<trkpt lat="45.4480911" lon="8.29325393">
<ele>160.44693</ele>
<time>2026-05-08T09:14:30Z</time>
</trkpt>
<trkpt lat="45.4481645" lon="8.29369806">
<ele>160.33595</ele>
<time>2026-05-08T09:14:31Z</time>
</trkpt>
<trkpt lat="45.44823789" lon="8.29414278">
<ele>160.23027</ele>
<time>2026-05-08T09:14:32Z</time>
</trkpt>
<trkpt lat="45.44831029" lon="8.29457663">
<ele>160.23555</ele>
<time>2026-05-08T09:14:33Z</time>
</trkpt>
<trkpt lat="45.44838588" lon="8.29503445">
<ele>160.1457</ele>
<time>2026-05-08T09:14:34Z</time>
</trkpt>
<trkpt lat="45.44845897" lon="8.29547851">
<ele>160.0823</ele>
<time>2026-05-08T09:14:35Z</time>
</trkpt>
<trkpt lat="45.44853241" lon="8.2959225">
<ele>159.97661</ele>
<time>2026-05-08T09:14:36Z</time>
</trkpt>
<trkpt lat="45.44860665" lon="8.29637021">
<ele>159.86562</ele>
<time>2026-05-08T09:14:37Z</time>
</trkpt>
<trkpt lat="45.44867898" lon="8.29681048">
<ele>160.151</ele>
<time>2026-05-08T09:14:38Z</time>
</trkpt>
<trkpt lat="45.44875267" lon="8.2972541">
<ele>160.47864</ele>
<time>2026-05-08T09:14:39Z</time>
</trkpt>
<trkpt lat="45.44882606" lon="8.29769735">
<ele>160.30424</ele>
<time>2026-05-08T09:14:40Z</time>
</trkpt>
<trkpt lat="45.44889809" lon="8.29813141">
<ele>160.20912</ele>
<time>2026-05-08T09:14:41Z</time>
</trkpt>
<trkpt lat="45.44897301" lon="8.29858556">
<ele>160.16684</ele>
<time>2026-05-08T09:14:42Z</time>
</trkpt>
<trkpt lat="45.44904647" lon="8.29903058">
<ele>160.14043</ele>
<time>2026-05-08T09:14:43Z</time>
</trkpt>
<trkpt lat="45.44912053" lon="8.29947906">
<ele>160.1457</ele>
<time>2026-05-08T09:14:44Z</time>
</trkpt>
<trkpt lat="45.44919616" lon="8.29993376">
<ele>160.1827</ele>
<time>2026-05-08T09:14:45Z</time>
</trkpt>
<trkpt lat="45.44934138" lon="8.3008133">
<ele>160.22499</ele>
<time>2026-05-08T09:14:47Z</time>
</trkpt>
<trkpt lat="45.44941433" lon="8.30125355">
<ele>160.24611</ele>
<time>2026-05-08T09:14:48Z</time>
</trkpt>
<trkpt lat="45.44948768" lon="8.30169784">
<ele>160.23027</ele>
<time>2026-05-08T09:14:49Z</time>
</trkpt>
<trkpt lat="45.44956056" lon="8.30214148">
<ele>160.19856</ele>
<time>2026-05-08T09:14:50Z</time>
</trkpt>
<trkpt lat="45.44963409" lon="8.30258625">
<ele>160.12457</ele>
<time>2026-05-08T09:14:51Z</time>
</trkpt>
<trkpt lat="45.44970732" lon="8.30303068">
<ele>160.0136</ele>
<time>2026-05-08T09:14:52Z</time>
</trkpt>
<trkpt lat="45.44978124" lon="8.30347871">
<ele>159.97131</ele>
<time>2026-05-08T09:14:53Z</time>
</trkpt>
<trkpt lat="45.44985426" lon="8.30392326">
<ele>160.2197</ele>
<time>2026-05-08T09:14:54Z</time>
</trkpt>
<trkpt lat="45.44992721" lon="8.30436755">
<ele>160.4205</ele>
<time>2026-05-08T09:14:55Z</time>
</trkpt>
<trkpt lat="45.45000113" lon="8.30481243">
<ele>160.23555</ele>
<time>2026-05-08T09:14:56Z</time>
</trkpt>
<trkpt lat="45.45007446" lon="8.30525214">
<ele>160.17741</ele>
<time>2026-05-08T09:14:57Z</time>
</trkpt>
<trkpt lat="45.45014922" lon="8.30570066">
<ele>160.10342</ele>
<time>2026-05-08T09:14:58Z</time>
</trkpt>
<trkpt lat="45.45022184" lon="8.30614475">
<ele>160.07172</ele>
<time>2026-05-08T09:14:59Z</time>
</trkpt>
<trkpt lat="45.45029487" lon="8.3065895">
<ele>160.00832</ele>
<time>2026-05-08T09:15:00Z</time>
</trkpt>
<trkpt lat="45.45037077" lon="8.30704673">
<ele>159.96074</ele>
<time>2026-05-08T09:15:01Z</time>
</trkpt>
<trkpt lat="45.4504409" lon="8.30747632">
<ele>159.92903</ele>
<time>2026-05-08T09:15:02Z</time>
</trkpt>
<trkpt lat="45.45051381" lon="8.30791989">
<ele>159.98717</ele>
<time>2026-05-08T09:15:03Z</time>
</trkpt>
<trkpt lat="45.45058741" lon="8.30836371">
<ele>160.09814</ele>
<time>2026-05-08T09:15:04Z</time>
</trkpt>
<trkpt lat="45.45066117" lon="8.30880745">
<ele>160.2831</ele>
<time>2026-05-08T09:15:05Z</time>
</trkpt>
<trkpt lat="45.45073491" lon="8.30925153">
<ele>160.46278</ele>
<time>2026-05-08T09:15:06Z</time>
</trkpt>
<trkpt lat="45.45080791" lon="8.30969547">
<ele>160.69531</ele>
<time>2026-05-08T09:15:07Z</time>
</trkpt>
<trkpt lat="45.45088155" lon="8.31013949">
<ele>160.96483</ele>
<time>2026-05-08T09:15:08Z</time>
</trkpt>
<trkpt lat="45.45095795" lon="8.31058996">
<ele>161.20793</ele>
<time>2026-05-08T09:15:09Z</time>
</trkpt>
<trkpt lat="45.4510271" lon="8.31100336">
<ele>161.43517</ele>
<time>2026-05-08T09:15:10Z</time>
</trkpt>
<trkpt lat="45.45109667" lon="8.31141656">
<ele>161.60956</ele>
<time>2026-05-08T09:15:11Z</time>
</trkpt>
<trkpt lat="45.45116165" lon="8.31181564">
<ele>161.81566</ele>
<time>2026-05-08T09:15:12Z</time>
</trkpt>
<trkpt lat="45.45122319" lon="8.3121998">
<ele>161.94247</ele>
<time>2026-05-08T09:15:13Z</time>
</trkpt>
<trkpt lat="45.4512817" lon="8.31256902">
<ele>162.0746</ele>
<time>2026-05-08T09:15:14Z</time>
</trkpt>
<trkpt lat="45.4513392" lon="8.31292348">
<ele>162.175</ele>
<time>2026-05-08T09:15:15Z</time>
</trkpt>
<trkpt lat="45.45139595" lon="8.31326646">
<ele>162.26486</ele>
<time>2026-05-08T09:15:16Z</time>
</trkpt>
<trkpt lat="45.45145388" lon="8.31361427">
<ele>162.37054</ele>
<time>2026-05-08T09:15:17Z</time>
</trkpt>
<trkpt lat="45.45150892" lon="8.31394721">
<ele>162.4551</ele>
<time>2026-05-08T09:15:18Z</time>
</trkpt>
<trkpt lat="45.45156222" lon="8.3142724">
<ele>162.52908</ele>
<time>2026-05-08T09:15:19Z</time>
</trkpt>
<trkpt lat="45.45161687" lon="8.31460663">
<ele>162.65063</ele>
<time>2026-05-08T09:15:20Z</time>
</trkpt>
<trkpt lat="45.45167041" lon="8.31493266">
<ele>162.78275</ele>
<time>2026-05-08T09:15:21Z</time>
</trkpt>
<trkpt lat="45.45172741" lon="8.31528164">
<ele>162.9043</ele>
<time>2026-05-08T09:15:22Z</time>
</trkpt>
<trkpt lat="45.4517839" lon="8.31562061">
<ele>163.02055</ele>
<time>2026-05-08T09:15:23Z</time>
</trkpt>
<trkpt lat="45.45184008" lon="8.31595761">
<ele>163.2055</ele>
<time>2026-05-08T09:15:24Z</time>
</trkpt>
<trkpt lat="45.45189957" lon="8.31630451">
<ele>163.3218</ele>
<time>2026-05-08T09:15:25Z</time>
</trkpt>
<trkpt lat="45.45195429" lon="8.31662915">
<ele>163.48032</ele>
<time>2026-05-08T09:15:26Z</time>
</trkpt>
<trkpt lat="45.45201033" lon="8.31696696">
<ele>163.64415</ele>
<time>2026-05-08T09:15:27Z</time>
</trkpt>
<trkpt lat="45.45206607" lon="8.31730636">
<ele>163.77625</ele>
<time>2026-05-08T09:15:28Z</time>
</trkpt>
<trkpt lat="45.45212184" lon="8.3176466">
<ele>163.96123</ele>
<time>2026-05-08T09:15:29Z</time>
</trkpt>
<trkpt lat="45.45217889" lon="8.31799186">
<ele>164.10919</ele>
<time>2026-05-08T09:15:30Z</time>
</trkpt>
<trkpt lat="45.45223572" lon="8.31833319">
<ele>164.22545</ele>
<time>2026-05-08T09:15:31Z</time>
</trkpt>
<trkpt lat="45.45229403" lon="8.31868184">
<ele>164.38399</ele>
<time>2026-05-08T09:15:32Z</time>
</trkpt>
<trkpt lat="45.45235305" lon="8.31903636">
<ele>164.52667</ele>
<time>2026-05-08T09:15:33Z</time>
</trkpt>
<trkpt lat="45.45241155" lon="8.31938767">
<ele>164.71164</ele>
<time>2026-05-08T09:15:34Z</time>
</trkpt>
<trkpt lat="45.45247165" lon="8.31974551">
<ele>164.83847</ele>
<time>2026-05-08T09:15:35Z</time>
</trkpt>
<trkpt lat="45.45253219" lon="8.32010913">
<ele>164.9336</ele>
<time>2026-05-08T09:15:36Z</time>
</trkpt>
<trkpt lat="45.45259123" lon="8.32047014">
<ele>165.09741</ele>
<time>2026-05-08T09:15:37Z</time>
</trkpt>
<trkpt lat="45.45265121" lon="8.3208391">
<ele>165.2401</ele>
<time>2026-05-08T09:15:38Z</time>
</trkpt>
<trkpt lat="45.45271158" lon="8.32121075">
<ele>165.45149</ele>
<time>2026-05-08T09:15:39Z</time>
</trkpt>
<trkpt lat="45.45277261" lon="8.3215876">
<ele>165.64172</ele>
<time>2026-05-08T09:15:40Z</time>
</trkpt>
<trkpt lat="45.45283703" lon="8.32197894">
<ele>165.84254</ele>
<time>2026-05-08T09:15:41Z</time>
</trkpt>
<trkpt lat="45.45290134" lon="8.32236007">
<ele>166.03809</ele>
<time>2026-05-08T09:15:42Z</time>
</trkpt>
<trkpt lat="45.45296432" lon="8.32272903">
<ele>166.2706</ele>
<time>2026-05-08T09:15:43Z</time>
</trkpt>
<trkpt lat="45.45302923" lon="8.32311465">
<ele>166.46086</ele>
<time>2026-05-08T09:15:44Z</time>
</trkpt>
<trkpt lat="45.45309375" lon="8.32349753">
<ele>166.67752</ele>
<time>2026-05-08T09:15:45Z</time>
</trkpt>
<trkpt lat="45.45315719" lon="8.32388143">
<ele>166.87305</ele>
<time>2026-05-08T09:15:46Z</time>
</trkpt>
<trkpt lat="45.45321985" lon="8.3242638">
<ele>167.09502</ele>
<time>2026-05-08T09:15:47Z</time>
</trkpt>
<trkpt lat="45.45328283" lon="8.32464455">
<ele>167.25354</ele>
<time>2026-05-08T09:15:48Z</time>
</trkpt>
<trkpt lat="45.45334642" lon="8.32503664">
<ele>167.42793</ele>
<time>2026-05-08T09:15:49Z</time>
</trkpt>
<trkpt lat="45.45340671" lon="8.32540248">
<ele>167.59177</ele>
<time>2026-05-08T09:15:50Z</time>
</trkpt>
<trkpt lat="45.45346844" lon="8.32578025">
<ele>167.74503</ele>
<time>2026-05-08T09:15:51Z</time>
</trkpt>
<trkpt lat="45.4535308" lon="8.32615633">
<ele>167.89827</ele>
<time>2026-05-08T09:15:52Z</time>
</trkpt>
<trkpt lat="45.45359333" lon="8.32653184">
<ele>167.9934</ele>
<time>2026-05-08T09:15:53Z</time>
</trkpt>
<trkpt lat="45.45365522" lon="8.32690654">
<ele>168.00926</ele>
<time>2026-05-08T09:15:54Z</time>
</trkpt>
<trkpt lat="45.45371711" lon="8.32728091">
<ele>168.00926</ele>
<time>2026-05-08T09:15:55Z</time>
</trkpt>
<trkpt lat="45.45377897" lon="8.32765584">
<ele>168.05681</ele>
<time>2026-05-08T09:15:56Z</time>
</trkpt>
<trkpt lat="45.45384246" lon="8.32804343">
<ele>168.04625</ele>
<time>2026-05-08T09:15:57Z</time>
</trkpt>
<trkpt lat="45.45390327" lon="8.32840703">
<ele>168.03568</ele>
<time>2026-05-08T09:15:58Z</time>
</trkpt>
<trkpt lat="45.45396669" lon="8.32878484">
<ele>167.97755</ele>
<time>2026-05-08T09:15:59Z</time>
</trkpt>
<trkpt lat="45.45403103" lon="8.32916451">
<ele>167.91942</ele>
<time>2026-05-08T09:16:00Z</time>
</trkpt>
<trkpt lat="45.45409483" lon="8.32954585">
<ele>167.82428</ele>
<time>2026-05-08T09:16:01Z</time>
</trkpt>
<trkpt lat="45.45415865" lon="8.32992771">
<ele>167.69746</ele>
<time>2026-05-08T09:16:02Z</time>
</trkpt>
<trkpt lat="45.45422126" lon="8.33030786">
<ele>167.52307</ele>
<time>2026-05-08T09:16:03Z</time>
</trkpt>
<trkpt lat="45.4542831" lon="8.33068643">
<ele>167.3751</ele>
<time>2026-05-08T09:16:04Z</time>
</trkpt>
<trkpt lat="45.4543465" lon="8.33107596">
<ele>167.14258</ele>
<time>2026-05-08T09:16:05Z</time>
</trkpt>
<trkpt lat="45.45440774" lon="8.3314411">
<ele>166.9259</ele>
<time>2026-05-08T09:16:06Z</time>
</trkpt>
<trkpt lat="45.45446963" lon="8.33181269">
<ele>166.80965</ele>
<time>2026-05-08T09:16:07Z</time>
</trkpt>
<trkpt lat="45.45453111" lon="8.33218219">
<ele>166.72508</ele>
<time>2026-05-08T09:16:08Z</time>
</trkpt>
<trkpt lat="45.45459024" lon="8.33253808">
<ele>166.31288</ele>
<time>2026-05-08T09:16:09Z</time>
</trkpt>
<trkpt lat="45.45465365" lon="8.33292003">
<ele>165.8901</ele>
<time>2026-05-08T09:16:10Z</time>
</trkpt>
<trkpt lat="45.4547134" lon="8.33327969">
<ele>165.40921</ele>
<time>2026-05-08T09:16:11Z</time>
</trkpt>
<trkpt lat="45.45477366" lon="8.33363969">
<ele>164.97058</ele>
<time>2026-05-08T09:16:12Z</time>
</trkpt>
<trkpt lat="45.45483273" lon="8.33399622">
<ele>164.64822</ele>
<time>2026-05-08T09:16:13Z</time>
</trkpt>
<trkpt lat="45.4548913" lon="8.33435028">
<ele>164.41571</ele>
<time>2026-05-08T09:16:14Z</time>
</trkpt>
<trkpt lat="45.45494962" lon="8.3347059">
<ele>164.21489</ele>
<time>2026-05-08T09:16:15Z</time>
</trkpt>
<trkpt lat="45.45500788" lon="8.33506343">
<ele>164.09332</ele>
<time>2026-05-08T09:16:16Z</time>
</trkpt>
<trkpt lat="45.45506631" lon="8.33542469">
<ele>164.04578</ele>
<time>2026-05-08T09:16:17Z</time>
</trkpt>
<trkpt lat="45.45512579" lon="8.33578936">
<ele>163.61772</ele>
<time>2026-05-08T09:16:18Z</time>
</trkpt>
<trkpt lat="45.45518628" lon="8.33615721">
<ele>163.18439</ele>
<time>2026-05-08T09:16:19Z</time>
</trkpt>
<trkpt lat="45.4552474" lon="8.33652894">
<ele>162.94128</ele>
<time>2026-05-08T09:16:20Z</time>
</trkpt>
<trkpt lat="45.45531065" lon="8.33691599">
<ele>162.71931</ele>
<time>2026-05-08T09:16:21Z</time>
</trkpt>
<trkpt lat="45.45537121" lon="8.33728616">
<ele>162.56607</ele>
<time>2026-05-08T09:16:22Z</time>
</trkpt>
<trkpt lat="45.45543322" lon="8.33766434">
<ele>162.4181</ele>
<time>2026-05-08T09:16:23Z</time>
</trkpt>
<trkpt lat="45.45549696" lon="8.33804893">
<ele>162.31241</ele>
<time>2026-05-08T09:16:24Z</time>
</trkpt>
<trkpt lat="45.45556121" lon="8.33843704">
<ele>162.212</ele>
<time>2026-05-08T09:16:25Z</time>
</trkpt>
<trkpt lat="45.45562663" lon="8.33883109">
<ele>162.15916</ele>
<time>2026-05-08T09:16:26Z</time>
</trkpt>
<trkpt lat="45.45569227" lon="8.33922119">
<ele>162.22256</ele>
<time>2026-05-08T09:16:27Z</time>
</trkpt>
<trkpt lat="45.45575991" lon="8.33962179">
<ele>162.23843</ele>
<time>2026-05-08T09:16:28Z</time>
</trkpt>
<trkpt lat="45.45582794" lon="8.34003016">
<ele>162.31769</ele>
<time>2026-05-08T09:16:29Z</time>
</trkpt>
<trkpt lat="45.45589302" lon="8.34042315">
<ele>162.44453</ele>
<time>2026-05-08T09:16:30Z</time>
</trkpt>
<trkpt lat="45.45595846" lon="8.34082307">
<ele>162.56079</ele>
<time>2026-05-08T09:16:31Z</time>
</trkpt>
<trkpt lat="45.4560238" lon="8.34122776">
<ele>162.76689</ele>
<time>2026-05-08T09:16:32Z</time>
</trkpt>
<trkpt lat="45.45608755" lon="8.34162457">
<ele>163.01527</ele>
<time>2026-05-08T09:16:33Z</time>
</trkpt>
<trkpt lat="45.45615497" lon="8.34204434">
<ele>163.29536</ele>
<time>2026-05-08T09:16:34Z</time>
</trkpt>
<trkpt lat="45.45622305" lon="8.34244988">
<ele>163.66527</ele>
<time>2026-05-08T09:16:35Z</time>
</trkpt>
<trkpt lat="45.45629114" lon="8.34285484">
<ele>164.02464</ele>
<time>2026-05-08T09:16:36Z</time>
</trkpt>
<trkpt lat="45.45636045" lon="8.34326087">
<ele>164.34172</ele>
<time>2026-05-08T09:16:37Z</time>
</trkpt>
<trkpt lat="45.45642881" lon="8.34366908">
<ele>164.7539</ele>
<time>2026-05-08T09:16:38Z</time>
</trkpt>
<trkpt lat="45.45649662" lon="8.34408018">
<ele>165.09213</ele>
<time>2026-05-08T09:16:39Z</time>
</trkpt>
<trkpt lat="45.45656449" lon="8.34449424">
<ele>165.38806</ele>
<time>2026-05-08T09:16:40Z</time>
</trkpt>
<trkpt lat="45.45663301" lon="8.34490959">
<ele>165.75272</ele>
<time>2026-05-08T09:16:41Z</time>
</trkpt>
<trkpt lat="45.45670142" lon="8.34532825">
<ele>166.0698</ele>
<time>2026-05-08T09:16:42Z</time>
</trkpt>
<trkpt lat="45.456771" lon="8.3457494">
<ele>166.38687</ele>
<time>2026-05-08T09:16:43Z</time>
</trkpt>
<trkpt lat="45.45684231" lon="8.34617283">
<ele>166.67224</ele>
<time>2026-05-08T09:16:44Z</time>
</trkpt>
<trkpt lat="45.45691616" lon="8.34661308">
<ele>166.96289</ele>
<time>2026-05-08T09:16:45Z</time>
</trkpt>
<trkpt lat="45.45698526" lon="8.34702852">
<ele>167.22183</ele>
<time>2026-05-08T09:16:46Z</time>
</trkpt>
<trkpt lat="45.45705679" lon="8.34745988">
<ele>167.45436</ele>
<time>2026-05-08T09:16:47Z</time>
</trkpt>
<trkpt lat="45.45712884" lon="8.34789196">
<ele>167.66576</ele>
<time>2026-05-08T09:16:48Z</time>
</trkpt>
<trkpt lat="45.45720065" lon="8.34832729">
<ele>167.86658</ele>
<time>2026-05-08T09:16:49Z</time>
</trkpt>
<trkpt lat="45.4572724" lon="8.34876285">
<ele>168.04625</ele>
<time>2026-05-08T09:16:50Z</time>
</trkpt>
<trkpt lat="45.45734421" lon="8.34919784">
<ele>168.22592</ele>
<time>2026-05-08T09:16:51Z</time>
</trkpt>
<trkpt lat="45.45741642" lon="8.34963456">
<ele>168.36333</ele>
<time>2026-05-08T09:16:52Z</time>
</trkpt>
<trkpt lat="45.45749084" lon="8.35008592">
<ele>168.53772</ele>
<time>2026-05-08T09:16:53Z</time>
</trkpt>
<trkpt lat="45.45756021" lon="8.35050759">
<ele>168.58</ele>
<time>2026-05-08T09:16:54Z</time>
</trkpt>
<trkpt lat="45.4576323" lon="8.35094534">
<ele>168.66983</ele>
<time>2026-05-08T09:16:55Z</time>
</trkpt>
<trkpt lat="45.45770286" lon="8.35137497">
<ele>168.68568</ele>
<time>2026-05-08T09:16:56Z</time>
</trkpt>
<trkpt lat="45.45777078" lon="8.35178538">
<ele>168.59056</ele>
<time>2026-05-08T09:16:57Z</time>
</trkpt>
<trkpt lat="45.4578421" lon="8.35222183">
<ele>168.84422</ele>
<time>2026-05-08T09:16:58Z</time>
</trkpt>
<trkpt lat="45.45791182" lon="8.35264357">
<ele>168.69098</ele>
<time>2026-05-08T09:16:59Z</time>
</trkpt>
<trkpt lat="45.45798205" lon="8.35306629">
<ele>168.62755</ele>
<time>2026-05-08T09:17:00Z</time>
</trkpt>
<trkpt lat="45.45805195" lon="8.3534894">
<ele>168.61699</ele>
<time>2026-05-08T09:17:01Z</time>
</trkpt>
<trkpt lat="45.45812176" lon="8.35391234">
<ele>168.61699</ele>
<time>2026-05-08T09:17:02Z</time>
</trkpt>
<trkpt lat="45.45819234" lon="8.3543349">
<ele>168.62227</ele>
<time>2026-05-08T09:17:03Z</time>
</trkpt>
<trkpt lat="45.45826274" lon="8.35475969">
<ele>168.62227</ele>
<time>2026-05-08T09:17:04Z</time>
</trkpt>
<trkpt lat="45.45833195" lon="8.35517512">
<ele>168.543</ele>
<time>2026-05-08T09:17:05Z</time>
</trkpt>
<trkpt lat="45.45840336" lon="8.35561051">
<ele>168.48486</ele>
<time>2026-05-08T09:17:06Z</time>
</trkpt>
<trkpt lat="45.45847372" lon="8.35603714">
<ele>168.44788</ele>
<time>2026-05-08T09:17:07Z</time>
</trkpt>
<trkpt lat="45.45854479" lon="8.35646363">
<ele>168.41089</ele>
<time>2026-05-08T09:17:08Z</time>
</trkpt>
<trkpt lat="45.45861805" lon="8.3569059">
<ele>168.34746</ele>
<time>2026-05-08T09:17:09Z</time>
</trkpt>
<trkpt lat="45.45868659" lon="8.35732111">
<ele>168.28404</ele>
<time>2026-05-08T09:17:10Z</time>
</trkpt>
<trkpt lat="45.45875749" lon="8.35775186">
<ele>168.25235</ele>
<time>2026-05-08T09:17:11Z</time>
</trkpt>
<trkpt lat="45.45882907" lon="8.35818535">
<ele>168.1995</ele>
<time>2026-05-08T09:17:12Z</time>
</trkpt>
<trkpt lat="45.45890143" lon="8.35861941">
<ele>168.18893</ele>
<time>2026-05-08T09:17:13Z</time>
</trkpt>
<trkpt lat="45.45897469" lon="8.35905924">
<ele>168.14136</ele>
<time>2026-05-08T09:17:14Z</time>
</trkpt>
<trkpt lat="45.45904612" lon="8.35949308">
<ele>168.11496</ele>
<time>2026-05-08T09:17:15Z</time>
</trkpt>
<trkpt lat="45.45911842" lon="8.3599319">
<ele>168.03568</ele>
<time>2026-05-08T09:17:16Z</time>
</trkpt>
<trkpt lat="45.459192" lon="8.36037694">
<ele>167.92998</ele>
<time>2026-05-08T09:17:17Z</time>
</trkpt>
<trkpt lat="45.4592654" lon="8.36081673">
<ele>167.89299</ele>
<time>2026-05-08T09:17:18Z</time>
</trkpt>
<trkpt lat="45.45933929" lon="8.36126568">
<ele>167.86658</ele>
<time>2026-05-08T09:17:19Z</time>
</trkpt>
<trkpt lat="45.45941055" lon="8.36170695">
<ele>167.75558</ele>
<time>2026-05-08T09:17:20Z</time>
</trkpt>
<trkpt lat="45.45948033" lon="8.36214277">
<ele>167.65518</ele>
<time>2026-05-08T09:17:21Z</time>
</trkpt>
<trkpt lat="45.4595519" lon="8.36260242">
<ele>167.50192</ele>
<time>2026-05-08T09:17:22Z</time>
</trkpt>
<trkpt lat="45.45962023" lon="8.36304942">
<ele>167.27997</ele>
<time>2026-05-08T09:17:23Z</time>
</trkpt>
<trkpt lat="45.45968758" lon="8.36349457">
<ele>167.12672</ele>
<time>2026-05-08T09:17:24Z</time>
</trkpt>
<trkpt lat="45.45975344" lon="8.36394162">
<ele>166.93646</ele>
<time>2026-05-08T09:17:25Z</time>
</trkpt>
<trkpt lat="45.45981783" lon="8.36438862">
<ele>166.73036</ele>
<time>2026-05-08T09:17:26Z</time>
</trkpt>
<trkpt lat="45.45988151" lon="8.36483505">
<ele>166.47142</ele>
<time>2026-05-08T09:17:27Z</time>
</trkpt>
<trkpt lat="45.45994521" lon="8.36528235">
<ele>166.23361</ele>
<time>2026-05-08T09:17:28Z</time>
</trkpt>
<trkpt lat="45.4600069" lon="8.36572966">
<ele>166.04337</ele>
<time>2026-05-08T09:17:29Z</time>
</trkpt>
<trkpt lat="45.46006761" lon="8.36617732">
<ele>165.83727</ele>
<time>2026-05-08T09:17:30Z</time>
</trkpt>
<trkpt lat="45.46012624" lon="8.36662639">
<ele>165.70514</ele>
<time>2026-05-08T09:17:31Z</time>
</trkpt>
<trkpt lat="45.46018361" lon="8.36707502">
<ele>165.53603</ele>
<time>2026-05-08T09:17:32Z</time>
</trkpt>
<trkpt lat="45.46024222" lon="8.36753893">
<ele>165.47263</ele>
<time>2026-05-08T09:17:33Z</time>
</trkpt>
<trkpt lat="45.46029562" lon="8.36797317">
<ele>165.40921</ele>
<time>2026-05-08T09:17:34Z</time>
</trkpt>
<trkpt lat="45.46034882" lon="8.36842302">
<ele>165.31937</ele>
<time>2026-05-08T09:17:35Z</time>
</trkpt>
<trkpt lat="45.46040209" lon="8.36887368">
<ele>165.19783</ele>
<time>2026-05-08T09:17:36Z</time>
</trkpt>
<trkpt lat="45.46045448" lon="8.36932432">
<ele>165.14497</ele>
<time>2026-05-08T09:17:37Z</time>
</trkpt>
<trkpt lat="45.46050575" lon="8.36977552">
<ele>165.09741</ele>
<time>2026-05-08T09:17:38Z</time>
</trkpt>
<trkpt lat="45.46055596" lon="8.37022712">
<ele>165.04456</ele>
<time>2026-05-08T09:17:39Z</time>
</trkpt>
<trkpt lat="45.46060557" lon="8.37067715">
<ele>164.99173</ele>
<time>2026-05-08T09:17:40Z</time>
</trkpt>
<trkpt lat="45.46065561" lon="8.37114277">
<ele>164.97058</ele>
<time>2026-05-08T09:17:41Z</time>
</trkpt>
<trkpt lat="45.46070006" lon="8.37157976">
<ele>164.9653</ele>
<time>2026-05-08T09:17:42Z</time>
</trkpt>
<trkpt lat="45.46074638" lon="8.37203111">
<ele>165.02344</ele>
<time>2026-05-08T09:17:43Z</time>
</trkpt>
<trkpt lat="45.46079128" lon="8.37248727">
<ele>165.07098</ele>
<time>2026-05-08T09:17:44Z</time>
</trkpt>
<trkpt lat="45.46083317" lon="8.37292511">
<ele>165.12912</ele>
<time>2026-05-08T09:17:45Z</time>
</trkpt>
<trkpt lat="45.46087715" lon="8.37339606">
<ele>165.26125</ele>
<time>2026-05-08T09:17:46Z</time>
</trkpt>
<trkpt lat="45.46091849" lon="8.3738435">
<ele>165.2718</ele>
<time>2026-05-08T09:17:47Z</time>
</trkpt>
<trkpt lat="45.46095839" lon="8.3742968">
<ele>165.25595</ele>
<time>2026-05-08T09:17:48Z</time>
</trkpt>
<trkpt lat="45.46099643" lon="8.3747505">
<ele>165.2401</ele>
<time>2026-05-08T09:17:49Z</time>
</trkpt>
<trkpt lat="45.46103298" lon="8.37520408">
<ele>165.28766</ele>
<time>2026-05-08T09:17:50Z</time>
</trkpt>
<trkpt lat="45.46106911" lon="8.3756585">
<ele>165.71573</ele>
<time>2026-05-08T09:17:51Z</time>
</trkpt>
<trkpt lat="45.46110468" lon="8.37611159">
<ele>166.19133</ele>
<time>2026-05-08T09:17:52Z</time>
</trkpt>
<trkpt lat="45.46114057" lon="8.37656429">
<ele>165.87955</ele>
<time>2026-05-08T09:17:53Z</time>
</trkpt>
<trkpt lat="45.46117382" lon="8.37701871">
<ele>165.77385</ele>
<time>2026-05-08T09:17:54Z</time>
</trkpt>
<trkpt lat="45.46120576" lon="8.37747253">
<ele>165.66815</ele>
<time>2026-05-08T09:17:55Z</time>
</trkpt>
<trkpt lat="45.46123659" lon="8.37792656">
<ele>165.56775</ele>
<time>2026-05-08T09:17:56Z</time>
</trkpt>
<trkpt lat="45.46126706" lon="8.37838501">
<ele>165.45149</ele>
<time>2026-05-08T09:17:57Z</time>
</trkpt>
<trkpt lat="45.46129515" lon="8.37883549">
<ele>165.30353</ele>
<time>2026-05-08T09:17:58Z</time>
</trkpt>
<trkpt lat="45.46132258" lon="8.37929493">
<ele>165.48848</ele>
<time>2026-05-08T09:17:59Z</time>
</trkpt>
<trkpt lat="45.46134897" lon="8.37974502">
<ele>165.38278</ele>
<time>2026-05-08T09:18:00Z</time>
</trkpt>
<trkpt lat="45.46137446" lon="8.38019975">
<ele>165.33524</ele>
<time>2026-05-08T09:18:01Z</time>
</trkpt>
<trkpt lat="45.46139929" lon="8.38065552">
<ele>165.28238</ele>
<time>2026-05-08T09:18:02Z</time>
</trkpt>
<trkpt lat="45.46142222" lon="8.3811155">
<ele>165.35635</ele>
<time>2026-05-08T09:18:03Z</time>
</trkpt>
<trkpt lat="45.46144496" lon="8.38156574">
<ele>165.36163</ele>
<time>2026-05-08T09:18:04Z</time>
</trkpt>
<trkpt lat="45.46146961" lon="8.38203471">
<ele>165.41977</ele>
<time>2026-05-08T09:18:05Z</time>
</trkpt>
<trkpt lat="45.46149255" lon="8.38247483">
<ele>165.46205</ele>
<time>2026-05-08T09:18:06Z</time>
</trkpt>
<trkpt lat="45.4615179" lon="8.38293495">
<ele>165.52547</ele>
<time>2026-05-08T09:18:07Z</time>
</trkpt>
<trkpt lat="45.46154155" lon="8.38338589">
<ele>165.52547</ele>
<time>2026-05-08T09:18:08Z</time>
</trkpt>
<trkpt lat="45.46156551" lon="8.38383089">
<ele>165.5836</ele>
<time>2026-05-08T09:18:09Z</time>
</trkpt>
<trkpt lat="45.46159086" lon="8.38429591">
<ele>165.66287</ele>
<time>2026-05-08T09:18:10Z</time>
</trkpt>
<trkpt lat="45.46161527" lon="8.38475455">
<ele>165.64703</ele>
<time>2026-05-08T09:18:11Z</time>
</trkpt>
<trkpt lat="45.46164027" lon="8.38520985">
<ele>165.65231</ele>
<time>2026-05-08T09:18:12Z</time>
</trkpt>
<trkpt lat="45.46166453" lon="8.38566437">
<ele>165.67343</ele>
<time>2026-05-08T09:18:13Z</time>
</trkpt>
<trkpt lat="45.46168826" lon="8.38611879">
<ele>165.61531</ele>
<time>2026-05-08T09:18:14Z</time>
</trkpt>
<trkpt lat="45.46171239" lon="8.38657453">
<ele>165.57303</ele>
<time>2026-05-08T09:18:15Z</time>
</trkpt>
<trkpt lat="45.46173689" lon="8.38703036">
<ele>165.47792</ele>
<time>2026-05-08T09:18:16Z</time>
</trkpt>
<trkpt lat="45.46176052" lon="8.387486">
<ele>165.40921</ele>
<time>2026-05-08T09:18:17Z</time>
</trkpt>
<trkpt lat="45.46178447" lon="8.38794172">
<ele>165.35107</ele>
<time>2026-05-08T09:18:18Z</time>
</trkpt>
<trkpt lat="45.46180807" lon="8.38839748">
<ele>165.3458</ele>
<time>2026-05-08T09:18:19Z</time>
</trkpt>
<trkpt lat="45.46183171" lon="8.38885182">
<ele>165.32994</ele>
<time>2026-05-08T09:18:20Z</time>
</trkpt>
<trkpt lat="45.46185777" lon="8.38932035">
<ele>165.29295</ele>
<time>2026-05-08T09:18:21Z</time>
</trkpt>
<trkpt lat="45.4618833" lon="8.38976009">
<ele>165.20839</ele>
<time>2026-05-08T09:18:22Z</time>
</trkpt>
<trkpt lat="45.46190977" lon="8.39021097">
<ele>165.03928</ele>
<time>2026-05-08T09:18:23Z</time>
</trkpt>
<trkpt lat="45.46193867" lon="8.39065813">
<ele>165.10269</ele>
<time>2026-05-08T09:18:24Z</time>
</trkpt>
<trkpt lat="45.46196689" lon="8.39109937">
<ele>165.1397</ele>
<time>2026-05-08T09:18:25Z</time>
</trkpt>
<trkpt lat="45.46199654" lon="8.39153613">
<ele>164.88603</ele>
<time>2026-05-08T09:18:26Z</time>
</trkpt>
<trkpt lat="45.46202731" lon="8.39196786">
<ele>164.7539</ele>
<time>2026-05-08T09:18:27Z</time>
</trkpt>
<trkpt lat="45.46205858" lon="8.39239651">
<ele>164.66408</ele>
<time>2026-05-08T09:18:28Z</time>
</trkpt>
<trkpt lat="45.46209145" lon="8.39283569">
<ele>164.56895</ele>
<time>2026-05-08T09:18:29Z</time>
</trkpt>
<trkpt lat="45.46212228" lon="8.39324428">
<ele>164.47383</ele>
<time>2026-05-08T09:18:30Z</time>
</trkpt>
<trkpt lat="45.46215533" lon="8.39366412">
<ele>164.44742</ele>
<time>2026-05-08T09:18:31Z</time>
</trkpt>
<trkpt lat="45.46218976" lon="8.39408194">
<ele>164.43155</ele>
<time>2026-05-08T09:18:32Z</time>
</trkpt>
<trkpt lat="45.46222449" lon="8.39449472">
<ele>164.38399</ele>
<time>2026-05-08T09:18:33Z</time>
</trkpt>
<trkpt lat="45.46225874" lon="8.39490565">
<ele>164.44742</ele>
<time>2026-05-08T09:18:34Z</time>
</trkpt>
<trkpt lat="45.46229358" lon="8.395317">
<ele>164.50554</ele>
<time>2026-05-08T09:18:35Z</time>
</trkpt>
<trkpt lat="45.46232688" lon="8.39571922">
<ele>164.5478</ele>
<time>2026-05-08T09:18:36Z</time>
</trkpt>
<trkpt lat="45.46235786" lon="8.39611504">
<ele>164.6165</ele>
<time>2026-05-08T09:18:37Z</time>
</trkpt>
<trkpt lat="45.4623875" lon="8.39650572">
<ele>164.6165</ele>
<time>2026-05-08T09:18:38Z</time>
</trkpt>
<trkpt lat="45.4624162" lon="8.39688971">
<ele>164.64293</ele>
<time>2026-05-08T09:18:39Z</time>
</trkpt>
<trkpt lat="45.46244612" lon="8.39727485">
<ele>164.74335</ele>
<time>2026-05-08T09:18:40Z</time>
</trkpt>
<trkpt lat="45.46247905" lon="8.39766286">
<ele>164.90718</ele>
<time>2026-05-08T09:18:41Z</time>
</trkpt>
<trkpt lat="45.46251262" lon="8.3980563">
<ele>165.09741</ele>
<time>2026-05-08T09:18:42Z</time>
</trkpt>
<trkpt lat="45.46254651" lon="8.39846001">
<ele>165.38806</ele>
<time>2026-05-08T09:18:43Z</time>
</trkpt>
<trkpt lat="45.46257915" lon="8.39887479">
<ele>165.75272</ele>
<time>2026-05-08T09:18:44Z</time>
</trkpt>
<trkpt lat="45.46260952" lon="8.39931674">
<ele>166.11208</ele>
<time>2026-05-08T09:18:45Z</time>
</trkpt>
<trkpt lat="45.4626355" lon="8.39974289">
<ele>166.59827</ele>
<time>2026-05-08T09:18:46Z</time>
</trkpt>
<trkpt lat="45.46266021" lon="8.4001922">
<ele>167.04744</ele>
<time>2026-05-08T09:18:47Z</time>
</trkpt>
<trkpt lat="45.46268489" lon="8.400646">
<ele>167.44908</ele>
<time>2026-05-08T09:18:48Z</time>
</trkpt>
<trkpt lat="45.46270642" lon="8.40109169">
<ele>167.79257</ele>
<time>2026-05-08T09:18:49Z</time>
</trkpt>
<trkpt lat="45.46272805" lon="8.40155849">
<ele>168.07266</ele>
<time>2026-05-08T09:18:50Z</time>
</trkpt>
<trkpt lat="45.46274874" lon="8.40201503">
<ele>168.32634</ele>
<time>2026-05-08T09:18:51Z</time>
</trkpt>
<trkpt lat="45.46276929" lon="8.40247114">
<ele>168.45844</ele>
<time>2026-05-08T09:18:52Z</time>
</trkpt>
<trkpt lat="45.46278899" lon="8.4029321">
<ele>168.5483</ele>
<time>2026-05-08T09:18:53Z</time>
</trkpt>
<trkpt lat="45.46280655" lon="8.40338431">
<ele>168.59584</ele>
<time>2026-05-08T09:18:54Z</time>
</trkpt>
<trkpt lat="45.46282457" lon="8.40384546">
<ele>168.62755</ele>
<time>2026-05-08T09:18:55Z</time>
</trkpt>
<trkpt lat="45.46283958" lon="8.40430167">
<ele>168.6487</ele>
<time>2026-05-08T09:18:56Z</time>
</trkpt>
<trkpt lat="45.46285359" lon="8.40474333">
<ele>168.75967</ele>
<time>2026-05-08T09:18:57Z</time>
</trkpt>
<trkpt lat="45.46286662" lon="8.40521326">
<ele>168.6804</ele>
<time>2026-05-08T09:18:58Z</time>
</trkpt>
<trkpt lat="45.46287818" lon="8.40566528">
<ele>168.61171</ele>
<time>2026-05-08T09:18:59Z</time>
</trkpt>
<trkpt lat="45.46288814" lon="8.40612534">
<ele>168.56943</ele>
<time>2026-05-08T09:19:00Z</time>
</trkpt>
<trkpt lat="45.46290023" lon="8.40659308">
<ele>168.53242</ele>
<time>2026-05-08T09:19:01Z</time>
</trkpt>
<trkpt lat="45.46290981" lon="8.40703898">
<ele>168.45316</ele>
<time>2026-05-08T09:19:02Z</time>
</trkpt>
<trkpt lat="45.46292277" lon="8.40749588">
<ele>168.35275</ele>
<time>2026-05-08T09:19:03Z</time>
</trkpt>
<trkpt lat="45.46293639" lon="8.40795306">
<ele>168.25763</ele>
<time>2026-05-08T09:19:04Z</time>
</trkpt>
<trkpt lat="45.46295215" lon="8.40840882">
<ele>168.21535</ele>
<time>2026-05-08T09:19:05Z</time>
</trkpt>
<trkpt lat="45.46296986" lon="8.40886651">
<ele>168.17836</ele>
<time>2026-05-08T09:19:06Z</time>
</trkpt>
<trkpt lat="45.46298853" lon="8.40932357">
<ele>168.05153</ele>
<time>2026-05-08T09:19:07Z</time>
</trkpt>
<trkpt lat="45.46300618" lon="8.40977944">
<ele>167.93527</ele>
<time>2026-05-08T09:19:08Z</time>
</trkpt>
<trkpt lat="45.46302577" lon="8.41024956">
<ele>167.80316</ele>
<time>2026-05-08T09:19:09Z</time>
</trkpt>
<trkpt lat="45.46304534" lon="8.41069014">
<ele>167.69218</ele>
<time>2026-05-08T09:19:10Z</time>
</trkpt>
<trkpt lat="45.46306694" lon="8.41114656">
<ele>167.6182</ele>
<time>2026-05-08T09:19:11Z</time>
</trkpt>
<trkpt lat="45.46308934" lon="8.41160201">
<ele>167.51779</ele>
<time>2026-05-08T09:19:12Z</time>
</trkpt>
<trkpt lat="45.46311284" lon="8.4120569">
<ele>167.4385</ele>
<time>2026-05-08T09:19:13Z</time>
</trkpt>
<trkpt lat="45.46313721" lon="8.41251236">
<ele>167.51251</ele>
<time>2026-05-08T09:19:14Z</time>
</trkpt>
<trkpt lat="45.46316161" lon="8.41296725">
<ele>167.4385</ele>
<time>2026-05-08T09:19:15Z</time>
</trkpt>
<trkpt lat="45.46318584" lon="8.41342177">
<ele>167.33281</ele>
<time>2026-05-08T09:19:16Z</time>
</trkpt>
<trkpt lat="45.46321015" lon="8.41389158">
<ele>167.24298</ele>
<time>2026-05-08T09:19:17Z</time>
</trkpt>
<trkpt lat="45.4632335" lon="8.41433239">
<ele>167.22711</ele>
<time>2026-05-08T09:19:18Z</time>
</trkpt>
<trkpt lat="45.46325769" lon="8.41478772">
<ele>167.14786</ele>
<time>2026-05-08T09:19:19Z</time>
</trkpt>
<trkpt lat="45.46328188" lon="8.41524339">
<ele>166.98932</ele>
<time>2026-05-08T09:19:20Z</time>
</trkpt>
<trkpt lat="45.4633059" lon="8.41569707">
<ele>166.8942</ele>
<time>2026-05-08T09:19:21Z</time>
</trkpt>
<trkpt lat="45.46333008" lon="8.41615154">
<ele>166.80965</ele>
<time>2026-05-08T09:19:22Z</time>
</trkpt>
<trkpt lat="45.46335483" lon="8.41660651">
<ele>166.73036</ele>
<time>2026-05-08T09:19:23Z</time>
</trkpt>
<trkpt lat="45.46337946" lon="8.41706284">
<ele>166.57712</ele>
<time>2026-05-08T09:19:24Z</time>
</trkpt>
<trkpt lat="45.46340408" lon="8.41752172">
<ele>166.44499</ele>
<time>2026-05-08T09:19:25Z</time>
</trkpt>
<trkpt lat="45.4634284" lon="8.41797712">
<ele>166.42915</ele>
<time>2026-05-08T09:19:26Z</time>
</trkpt>
<trkpt lat="45.46345259" lon="8.41843192">
<ele>166.32346</ele>
<time>2026-05-08T09:19:27Z</time>
</trkpt>
<trkpt lat="45.46347682" lon="8.41888707">
<ele>166.37102</ele>
<time>2026-05-08T09:19:28Z</time>
</trkpt>
<trkpt lat="45.46350077" lon="8.41932713">
<ele>166.4767</ele>
<time>2026-05-08T09:19:29Z</time>
</trkpt>
<trkpt lat="45.46352558" lon="8.41979652">
<ele>166.65639</ele>
<time>2026-05-08T09:19:30Z</time>
</trkpt>
<trkpt lat="45.46354994" lon="8.42025171">
<ele>166.61938</ele>
<time>2026-05-08T09:19:31Z</time>
</trkpt>
<trkpt lat="45.46357326" lon="8.42070623">
<ele>166.51898</ele>
<time>2026-05-08T09:19:32Z</time>
</trkpt>
<trkpt lat="45.46359862" lon="8.42117682">
<ele>166.43443</ele>
<time>2026-05-08T09:19:33Z</time>
</trkpt>
<trkpt lat="45.46362061" lon="8.42161795">
<ele>166.45027</ele>
<time>2026-05-08T09:19:34Z</time>
</trkpt>
<trkpt lat="45.46363946" lon="8.42207814">
<ele>166.48727</ele>
<time>2026-05-08T09:19:35Z</time>
</trkpt>
<trkpt lat="45.46365604" lon="8.42252958">
<ele>166.34459</ele>
<time>2026-05-08T09:19:36Z</time>
</trkpt>
<trkpt lat="45.46367171" lon="8.42298567">
<ele>166.2019</ele>
<time>2026-05-08T09:19:37Z</time>
</trkpt>
<trkpt lat="45.46368916" lon="8.42344624">
<ele>166.08037</ele>
<time>2026-05-08T09:19:38Z</time>
</trkpt>
<trkpt lat="45.46371093" lon="8.42389881">
<ele>165.97995</ele>
<time>2026-05-08T09:19:39Z</time>
</trkpt>
<trkpt lat="45.4637339" lon="8.42435453">
<ele>165.91125</ele>
<time>2026-05-08T09:19:40Z</time>
</trkpt>
<trkpt lat="45.46375869" lon="8.42482391">
<ele>165.77385</ele>
<time>2026-05-08T09:19:41Z</time>
</trkpt>
<trkpt lat="45.46378254" lon="8.42525897">
<ele>165.47792</ele>
<time>2026-05-08T09:19:42Z</time>
</trkpt>
<trkpt lat="45.46380621" lon="8.4257052">
<ele>165.35635</ele>
<time>2026-05-08T09:19:43Z</time>
</trkpt>
<trkpt lat="45.46383016" lon="8.42615912">
<ele>165.22426</ele>
<time>2026-05-08T09:19:44Z</time>
</trkpt>
<trkpt lat="45.46385304" lon="8.42660029">
<ele>165.10269</ele>
<time>2026-05-08T09:19:45Z</time>
</trkpt>
<trkpt lat="45.46387992" lon="8.42707424">
<ele>165.04987</ele>
<time>2026-05-08T09:19:46Z</time>
</trkpt>
<trkpt lat="45.46391117" lon="8.42754734">
<ele>164.9653</ele>
<time>2026-05-08T09:19:47Z</time>
</trkpt>
<trkpt lat="45.46394531" lon="8.42801821">
<ele>164.87547</ele>
<time>2026-05-08T09:19:48Z</time>
</trkpt>
<trkpt lat="45.46397826" lon="8.42849118">
<ele>164.74863</ele>
<time>2026-05-08T09:19:49Z</time>
</trkpt>
<trkpt lat="45.46400808" lon="8.42896396">
<ele>164.6535</ele>
<time>2026-05-08T09:19:50Z</time>
</trkpt>
<trkpt lat="45.4640358" lon="8.42943286">
<ele>164.5531</ele>
<time>2026-05-08T09:19:51Z</time>
</trkpt>
<trkpt lat="45.46406166" lon="8.42989574">
<ele>164.32057</ele>
<time>2026-05-08T09:19:52Z</time>
</trkpt>
<trkpt lat="45.46408641" lon="8.43033736">
<ele>164.22017</ele>
<time>2026-05-08T09:19:53Z</time>
</trkpt>
<trkpt lat="45.4641113" lon="8.43080809">
<ele>164.12503</ele>
<time>2026-05-08T09:19:54Z</time>
</trkpt>
<trkpt lat="45.46413589" lon="8.43126391">
<ele>164.23073</ele>
<time>2026-05-08T09:19:55Z</time>
</trkpt>
<trkpt lat="45.46415978" lon="8.43171907">
<ele>164.50024</ele>
<time>2026-05-08T09:19:56Z</time>
</trkpt>
<trkpt lat="45.4641846" lon="8.43217418">
<ele>164.31001</ele>
<time>2026-05-08T09:19:57Z</time>
</trkpt>
<trkpt lat="45.46420861" lon="8.43262939">
<ele>164.27303</ele>
<time>2026-05-08T09:19:58Z</time>
</trkpt>
<trkpt lat="45.46422904" lon="8.43308411">
<ele>164.0722</ele>
<time>2026-05-08T09:19:59Z</time>
</trkpt>
<trkpt lat="45.4642463" lon="8.43353939">
<ele>164.00877</ele>
<time>2026-05-08T09:20:00Z</time>
</trkpt>
<trkpt lat="45.46426228" lon="8.4339946">
<ele>163.99821</ele>
<time>2026-05-08T09:20:01Z</time>
</trkpt>
<trkpt lat="45.46427878" lon="8.43445124">
<ele>163.94008</ele>
<time>2026-05-08T09:20:02Z</time>
</trkpt>
<trkpt lat="45.46429827" lon="8.43490732">
<ele>163.87138</ele>
<time>2026-05-08T09:20:03Z</time>
</trkpt>
<trkpt lat="45.46432143" lon="8.4353623">
<ele>163.87666</ele>
<time>2026-05-08T09:20:04Z</time>
</trkpt>
<trkpt lat="45.46434791" lon="8.43583308">
<ele>163.80795</ele>
<time>2026-05-08T09:20:05Z</time>
</trkpt>
<trkpt lat="45.46437292" lon="8.43627462">
<ele>163.74983</ele>
<time>2026-05-08T09:20:06Z</time>
</trkpt>
<trkpt lat="45.46439927" lon="8.43672934">
<ele>163.623</ele>
<time>2026-05-08T09:20:07Z</time>
</trkpt>
<trkpt lat="45.46442702" lon="8.43718433">
<ele>163.49619</ele>
<time>2026-05-08T09:20:08Z</time>
</trkpt>
<trkpt lat="45.46445524" lon="8.43763873">
<ele>163.42218</ele>
<time>2026-05-08T09:20:09Z</time>
</trkpt>
<trkpt lat="45.46448438" lon="8.43809323">
<ele>163.3218</ele>
<time>2026-05-08T09:20:10Z</time>
</trkpt>
<trkpt lat="45.46451346" lon="8.4385486">
<ele>163.25308</ele>
<time>2026-05-08T09:20:11Z</time>
</trkpt>
<trkpt lat="45.4645433" lon="8.4390026">
<ele>163.26894</ele>
<time>2026-05-08T09:20:12Z</time>
</trkpt>
<trkpt lat="45.46457475" lon="8.43947147">
<ele>163.3852</ele>
<time>2026-05-08T09:20:13Z</time>
</trkpt>
<trkpt lat="45.46460513" lon="8.43991079">
<ele>163.3799</ele>
<time>2026-05-08T09:20:14Z</time>
</trkpt>
<trkpt lat="45.46463713" lon="8.44036392">
<ele>163.36934</ele>
<time>2026-05-08T09:20:15Z</time>
</trkpt>
<trkpt lat="45.46466973" lon="8.44082289">
<ele>163.43275</ele>
<time>2026-05-08T09:20:16Z</time>
</trkpt>
<trkpt lat="45.46470194" lon="8.44126118">
<ele>163.45389</ele>
<time>2026-05-08T09:20:17Z</time>
</trkpt>
<trkpt lat="45.46473701" lon="8.44172931">
<ele>163.53845</ele>
<time>2026-05-08T09:20:18Z</time>
</trkpt>
<trkpt lat="45.46477045" lon="8.44218278">
<ele>163.58601</ele>
<time>2026-05-08T09:20:19Z</time>
</trkpt>
<trkpt lat="45.46480321" lon="8.44262747">
<ele>163.65471</ele>
<time>2026-05-08T09:20:20Z</time>
</trkpt>
<trkpt lat="45.46483776" lon="8.44309171">
<ele>163.71284</ele>
<time>2026-05-08T09:20:21Z</time>
</trkpt>
<trkpt lat="45.46487108" lon="8.44354555">
<ele>163.71812</ele>
<time>2026-05-08T09:20:22Z</time>
</trkpt>
<trkpt lat="45.46490375" lon="8.44399978">
<ele>163.70757</ele>
<time>2026-05-08T09:20:23Z</time>
</trkpt>
<trkpt lat="45.46493728" lon="8.44445266">
<ele>163.95064</ele>
<time>2026-05-08T09:20:24Z</time>
</trkpt>
<trkpt lat="45.4649716" lon="8.44490529">
<ele>163.88724</ele>
<time>2026-05-08T09:20:25Z</time>
</trkpt>
<trkpt lat="45.46500512" lon="8.44536015">
<ele>163.89781</ele>
<time>2026-05-08T09:20:26Z</time>
</trkpt>
<trkpt lat="45.46503896" lon="8.4458128">
<ele>163.90837</ele>
<time>2026-05-08T09:20:27Z</time>
</trkpt>
<trkpt lat="45.46507156" lon="8.44626794">
<ele>163.86609</ele>
<time>2026-05-08T09:20:28Z</time>
</trkpt>
<trkpt lat="45.4651064" lon="8.44673702">
<ele>163.7604</ele>
<time>2026-05-08T09:20:29Z</time>
</trkpt>
<trkpt lat="45.46513873" lon="8.44717598">
<ele>163.65471</ele>
<time>2026-05-08T09:20:30Z</time>
</trkpt>
<trkpt lat="45.46517245" lon="8.44763329">
<ele>163.53317</ele>
<time>2026-05-08T09:20:31Z</time>
</trkpt>
<trkpt lat="45.46520502" lon="8.44808796">
<ele>163.3799</ele>
<time>2026-05-08T09:20:32Z</time>
</trkpt>
<trkpt lat="45.46523819" lon="8.4485385">
<ele>163.25308</ele>
<time>2026-05-08T09:20:33Z</time>
</trkpt>
<trkpt lat="45.46527183" lon="8.44899509">
<ele>163.04698</ele>
<time>2026-05-08T09:20:34Z</time>
</trkpt>
<trkpt lat="45.46530502" lon="8.44944954">
<ele>162.79332</ele>
<time>2026-05-08T09:20:35Z</time>
</trkpt>
<trkpt lat="45.46533823" lon="8.44990323">
<ele>162.55023</ele>
<time>2026-05-08T09:20:36Z</time>
</trkpt>
<trkpt lat="45.4653721" lon="8.45036687">
<ele>162.40224</ele>
<time>2026-05-08T09:20:37Z</time>
</trkpt>
<trkpt lat="45.46540473" lon="8.4508062">
<ele>162.35997</ele>
<time>2026-05-08T09:20:38Z</time>
</trkpt>
<trkpt lat="45.4654394" lon="8.45126108">
<ele>162.1433</ele>
<time>2026-05-08T09:20:39Z</time>
</trkpt>
<trkpt lat="45.46547361" lon="8.45171298">
<ele>162.4868</ele>
<time>2026-05-08T09:20:40Z</time>
</trkpt>
<trkpt lat="45.46550619" lon="8.45215734">
<ele>162.47095</ele>
<time>2026-05-08T09:20:41Z</time>
</trkpt>
<trkpt lat="45.46554053" lon="8.45262651">
<ele>162.5238</ele>
<time>2026-05-08T09:20:42Z</time>
</trkpt>
<trkpt lat="45.46557431" lon="8.45308175">
<ele>162.55023</ele>
<time>2026-05-08T09:20:43Z</time>
</trkpt>
<trkpt lat="45.46560744" lon="8.45353602">
<ele>162.55023</ele>
<time>2026-05-08T09:20:44Z</time>
</trkpt>
<trkpt lat="45.46564082" lon="8.4539907">
<ele>162.50266</ele>
<time>2026-05-08T09:20:45Z</time>
</trkpt>
<trkpt lat="45.46567401" lon="8.45444372">
<ele>162.46037</ele>
<time>2026-05-08T09:20:46Z</time>
</trkpt>
<trkpt lat="45.46570674" lon="8.45489668">
<ele>162.44453</ele>
<time>2026-05-08T09:20:47Z</time>
</trkpt>
<trkpt lat="45.46573979" lon="8.45535067">
<ele>162.42339</ele>
<time>2026-05-08T09:20:48Z</time>
</trkpt>
<trkpt lat="45.46577277" lon="8.45580451">
<ele>162.4181</ele>
<time>2026-05-08T09:20:49Z</time>
</trkpt>
<trkpt lat="45.46580638" lon="8.45625869">
<ele>162.36525</ele>
<time>2026-05-08T09:20:50Z</time>
</trkpt>
<trkpt lat="45.46584025" lon="8.45671245">
<ele>162.33884</ele>
<time>2026-05-08T09:20:51Z</time>
</trkpt>
<trkpt lat="45.46587774" lon="8.45716536">
<ele>162.32298</ele>
<time>2026-05-08T09:20:52Z</time>
</trkpt>
<trkpt lat="45.46591903" lon="8.45763197">
<ele>162.30185</ele>
<time>2026-05-08T09:20:53Z</time>
</trkpt>
<trkpt lat="45.4659582" lon="8.45806642">
<ele>162.32826</ele>
<time>2026-05-08T09:20:54Z</time>
</trkpt>
<trkpt lat="45.46599865" lon="8.458515">
<ele>162.29655</ele>
<time>2026-05-08T09:20:55Z</time>
</trkpt>
<trkpt lat="45.46603794" lon="8.45896644">
<ele>162.25427</ele>
<time>2026-05-08T09:20:56Z</time>
</trkpt>
<trkpt lat="45.46607359" lon="8.45942046">
<ele>162.28598</ele>
<time>2026-05-08T09:20:57Z</time>
</trkpt>
<trkpt lat="45.46610733" lon="8.45987497">
<ele>162.40755</ele>
<time>2026-05-08T09:20:58Z</time>
</trkpt>
<trkpt lat="45.46614122" lon="8.46032858">
<ele>162.32298</ele>
<time>2026-05-08T09:20:59Z</time>
</trkpt>
<trkpt lat="45.46617469" lon="8.46078216">
<ele>162.29655</ele>
<time>2026-05-08T09:21:00Z</time>
</trkpt>
<trkpt lat="45.46620925" lon="8.46125072">
<ele>162.31769</ele>
<time>2026-05-08T09:21:01Z</time>
</trkpt>
<trkpt lat="45.4662407" lon="8.46168993">
<ele>162.34941</ele>
<time>2026-05-08T09:21:02Z</time>
</trkpt>
<trkpt lat="45.4662738" lon="8.46214378">
<ele>162.3864</ele>
<time>2026-05-08T09:21:03Z</time>
</trkpt>
<trkpt lat="45.46630718" lon="8.462597">
<ele>162.51851</ele>
<time>2026-05-08T09:21:04Z</time>
</trkpt>
<trkpt lat="45.46634036" lon="8.46305165">
<ele>162.49738</ele>
<time>2026-05-08T09:21:05Z</time>
</trkpt>
<trkpt lat="45.46637373" lon="8.46350493">
<ele>162.59778</ele>
<time>2026-05-08T09:21:06Z</time>
</trkpt>
<trkpt lat="45.46640696" lon="8.46396357">
<ele>162.58722</ele>
<time>2026-05-08T09:21:07Z</time>
</trkpt>
<trkpt lat="45.46644006" lon="8.46441693">
<ele>162.75633</ele>
<time>2026-05-08T09:21:08Z</time>
</trkpt>
<trkpt lat="45.46647385" lon="8.46487139">
<ele>162.98885</ele>
<time>2026-05-08T09:21:09Z</time>
</trkpt>
<trkpt lat="45.46650831" lon="8.46532436">
<ele>163.0047</ele>
<time>2026-05-08T09:21:10Z</time>
</trkpt>
<trkpt lat="45.46654158" lon="8.46577815">
<ele>162.98885</ele>
<time>2026-05-08T09:21:11Z</time>
</trkpt>
<trkpt lat="45.46657439" lon="8.46623141">
<ele>163.1738</ele>
<time>2026-05-08T09:21:12Z</time>
</trkpt>
<trkpt lat="45.46660806" lon="8.46668543">
<ele>163.42218</ele>
<time>2026-05-08T09:21:13Z</time>
</trkpt>
<trkpt lat="45.46664142" lon="8.46714107">
<ele>163.623</ele>
<time>2026-05-08T09:21:14Z</time>
</trkpt>
<trkpt lat="45.46667497" lon="8.46759485">
<ele>163.78156</ele>
<time>2026-05-08T09:21:15Z</time>
</trkpt>
<trkpt lat="45.46670793" lon="8.4680525">
<ele>163.99294</ele>
<time>2026-05-08T09:21:16Z</time>
</trkpt>
<trkpt lat="45.4667417" lon="8.46850886">
<ele>164.0722</ele>
<time>2026-05-08T09:21:17Z</time>
</trkpt>
<trkpt lat="45.46677238" lon="8.46892602">
<ele>164.04048</ele>
<time>2026-05-08T09:21:18Z</time>
</trkpt>
<trkpt lat="45.46680307" lon="8.46934231">
<ele>163.92952</ele>
<time>2026-05-08T09:21:19Z</time>
</trkpt>
<trkpt lat="45.46683242" lon="8.46974731">
<ele>163.80795</ele>
<time>2026-05-08T09:21:20Z</time>
</trkpt>
<trkpt lat="45.46686182" lon="8.47015267">
<ele>163.6917</ele>
<time>2026-05-08T09:21:21Z</time>
</trkpt>
<trkpt lat="45.46689195" lon="8.47056266">
<ele>163.54901</ele>
<time>2026-05-08T09:21:22Z</time>
</trkpt>
<trkpt lat="45.46692221" lon="8.47096694">
<ele>163.3852</ele>
<time>2026-05-08T09:21:23Z</time>
</trkpt>
<trkpt lat="45.46695302" lon="8.47138006">
<ele>163.27422</ele>
<time>2026-05-08T09:21:24Z</time>
</trkpt>
<trkpt lat="45.46698395" lon="8.47180137">
<ele>163.15796</ele>
<time>2026-05-08T09:21:25Z</time>
</trkpt>
<trkpt lat="45.46701372" lon="8.47220675">
<ele>163.05226</ele>
<time>2026-05-08T09:21:26Z</time>
</trkpt>
<trkpt lat="45.46704442" lon="8.47262144">
<ele>162.89902</ele>
<time>2026-05-08T09:21:27Z</time>
</trkpt>
<trkpt lat="45.46707546" lon="8.47303445">
<ele>162.76161</ele>
<time>2026-05-08T09:21:28Z</time>
</trkpt>
<trkpt lat="45.46710509" lon="8.47344129">
<ele>162.60306</ele>
<time>2026-05-08T09:21:29Z</time>
</trkpt>
<trkpt lat="45.46713642" lon="8.47386772">
<ele>162.41283</ele>
<time>2026-05-08T09:21:30Z</time>
</trkpt>
<trkpt lat="45.46716709" lon="8.47428891">
<ele>162.212</ele>
<time>2026-05-08T09:21:31Z</time>
</trkpt>
<trkpt lat="45.46719719" lon="8.47470768">
<ele>162.12746</ele>
<time>2026-05-08T09:21:32Z</time>
</trkpt>
<trkpt lat="45.46722739" lon="8.4751302">
<ele>162.10103</ele>
<time>2026-05-08T09:21:33Z</time>
</trkpt>
<trkpt lat="45.46726008" lon="8.47556126">
<ele>162.09575</ele>
<time>2026-05-08T09:21:34Z</time>
</trkpt>
<trkpt lat="45.46729299" lon="8.47600365">
<ele>162.23315</ele>
<time>2026-05-08T09:21:35Z</time>
</trkpt>
<trkpt lat="45.46732588" lon="8.47645406">
<ele>162.44981</ele>
<time>2026-05-08T09:21:36Z</time>
</trkpt>
<trkpt lat="45.46735843" lon="8.47689388">
<ele>162.47095</ele>
<time>2026-05-08T09:21:37Z</time>
</trkpt>
<trkpt lat="45.46739383" lon="8.47736366">
<ele>162.50266</ele>
<time>2026-05-08T09:21:38Z</time>
</trkpt>
<trkpt lat="45.46742739" lon="8.47781924">
<ele>162.57135</ele>
<time>2026-05-08T09:21:39Z</time>
</trkpt>
<trkpt lat="45.4674607" lon="8.47827354">
<ele>162.63477</ele>
<time>2026-05-08T09:21:40Z</time>
</trkpt>
<trkpt lat="45.46749523" lon="8.4787426">
<ele>162.74046</ele>
<time>2026-05-08T09:21:41Z</time>
</trkpt>
<trkpt lat="45.4675284" lon="8.47918156">
<ele>163.01</ele>
<time>2026-05-08T09:21:42Z</time>
</trkpt>
<trkpt lat="45.46756146" lon="8.47963616">
<ele>163.0417</ele>
<time>2026-05-08T09:21:43Z</time>
</trkpt>
<trkpt lat="45.46759524" lon="8.48008961">
<ele>162.87787</ele>
<time>2026-05-08T09:21:44Z</time>
</trkpt>
<trkpt lat="45.46762829" lon="8.48054313">
<ele>162.9043</ele>
<time>2026-05-08T09:21:45Z</time>
</trkpt>
<trkpt lat="45.46766256" lon="8.4809976">
<ele>162.936</ele>
<time>2026-05-08T09:21:46Z</time>
</trkpt>
<trkpt lat="45.46769603" lon="8.48145105">
<ele>162.81973</ele>
<time>2026-05-08T09:21:47Z</time>
</trkpt>
<trkpt lat="45.46772929" lon="8.48190568">
<ele>162.80388</ele>
<time>2026-05-08T09:21:48Z</time>
</trkpt>
<trkpt lat="45.46776382" lon="8.48237443">
<ele>162.73518</ele>
<time>2026-05-08T09:21:49Z</time>
</trkpt>
<trkpt lat="45.46779598" lon="8.48281308">
<ele>162.66649</ele>
<time>2026-05-08T09:21:50Z</time>
</trkpt>
<trkpt lat="45.46782907" lon="8.48326717">
<ele>162.65063</ele>
<time>2026-05-08T09:21:51Z</time>
</trkpt>
<trkpt lat="45.46786254" lon="8.48372122">
<ele>162.64006</ele>
<time>2026-05-08T09:21:52Z</time>
</trkpt>
<trkpt lat="45.46789587" lon="8.4841756">
<ele>162.66649</ele>
<time>2026-05-08T09:21:53Z</time>
</trkpt>
<trkpt lat="45.46793036" lon="8.48463052">
<ele>162.97299</ele>
<time>2026-05-08T09:21:54Z</time>
</trkpt>
<trkpt lat="45.46796486" lon="8.48508415">
<ele>163.23721</ele>
<time>2026-05-08T09:21:55Z</time>
</trkpt>
<trkpt lat="45.46799838" lon="8.48553728">
<ele>163.26364</ele>
<time>2026-05-08T09:21:56Z</time>
</trkpt>
<trkpt lat="45.46803301" lon="8.48600499">
<ele>163.25308</ele>
<time>2026-05-08T09:21:57Z</time>
</trkpt>
<trkpt lat="45.46806444" lon="8.48644472">
<ele>163.2161</ele>
<time>2026-05-08T09:21:58Z</time>
</trkpt>
<trkpt lat="45.46809746" lon="8.48690279">
<ele>163.2055</ele>
<time>2026-05-08T09:21:59Z</time>
</trkpt>
<trkpt lat="45.46813045" lon="8.48735786">
<ele>163.23193</ele>
<time>2026-05-08T09:22:00Z</time>
</trkpt>
<trkpt lat="45.46816336" lon="8.4878023">
<ele>163.21078</ele>
<time>2026-05-08T09:22:01Z</time>
</trkpt>
<trkpt lat="45.4681962" lon="8.48826657">
<ele>163.24251</ele>
<time>2026-05-08T09:22:02Z</time>
</trkpt>
<trkpt lat="45.46822354" lon="8.48872211">
<ele>163.30064</ele>
<time>2026-05-08T09:22:03Z</time>
</trkpt>
<trkpt lat="45.46824948" lon="8.48917819">
<ele>163.30064</ele>
<time>2026-05-08T09:22:04Z</time>
</trkpt>
<trkpt lat="45.46827383" lon="8.48963438">
<ele>163.24779</ele>
<time>2026-05-08T09:22:05Z</time>
</trkpt>
<trkpt lat="45.46830086" lon="8.49008944">
<ele>163.23721</ele>
<time>2026-05-08T09:22:06Z</time>
</trkpt>
<trkpt lat="45.46833097" lon="8.49054417">
<ele>163.26894</ele>
<time>2026-05-08T09:22:07Z</time>
</trkpt>
<trkpt lat="45.46836341" lon="8.49099822">
<ele>163.25308</ele>
<time>2026-05-08T09:22:08Z</time>
</trkpt>
<trkpt lat="45.46839595" lon="8.49144051">
<ele>163.23721</ele>
<time>2026-05-08T09:22:09Z</time>
</trkpt>
<trkpt lat="45.46843098" lon="8.49190452">
<ele>163.14738</ele>
<time>2026-05-08T09:22:10Z</time>
</trkpt>
<trkpt lat="45.46846292" lon="8.49234743">
<ele>163.06282</ele>
<time>2026-05-08T09:22:11Z</time>
</trkpt>
<trkpt lat="45.46849613" lon="8.49279179">
<ele>162.94128</ele>
<time>2026-05-08T09:22:12Z</time>
</trkpt>
<trkpt lat="45.46853004" lon="8.49324873">
<ele>162.88843</ele>
<time>2026-05-08T09:22:13Z</time>
</trkpt>
<trkpt lat="45.46856137" lon="8.49367722">
<ele>162.80917</ele>
<time>2026-05-08T09:22:14Z</time>
</trkpt>
<trkpt lat="45.46859394" lon="8.49411829">
<ele>162.70348</ele>
<time>2026-05-08T09:22:15Z</time>
</trkpt>
<trkpt lat="45.46862567" lon="8.49455922">
<ele>162.60835</ele>
<time>2026-05-08T09:22:16Z</time>
</trkpt>
<trkpt lat="45.46865713" lon="8.49498857">
<ele>162.46567</ele>
<time>2026-05-08T09:22:17Z</time>
</trkpt>
<trkpt lat="45.46869006" lon="8.49544264">
<ele>162.37584</ele>
<time>2026-05-08T09:22:18Z</time>
</trkpt>
<trkpt lat="45.46872261" lon="8.4958802">
<ele>162.29126</ele>
<time>2026-05-08T09:22:19Z</time>
</trkpt>
<trkpt lat="45.46875522" lon="8.4963194">
<ele>162.15916</ele>
<time>2026-05-08T09:22:20Z</time>
</trkpt>
<trkpt lat="45.4687883" lon="8.49676763">
<ele>162.01118</ele>
<time>2026-05-08T09:22:21Z</time>
</trkpt>
<trkpt lat="45.46881946" lon="8.49719202">
<ele>161.99005</ele>
<time>2026-05-08T09:22:22Z</time>
</trkpt>
<trkpt lat="45.46885169" lon="8.49763212">
<ele>162.21729</ele>
<time>2026-05-08T09:22:23Z</time>
</trkpt>
<trkpt lat="45.46888403" lon="8.49806469">
<ele>161.93192</ele>
<time>2026-05-08T09:22:24Z</time>
</trkpt>
<trkpt lat="45.46891598" lon="8.49850204">
<ele>161.82094</ele>
<time>2026-05-08T09:22:25Z</time>
</trkpt>
<trkpt lat="45.4689473" lon="8.49893798">
<ele>161.70996</ele>
<time>2026-05-08T09:22:26Z</time>
</trkpt>
<trkpt lat="45.46897936" lon="8.49938">
<ele>161.6994</ele>
<time>2026-05-08T09:22:27Z</time>
</trkpt>
<trkpt lat="45.46901178" lon="8.49981866">
<ele>161.6941</ele>
<time>2026-05-08T09:22:28Z</time>
</trkpt>
<trkpt lat="45.46904461" lon="8.50025817">
<ele>161.60428</ele>
<time>2026-05-08T09:22:29Z</time>
</trkpt>
<trkpt lat="45.46907711" lon="8.50069868">
<ele>161.48271</ele>
<time>2026-05-08T09:22:30Z</time>
</trkpt>
<trkpt lat="45.46911005" lon="8.5011396">
<ele>161.3876</ele>
<time>2026-05-08T09:22:31Z</time>
</trkpt>
<trkpt lat="45.46914266" lon="8.50158008">
<ele>161.32419</ele>
<time>2026-05-08T09:22:32Z</time>
</trkpt>
<trkpt lat="45.46917462" lon="8.50202243">
<ele>161.31363</ele>
<time>2026-05-08T09:22:33Z</time>
</trkpt>
<trkpt lat="45.46920731" lon="8.50246597">
<ele>161.22905</ele>
<time>2026-05-08T09:22:34Z</time>
</trkpt>
<trkpt lat="45.46923944" lon="8.50290947">
<ele>161.20793</ele>
<time>2026-05-08T09:22:35Z</time>
</trkpt>
<trkpt lat="45.46927204" lon="8.5033527">
<ele>161.20264</ele>
<time>2026-05-08T09:22:36Z</time>
</trkpt>
<trkpt lat="45.46930524" lon="8.50381047">
<ele>161.20264</ele>
<time>2026-05-08T09:22:37Z</time>
</trkpt>
<trkpt lat="45.46933682" lon="8.50424056">
<ele>161.11809</ele>
<time>2026-05-08T09:22:38Z</time>
</trkpt>
<trkpt lat="45.46936942" lon="8.50468555">
<ele>161.07053</ele>
<time>2026-05-08T09:22:39Z</time>
</trkpt>
<trkpt lat="45.46940173" lon="8.50513127">
<ele>161.05466</ele>
<time>2026-05-08T09:22:40Z</time>
</trkpt>
<trkpt lat="45.46943386" lon="8.50557854">
<ele>160.91727</ele>
<time>2026-05-08T09:22:41Z</time>
</trkpt>
<trkpt lat="45.46946662" lon="8.50602495">
<ele>160.77458</ele>
<time>2026-05-08T09:22:42Z</time>
</trkpt>
<trkpt lat="45.46949913" lon="8.50647267">
<ele>160.61076</ele>
<time>2026-05-08T09:22:43Z</time>
</trkpt>
<trkpt lat="45.46953207" lon="8.50692166">
<ele>160.51036</ele>
<time>2026-05-08T09:22:44Z</time>
</trkpt>
<trkpt lat="45.46956544" lon="8.50738437">
<ele>160.4575</ele>
<time>2026-05-08T09:22:45Z</time>
</trkpt>
<trkpt lat="45.46959725" lon="8.50781929">
<ele>160.4205</ele>
<time>2026-05-08T09:22:46Z</time>
</trkpt>
<trkpt lat="45.46962952" lon="8.50826875">
<ele>160.36238</ele>
<time>2026-05-08T09:22:47Z</time>
</trkpt>
<trkpt lat="45.46966261" lon="8.50871852">
<ele>160.37823</ele>
<time>2026-05-08T09:22:48Z</time>
</trkpt>
<trkpt lat="45.46969538" lon="8.50916851">
<ele>160.45221</ele>
<time>2026-05-08T09:22:49Z</time>
</trkpt>
<trkpt lat="45.46972849" lon="8.50961778">
<ele>160.58434</ele>
<time>2026-05-08T09:22:50Z</time>
</trkpt>
<trkpt lat="45.46976173" lon="8.51006761">
<ele>160.58434</ele>
<time>2026-05-08T09:22:51Z</time>
</trkpt>
<trkpt lat="45.46979533" lon="8.51052144">
<ele>160.6319</ele>
<time>2026-05-08T09:22:52Z</time>
</trkpt>
<trkpt lat="45.4698281" lon="8.51096984">
<ele>160.6319</ele>
<time>2026-05-08T09:22:53Z</time>
</trkpt>
<trkpt lat="45.46986054" lon="8.51141814">
<ele>160.58434</ele>
<time>2026-05-08T09:22:54Z</time>
</trkpt>
<trkpt lat="45.46989264" lon="8.51186476">
<ele>160.84856</ele>
<time>2026-05-08T09:22:55Z</time>
</trkpt>
<trkpt lat="45.46992551" lon="8.51231216">
<ele>160.97012</ele>
<time>2026-05-08T09:22:56Z</time>
</trkpt>
<trkpt lat="45.46995766" lon="8.51275791">
<ele>160.86443</ele>
<time>2026-05-08T09:22:57Z</time>
</trkpt>
<trkpt lat="45.46998995" lon="8.51320376">
<ele>160.82744</ele>
<time>2026-05-08T09:22:58Z</time>
</trkpt>
<trkpt lat="45.4700225" lon="8.51364858">
<ele>160.79044</ele>
<time>2026-05-08T09:22:59Z</time>
</trkpt>
<trkpt lat="45.47005504" lon="8.51409356">
<ele>160.78516</ele>
<time>2026-05-08T09:23:00Z</time>
</trkpt>
<trkpt lat="45.47008855" lon="8.51455147">
<ele>160.79044</ele>
<time>2026-05-08T09:23:01Z</time>
</trkpt>
<trkpt lat="45.47011989" lon="8.51497995">
<ele>160.75873</ele>
<time>2026-05-08T09:23:02Z</time>
</trkpt>
<trkpt lat="45.47015222" lon="8.51542239">
<ele>160.69531</ele>
<time>2026-05-08T09:23:03Z</time>
</trkpt>
<trkpt lat="45.4701838" lon="8.51586479">
<ele>160.60547</ele>
<time>2026-05-08T09:23:04Z</time>
</trkpt>
<trkpt lat="45.47021608" lon="8.51630729">
<ele>160.77986</ele>
<time>2026-05-08T09:23:05Z</time>
</trkpt>
<trkpt lat="45.47024886" lon="8.51674692">
<ele>160.98068</ele>
<time>2026-05-08T09:23:06Z</time>
</trkpt>
<trkpt lat="45.47028069" lon="8.51718691">
<ele>160.7323</ele>
<time>2026-05-08T09:23:07Z</time>
</trkpt>
<trkpt lat="45.47031391" lon="8.51762737">
<ele>160.62662</ele>
<time>2026-05-08T09:23:08Z</time>
</trkpt>
<trkpt lat="45.47034672" lon="8.5180709">
<ele>160.54207</ele>
<time>2026-05-08T09:23:09Z</time>
</trkpt>
<trkpt lat="45.47037855" lon="8.51850561">
<ele>160.52092</ele>
<time>2026-05-08T09:23:10Z</time>
</trkpt>
<trkpt lat="45.47041036" lon="8.51894389">
<ele>160.45221</ele>
<time>2026-05-08T09:23:11Z</time>
</trkpt>
<trkpt lat="45.47044263" lon="8.51938585">
<ele>160.30952</ele>
<time>2026-05-08T09:23:12Z</time>
</trkpt>
<trkpt lat="45.47047411" lon="8.51980892">
<ele>160.1827</ele>
<time>2026-05-08T09:23:13Z</time>
</trkpt>
<trkpt lat="45.47050727" lon="8.52025906">
<ele>160.09814</ele>
<time>2026-05-08T09:23:14Z</time>
</trkpt>
<trkpt lat="45.47053792" lon="8.52069499">
<ele>159.98189</ele>
<time>2026-05-08T09:23:15Z</time>
</trkpt>
<trkpt lat="45.4705701" lon="8.52112616">
<ele>159.85506</ele>
<time>2026-05-08T09:23:16Z</time>
</trkpt>
<trkpt lat="45.47060316" lon="8.52157531">
<ele>159.71237</ele>
<time>2026-05-08T09:23:17Z</time>
</trkpt>
<trkpt lat="45.4706341" lon="8.52200014">
<ele>159.65424</ele>
<time>2026-05-08T09:23:18Z</time>
</trkpt>
<trkpt lat="45.47066586" lon="8.52243365">
<ele>159.6014</ele>
<time>2026-05-08T09:23:19Z</time>
</trkpt>
<trkpt lat="45.47069727" lon="8.52286697">
<ele>159.5644</ele>
<time>2026-05-08T09:23:20Z</time>
</trkpt>
<trkpt lat="45.47072772" lon="8.52328588">
<ele>159.55911</ele>
<time>2026-05-08T09:23:21Z</time>
</trkpt>
<trkpt lat="45.47076034" lon="8.52373152">
<ele>159.55911</ele>
<time>2026-05-08T09:23:22Z</time>
</trkpt>
<trkpt lat="45.47079223" lon="8.52416318">
<ele>159.53798</ele>
<time>2026-05-08T09:23:23Z</time>
</trkpt>
<trkpt lat="45.47082241" lon="8.52459374">
<ele>159.47455</ele>
<time>2026-05-08T09:23:24Z</time>
</trkpt>
<trkpt lat="45.47085497" lon="8.52502441">
<ele>159.43756</ele>
<time>2026-05-08T09:23:25Z</time>
</trkpt>
<trkpt lat="45.47088621" lon="8.52545311">
<ele>159.44815</ele>
<time>2026-05-08T09:23:26Z</time>
</trkpt>
<trkpt lat="45.47091767" lon="8.52588174">
<ele>159.45343</ele>
<time>2026-05-08T09:23:27Z</time>
</trkpt>
<trkpt lat="45.47094901" lon="8.5263107">
<ele>159.42172</ele>
<time>2026-05-08T09:23:28Z</time>
</trkpt>
<trkpt lat="45.47098036" lon="8.52673964">
<ele>159.37944</ele>
<time>2026-05-08T09:23:29Z</time>
</trkpt>
<trkpt lat="45.47101257" lon="8.52716764">
<ele>159.40585</ele>
<time>2026-05-08T09:23:30Z</time>
</trkpt>
<trkpt lat="45.4710427" lon="8.52759492">
<ele>159.37944</ele>
<time>2026-05-08T09:23:31Z</time>
</trkpt>
<trkpt lat="45.47107399" lon="8.52802283">
<ele>159.32658</ele>
<time>2026-05-08T09:23:32Z</time>
</trkpt>
<trkpt lat="45.47110645" lon="8.52846397">
<ele>159.40057</ele>
<time>2026-05-08T09:23:33Z</time>
</trkpt>
<trkpt lat="45.47113683" lon="8.52887798">
<ele>159.17334</ele>
<time>2026-05-08T09:23:34Z</time>
</trkpt>
<trkpt lat="45.47116843" lon="8.52930376">
<ele>158.98308</ele>
<time>2026-05-08T09:23:35Z</time>
</trkpt>
<trkpt lat="45.47120071" lon="8.52973017">
<ele>158.74529</ele>
<time>2026-05-08T09:23:36Z</time>
</trkpt>
<trkpt lat="45.47123171" lon="8.53015825">
<ele>158.52863</ele>
<time>2026-05-08T09:23:37Z</time>
</trkpt>
<trkpt lat="45.47126218" lon="8.5305854">
<ele>158.75584</ele>
<time>2026-05-08T09:23:38Z</time>
</trkpt>
<trkpt lat="45.47129386" lon="8.53101439">
<ele>159.05708</ele>
<time>2026-05-08T09:23:39Z</time>
</trkpt>
<trkpt lat="45.47132536" lon="8.53144217">
<ele>159.20505</ele>
<time>2026-05-08T09:23:40Z</time>
</trkpt>
<trkpt lat="45.47135714" lon="8.5318828">
<ele>159.02538</ele>
<time>2026-05-08T09:23:41Z</time>
</trkpt>
<trkpt lat="45.47138734" lon="8.53229514">
<ele>158.82455</ele>
<time>2026-05-08T09:23:42Z</time>
</trkpt>
<trkpt lat="45.47141816" lon="8.53272139">
<ele>158.75056</ele>
<time>2026-05-08T09:23:43Z</time>
</trkpt>
<trkpt lat="45.47144796" lon="8.53314638">
<ele>158.67659</ele>
<time>2026-05-08T09:23:44Z</time>
</trkpt>
<trkpt lat="45.47147849" lon="8.53357019">
<ele>158.62901</ele>
<time>2026-05-08T09:23:45Z</time>
</trkpt>
<trkpt lat="45.47150942" lon="8.53399917">
<ele>158.45992</ele>
<time>2026-05-08T09:23:46Z</time>
</trkpt>
<trkpt lat="45.47154065" lon="8.53442355">
<ele>158.62373</ele>
<time>2026-05-08T09:23:47Z</time>
</trkpt>
<trkpt lat="45.47157227" lon="8.53484776">
<ele>158.71358</ele>
<time>2026-05-08T09:23:48Z</time>
</trkpt>
<trkpt lat="45.47160387" lon="8.53527326">
<ele>158.60788</ele>
<time>2026-05-08T09:23:49Z</time>
</trkpt>
<trkpt lat="45.47163554" lon="8.53569919">
<ele>158.59203</ele>
<time>2026-05-08T09:23:50Z</time>
</trkpt>
<trkpt lat="45.47166547" lon="8.53612567">
<ele>158.65544</ele>
<time>2026-05-08T09:23:51Z</time>
</trkpt>
<trkpt lat="45.47169652" lon="8.53655234">
<ele>158.73471</ele>
<time>2026-05-08T09:23:52Z</time>
</trkpt>
<trkpt lat="45.47172577" lon="8.53696647">
<ele>158.74529</ele>
<time>2026-05-08T09:23:53Z</time>
</trkpt>
<trkpt lat="45.47175686" lon="8.53740954">
<ele>158.78755</ele>
<time>2026-05-08T09:23:54Z</time>
</trkpt>
<trkpt lat="45.47178806" lon="8.53783854">
<ele>158.75584</ele>
<time>2026-05-08T09:23:55Z</time>
</trkpt>
<trkpt lat="45.47181884" lon="8.53826841">
<ele>158.777</ele>
<time>2026-05-08T09:23:56Z</time>
</trkpt>
<trkpt lat="45.47185107" lon="8.53870102">
<ele>158.8404</ele>
<time>2026-05-08T09:23:57Z</time>
</trkpt>
<trkpt lat="45.4718827" lon="8.5391322">
<ele>158.83511</ele>
<time>2026-05-08T09:23:58Z</time>
</trkpt>
<trkpt lat="45.47191421" lon="8.53956382">
<ele>158.8034</ele>
<time>2026-05-08T09:23:59Z</time>
</trkpt>
<trkpt lat="45.4719462" lon="8.5399964">
<ele>158.8034</ele>
<time>2026-05-08T09:24:00Z</time>
</trkpt>
<trkpt lat="45.47197746" lon="8.54042836">
<ele>158.81398</ele>
<time>2026-05-08T09:24:01Z</time>
</trkpt>
<trkpt lat="45.47200885" lon="8.5408622">
<ele>158.79813</ele>
<time>2026-05-08T09:24:02Z</time>
</trkpt>
<trkpt lat="45.47204092" lon="8.54129575">
<ele>158.81927</ele>
<time>2026-05-08T09:24:03Z</time>
</trkpt>
<trkpt lat="45.47207273" lon="8.54173518">
<ele>158.80869</ele>
<time>2026-05-08T09:24:04Z</time>
</trkpt>
<trkpt lat="45.47210544" lon="8.54217979">
<ele>158.95139</ele>
<time>2026-05-08T09:24:05Z</time>
</trkpt>
<trkpt lat="45.47213577" lon="8.54260351">
<ele>159.21033</ele>
<time>2026-05-08T09:24:06Z</time>
</trkpt>
<trkpt lat="45.47216838" lon="8.54303859">
<ele>159.05179</ele>
<time>2026-05-08T09:24:07Z</time>
</trkpt>
<trkpt lat="45.47220061" lon="8.54347017">
<ele>159.0095</ele>
<time>2026-05-08T09:24:08Z</time>
</trkpt>
<trkpt lat="45.47223273" lon="8.54390522">
<ele>158.96724</ele>
<time>2026-05-08T09:24:09Z</time>
</trkpt>
<trkpt lat="45.47226553" lon="8.54434577">
<ele>158.98308</ele>
<time>2026-05-08T09:24:10Z</time>
</trkpt>
<trkpt lat="45.47229769" lon="8.54478225">
<ele>158.96196</ele>
<time>2026-05-08T09:24:11Z</time>
</trkpt>
<trkpt lat="45.4723294" lon="8.54521277">
<ele>158.91968</ele>
<time>2026-05-08T09:24:12Z</time>
</trkpt>
<trkpt lat="45.4723619" lon="8.54565118">
<ele>158.81927</ele>
<time>2026-05-08T09:24:13Z</time>
</trkpt>
<trkpt lat="45.4723939" lon="8.54608645">
<ele>158.66072</ele>
<time>2026-05-08T09:24:14Z</time>
</trkpt>
<trkpt lat="45.47242543" lon="8.54651597">
<ele>158.54446</ele>
<time>2026-05-08T09:24:15Z</time>
</trkpt>
<trkpt lat="45.47245688" lon="8.54695512">
<ele>158.69771</ele>
<time>2026-05-08T09:24:16Z</time>
</trkpt>
<trkpt lat="45.47248777" lon="8.54737482">
<ele>159.00423</ele>
<time>2026-05-08T09:24:17Z</time>
</trkpt>
<trkpt lat="45.47252071" lon="8.54782209">
<ele>159.25261</ele>
<time>2026-05-08T09:24:18Z</time>
</trkpt>
<trkpt lat="45.47255316" lon="8.54825502">
<ele>159.32658</ele>
<time>2026-05-08T09:24:19Z</time>
</trkpt>
<trkpt lat="45.47258491" lon="8.54868881">
<ele>159.27904</ele>
<time>2026-05-08T09:24:20Z</time>
</trkpt>
<trkpt lat="45.47261645" lon="8.54912089">
<ele>159.21033</ele>
<time>2026-05-08T09:24:21Z</time>
</trkpt>
<trkpt lat="45.47264798" lon="8.54955259">
<ele>159.29488</ele>
<time>2026-05-08T09:24:22Z</time>
</trkpt>
<trkpt lat="45.47267891" lon="8.54998429">
<ele>159.25789</ele>
<time>2026-05-08T09:24:23Z</time>
</trkpt>
<trkpt lat="45.4727099" lon="8.55041458">
<ele>159.13106</ele>
<time>2026-05-08T09:24:24Z</time>
</trkpt>
<trkpt lat="45.47274098" lon="8.55084418">
<ele>159.05179</ele>
<time>2026-05-08T09:24:25Z</time>
</trkpt>
<trkpt lat="45.47277217" lon="8.55127337">
<ele>158.88797</ele>
<time>2026-05-08T09:24:26Z</time>
</trkpt>
<trkpt lat="45.47280344" lon="8.55170199">
<ele>158.68187</ele>
<time>2026-05-08T09:24:27Z</time>
</trkpt>
<trkpt lat="45.4728343" lon="8.55212955">
<ele>158.73471</ele>
<time>2026-05-08T09:24:28Z</time>
</trkpt>
<trkpt lat="45.4728666" lon="8.55257043">
<ele>158.89325</ele>
<time>2026-05-08T09:24:29Z</time>
</trkpt>
<trkpt lat="45.47289636" lon="8.55298284">
<ele>158.68715</ele>
<time>2026-05-08T09:24:30Z</time>
</trkpt>
<trkpt lat="45.47292742" lon="8.55341056">
<ele>158.57617</ele>
<time>2026-05-08T09:24:31Z</time>
</trkpt>
<trkpt lat="45.47295957" lon="8.5538372">
<ele>158.43349</ele>
<time>2026-05-08T09:24:32Z</time>
</trkpt>
<trkpt lat="45.47299018" lon="8.55426153">
<ele>158.35422</ele>
<time>2026-05-08T09:24:33Z</time>
</trkpt>
<trkpt lat="45.47302203" lon="8.5546883">
<ele>158.32779</ele>
<time>2026-05-08T09:24:34Z</time>
</trkpt>
<trkpt lat="45.47305456" lon="8.55511342">
<ele>158.27495</ele>
<time>2026-05-08T09:24:35Z</time>
</trkpt>
<trkpt lat="45.47308703" lon="8.55553748">
<ele>158.27495</ele>
<time>2026-05-08T09:24:36Z</time>
</trkpt>
<trkpt lat="45.47312355" lon="8.55597572">
<ele>158.26965</ele>
<time>2026-05-08T09:24:37Z</time>
</trkpt>
<trkpt lat="45.4731567" lon="8.55638622">
<ele>158.33308</ele>
<time>2026-05-08T09:24:38Z</time>
</trkpt>
<trkpt lat="45.47319163" lon="8.55681025">
<ele>158.41762</ele>
<time>2026-05-08T09:24:39Z</time>
</trkpt>
<trkpt lat="45.47322842" lon="8.55723384">
<ele>158.49161</ele>
<time>2026-05-08T09:24:40Z</time>
</trkpt>
<trkpt lat="45.47326416" lon="8.55764703">
<ele>158.51276</ele>
<time>2026-05-08T09:24:41Z</time>
</trkpt>
<trkpt lat="45.47330251" lon="8.5580834">
<ele>158.50748</ele>
<time>2026-05-08T09:24:42Z</time>
</trkpt>
<trkpt lat="45.47334097" lon="8.55850764">
<ele>158.4969</ele>
<time>2026-05-08T09:24:43Z</time>
</trkpt>
<trkpt lat="45.47337781" lon="8.55893233">
<ele>158.43877</ele>
<time>2026-05-08T09:24:44Z</time>
</trkpt>
<trkpt lat="45.47341588" lon="8.55935662">
<ele>158.7083</ele>
<time>2026-05-08T09:24:45Z</time>
</trkpt>
<trkpt lat="45.47345416" lon="8.55977811">
<ele>159.05708</ele>
<time>2026-05-08T09:24:46Z</time>
</trkpt>
<trkpt lat="45.47349225" lon="8.5601985">
<ele>159.22618</ele>
<time>2026-05-08T09:24:47Z</time>
</trkpt>
<trkpt lat="45.47353107" lon="8.56061663">
<ele>158.98839</ele>
<time>2026-05-08T09:24:48Z</time>
</trkpt>
<trkpt lat="45.47357004" lon="8.56103504">
<ele>158.91438</ele>
<time>2026-05-08T09:24:49Z</time>
</trkpt>
<trkpt lat="45.4736075" lon="8.56145156">
<ele>158.86682</ele>
<time>2026-05-08T09:24:50Z</time>
</trkpt>
<trkpt lat="45.47364551" lon="8.5618681">
<ele>158.86682</ele>
<time>2026-05-08T09:24:51Z</time>
</trkpt>
<trkpt lat="45.47368261" lon="8.56228439">
<ele>158.90381</ele>
<time>2026-05-08T09:24:52Z</time>
</trkpt>
<trkpt lat="45.47372205" lon="8.56271341">
<ele>158.91968</ele>
<time>2026-05-08T09:24:53Z</time>
</trkpt>
<trkpt lat="45.47375845" lon="8.56311574">
<ele>158.98308</ele>
<time>2026-05-08T09:24:54Z</time>
</trkpt>
<trkpt lat="45.47379718" lon="8.56353739">
<ele>158.98839</ele>
<time>2026-05-08T09:24:55Z</time>
</trkpt>
<trkpt lat="45.47383514" lon="8.5639515">
<ele>159.03065</ele>
<time>2026-05-08T09:24:56Z</time>
</trkpt>
<trkpt lat="45.47387287" lon="8.56436222">
<ele>159.07292</ele>
<time>2026-05-08T09:24:57Z</time>
</trkpt>
<trkpt lat="45.47390972" lon="8.56477537">
<ele>159.06764</ele>
<time>2026-05-08T09:24:58Z</time>
</trkpt>
<trkpt lat="45.47395084" lon="8.56519218">
<ele>159.0465</ele>
<time>2026-05-08T09:24:59Z</time>
</trkpt>
<trkpt lat="45.47399391" lon="8.56560682">
<ele>159.10992</ele>
<time>2026-05-08T09:25:00Z</time>
</trkpt>
<trkpt lat="45.4740408" lon="8.56605263">
<ele>159.27374</ele>
<time>2026-05-08T09:25:01Z</time>
</trkpt>
<trkpt lat="45.47408649" lon="8.56648274">
<ele>159.5644</ele>
<time>2026-05-08T09:25:02Z</time>
</trkpt>
<trkpt lat="45.47412936" lon="8.56693331">
<ele>159.82863</ele>
<time>2026-05-08T09:25:03Z</time>
</trkpt>
<trkpt lat="45.47416946" lon="8.5673872">
<ele>160.09286</ele>
<time>2026-05-08T09:25:04Z</time>
</trkpt>
<trkpt lat="45.47420558" lon="8.56783156">
<ele>160.3518</ele>
<time>2026-05-08T09:25:05Z</time>
</trkpt>
<trkpt lat="45.4742421" lon="8.56829637">
<ele>160.49977</ele>
<time>2026-05-08T09:25:06Z</time>
</trkpt>
<trkpt lat="45.47427713" lon="8.56875052">
<ele>160.63718</ele>
<time>2026-05-08T09:25:07Z</time>
</trkpt>
<trkpt lat="45.47431159" lon="8.56920935">
<ele>160.80629</ele>
<time>2026-05-08T09:25:08Z</time>
</trkpt>
<trkpt lat="45.47434501" lon="8.56966443">
<ele>161.09166</ele>
<time>2026-05-08T09:25:09Z</time>
</trkpt>
<trkpt lat="45.47437911" lon="8.57011722">
<ele>161.23962</ele>
<time>2026-05-08T09:25:10Z</time>
</trkpt>
<trkpt lat="45.47441094" lon="8.57057069">
<ele>161.42989</ele>
<time>2026-05-08T09:25:11Z</time>
</trkpt>
<trkpt lat="45.47444139" lon="8.571025">
<ele>161.6571</ele>
<time>2026-05-08T09:25:12Z</time>
</trkpt>
<trkpt lat="45.47447028" lon="8.57146555">
<ele>161.88965</ele>
<time>2026-05-08T09:25:13Z</time>
</trkpt>
<trkpt lat="45.47450126" lon="8.57193609">
<ele>162.26486</ele>
<time>2026-05-08T09:25:14Z</time>
</trkpt>
<trkpt lat="45.47453015" lon="8.57239054">
<ele>162.60835</ele>
<time>2026-05-08T09:25:15Z</time>
</trkpt>
<trkpt lat="45.47455851" lon="8.57284439">
<ele>162.8937</ele>
<time>2026-05-08T09:25:16Z</time>
</trkpt>
<trkpt lat="45.47458668" lon="8.57329852">
<ele>163.15268</ele>
<time>2026-05-08T09:25:17Z</time>
</trkpt>
<trkpt lat="45.47461377" lon="8.57375398">
<ele>163.50146</ele>
<time>2026-05-08T09:25:18Z</time>
</trkpt>
<trkpt lat="45.47464002" lon="8.57420874">
<ele>163.82382</ele>
<time>2026-05-08T09:25:19Z</time>
</trkpt>
<trkpt lat="45.47466636" lon="8.57466425">
<ele>164.21489</ele>
<time>2026-05-08T09:25:20Z</time>
</trkpt>
<trkpt lat="45.47469211" lon="8.57511946">
<ele>164.6165</ele>
<time>2026-05-08T09:25:21Z</time>
</trkpt>
<trkpt lat="45.4747171" lon="8.57557379">
<ele>165.00229</ele>
<time>2026-05-08T09:25:22Z</time>
</trkpt>
<trkpt lat="45.47474088" lon="8.57602856">
<ele>165.40921</ele>
<time>2026-05-08T09:25:23Z</time>
</trkpt>
<trkpt lat="45.47476394" lon="8.57648402">
<ele>165.87955</ele>
<time>2026-05-08T09:25:24Z</time>
</trkpt>
<trkpt lat="45.47478681" lon="8.57695506">
<ele>166.22833</ele>
<time>2026-05-08T09:25:25Z</time>
</trkpt>
<trkpt lat="45.47480777" lon="8.57739669">
<ele>166.53484</ele>
<time>2026-05-08T09:25:26Z</time>
</trkpt>
<trkpt lat="45.47482742" lon="8.57785357">
<ele>166.8942</ele>
<time>2026-05-08T09:25:27Z</time>
</trkpt>
<trkpt lat="45.47484332" lon="8.57830996">
<ele>167.19542</ele>
<time>2026-05-08T09:25:28Z</time>
</trkpt>
<trkpt lat="45.47485347" lon="8.57876547">
<ele>167.47021</ele>
<time>2026-05-08T09:25:29Z</time>
</trkpt>
<trkpt lat="45.47486306" lon="8.57922328">
<ele>167.73973</ele>
<time>2026-05-08T09:25:30Z</time>
</trkpt>
<trkpt lat="45.47486955" lon="8.57968079">
<ele>167.96169</ele>
<time>2026-05-08T09:25:31Z</time>
</trkpt>
<trkpt lat="45.47487694" lon="8.58013817">
<ele>168.17307</ele>
<time>2026-05-08T09:25:32Z</time>
</trkpt>
<trkpt lat="45.47488639" lon="8.58060948">
<ele>168.34218</ele>
<time>2026-05-08T09:25:33Z</time>
</trkpt>
<trkpt lat="45.4748957" lon="8.58105627">
<ele>168.4426</ele>
<time>2026-05-08T09:25:34Z</time>
</trkpt>
<trkpt lat="45.47490329" lon="8.58151372">
<ele>168.5483</ele>
<time>2026-05-08T09:25:35Z</time>
</trkpt>
<trkpt lat="45.47490878" lon="8.5819704">
<ele>168.56943</ele>
<time>2026-05-08T09:25:36Z</time>
</trkpt>
<trkpt lat="45.47491206" lon="8.58241299">
<ele>168.64342</ele>
<time>2026-05-08T09:25:37Z</time>
</trkpt>
<trkpt lat="45.47491226" lon="8.5828838">
<ele>168.64342</ele>
<time>2026-05-08T09:25:38Z</time>
</trkpt>
<trkpt lat="45.47491105" lon="8.58334096">
<ele>168.62755</ele>
<time>2026-05-08T09:25:39Z</time>
</trkpt>
<trkpt lat="45.47490715" lon="8.58379761">
<ele>168.53242</ele>
<time>2026-05-08T09:25:40Z</time>
</trkpt>
<trkpt lat="45.47490079" lon="8.58425469">
<ele>168.45316</ele>
<time>2026-05-08T09:25:41Z</time>
</trkpt>
<trkpt lat="45.47489099" lon="8.58471027">
<ele>168.38446</ele>
<time>2026-05-08T09:25:42Z</time>
</trkpt>
<trkpt lat="45.47487953" lon="8.58516478">
<ele>168.25235</ele>
<time>2026-05-08T09:25:43Z</time>
</trkpt>
<trkpt lat="45.47486572" lon="8.58562054">
<ele>168.06738</ele>
<time>2026-05-08T09:25:44Z</time>
</trkpt>
<trkpt lat="45.47484912" lon="8.58607665">
<ele>167.84015</ele>
<time>2026-05-08T09:25:45Z</time>
</trkpt>
<trkpt lat="45.47483025" lon="8.5865325">
<ele>167.62877</ele>
<time>2026-05-08T09:25:46Z</time>
</trkpt>
<trkpt lat="45.47481039" lon="8.5869894">
<ele>167.39095</ele>
<time>2026-05-08T09:25:47Z</time>
</trkpt>
<trkpt lat="45.47478768" lon="8.58744864">
<ele>167.11086</ele>
<time>2026-05-08T09:25:48Z</time>
</trkpt>
<trkpt lat="45.47476174" lon="8.58791489">
<ele>166.84134</ele>
<time>2026-05-08T09:25:49Z</time>
</trkpt>
<trkpt lat="45.47473544" lon="8.58835522">
<ele>166.60355</ele>
<time>2026-05-08T09:25:50Z</time>
</trkpt>
<trkpt lat="45.47470587" lon="8.58880952">
<ele>166.35516</ele>
<time>2026-05-08T09:25:51Z</time>
</trkpt>
<trkpt lat="45.47467381" lon="8.58926939">
<ele>166.04337</ele>
<time>2026-05-08T09:25:52Z</time>
</trkpt>
<trkpt lat="45.47463965" lon="8.58971954">
<ele>165.6893</ele>
<time>2026-05-08T09:25:53Z</time>
</trkpt>
<trkpt lat="45.47460393" lon="8.59017207">
<ele>165.38806</ele>
<time>2026-05-08T09:25:54Z</time>
</trkpt>
<trkpt lat="45.47456529" lon="8.59062384">
<ele>165.01286</ele>
<time>2026-05-08T09:25:55Z</time>
</trkpt>
<trkpt lat="45.4745248" lon="8.59106817">
<ele>164.63765</ele>
<time>2026-05-08T09:25:56Z</time>
</trkpt>
<trkpt lat="45.47448327" lon="8.59150963">
<ele>164.37871</ele>
<time>2026-05-08T09:25:57Z</time>
</trkpt>
<trkpt lat="45.47443916" lon="8.59194967">
<ele>164.06163</ele>
<time>2026-05-08T09:25:58Z</time>
</trkpt>
<trkpt lat="45.47439664" lon="8.59238543">
<ele>163.76569</ele>
<time>2026-05-08T09:25:59Z</time>
</trkpt>
<trkpt lat="45.47435451" lon="8.59282558">
<ele>163.50146</ele>
<time>2026-05-08T09:26:00Z</time>
</trkpt>
<trkpt lat="45.47431199" lon="8.59326078">
<ele>163.3852</ele>
<time>2026-05-08T09:26:01Z</time>
</trkpt>
<trkpt lat="45.47426487" lon="8.5937199">
<ele>163.25308</ele>
<time>2026-05-08T09:26:02Z</time>
</trkpt>
<trkpt lat="45.47421389" lon="8.59417004">
<ele>163.22665</ele>
<time>2026-05-08T09:26:03Z</time>
</trkpt>
<trkpt lat="45.47415656" lon="8.59462362">
<ele>163.1104</ele>
<time>2026-05-08T09:26:04Z</time>
</trkpt>
<trkpt lat="45.47409578" lon="8.59507265">
<ele>162.98885</ele>
<time>2026-05-08T09:26:05Z</time>
</trkpt>
<trkpt lat="45.47403302" lon="8.5955217">
<ele>162.88843</ele>
<time>2026-05-08T09:26:06Z</time>
</trkpt>
<trkpt lat="45.47396778" lon="8.595969">
<ele>162.80388</ele>
<time>2026-05-08T09:26:07Z</time>
</trkpt>
<trkpt lat="45.47390185" lon="8.59641592">
<ele>162.65063</ele>
<time>2026-05-08T09:26:08Z</time>
</trkpt>
<trkpt lat="45.47383657" lon="8.59684817">
<ele>162.5238</ele>
<time>2026-05-08T09:26:09Z</time>
</trkpt>
<trkpt lat="45.47376605" lon="8.5973086">
<ele>162.34941</ele>
<time>2026-05-08T09:26:10Z</time>
</trkpt>
<trkpt lat="45.47369759" lon="8.59775422">
<ele>162.19086</ele>
<time>2026-05-08T09:26:11Z</time>
</trkpt>
<trkpt lat="45.47362754" lon="8.59820115">
<ele>161.94778</ele>
<time>2026-05-08T09:26:12Z</time>
</trkpt>
<trkpt lat="45.47355428" lon="8.59866008">
<ele>161.7311</ele>
<time>2026-05-08T09:26:13Z</time>
</trkpt>
<trkpt lat="45.47348507" lon="8.59909144">
<ele>161.6624</ele>
<time>2026-05-08T09:26:14Z</time>
</trkpt>
<trkpt lat="45.47341263" lon="8.59953642">
<ele>161.49858</ele>
<time>2026-05-08T09:26:15Z</time>
</trkpt>
<trkpt lat="45.47334039" lon="8.59998085">
<ele>161.20793</ele>
<time>2026-05-08T09:26:16Z</time>
</trkpt>
<trkpt lat="45.47326763" lon="8.60042613">
<ele>160.95425</ele>
<time>2026-05-08T09:26:17Z</time>
</trkpt>
<trkpt lat="45.47319424" lon="8.60087083">
<ele>160.67416</ele>
<time>2026-05-08T09:26:18Z</time>
</trkpt>
<trkpt lat="45.47312151" lon="8.60131564">
<ele>160.3518</ele>
<time>2026-05-08T09:26:19Z</time>
</trkpt>
<trkpt lat="45.47304798" lon="8.60175947">
<ele>160.077</ele>
<time>2026-05-08T09:26:20Z</time>
</trkpt>
<trkpt lat="45.47297314" lon="8.60221833">
<ele>159.97131</ele>
<time>2026-05-08T09:26:21Z</time>
</trkpt>
<trkpt lat="45.47290274" lon="8.6026486">
<ele>159.77051</ele>
<time>2026-05-08T09:26:22Z</time>
</trkpt>
<trkpt lat="45.47283097" lon="8.60309359">
<ele>159.57497</ele>
<time>2026-05-08T09:26:23Z</time>
</trkpt>
<trkpt lat="45.47276048" lon="8.60353881">
<ele>159.35301</ele>
<time>2026-05-08T09:26:24Z</time>
</trkpt>
<trkpt lat="45.47269099" lon="8.60398518">
<ele>159.14691</ele>
<time>2026-05-08T09:26:25Z</time>
</trkpt>
<trkpt lat="45.472622" lon="8.60443129">
<ele>158.89853</ele>
<time>2026-05-08T09:26:26Z</time>
</trkpt>
<trkpt lat="45.47255364" lon="8.60487653">
<ele>158.71358</ele>
<time>2026-05-08T09:26:27Z</time>
</trkpt>
<trkpt lat="45.47248485" lon="8.60532699">
<ele>158.61316</ele>
<time>2026-05-08T09:26:28Z</time>
</trkpt>
<trkpt lat="45.47241671" lon="8.60577253">
<ele>158.50748</ele>
<time>2026-05-08T09:26:29Z</time>
</trkpt>
<trkpt lat="45.47234791" lon="8.60621889">
<ele>158.48105</ele>
<time>2026-05-08T09:26:30Z</time>
</trkpt>
<trkpt lat="45.47227916" lon="8.6066655">
<ele>158.48633</ele>
<time>2026-05-08T09:26:31Z</time>
</trkpt>
<trkpt lat="45.47221052" lon="8.60711199">
<ele>158.68187</ele>
<time>2026-05-08T09:26:32Z</time>
</trkpt>
<trkpt lat="45.47214349" lon="8.60754377">
<ele>158.75056</ele>
<time>2026-05-08T09:26:33Z</time>
</trkpt>
<trkpt lat="45.47207304" lon="8.60800352">
<ele>158.89853</ele>
<time>2026-05-08T09:26:34Z</time>
</trkpt>
<trkpt lat="45.47200479" lon="8.60845018">
<ele>159.1152</ele>
<time>2026-05-08T09:26:35Z</time>
</trkpt>
<trkpt lat="45.47186798" lon="8.60934207">
<ele>159.35829</ele>
<time>2026-05-08T09:26:36Z</time>
</trkpt>
<trkpt lat="45.47179947" lon="8.60978776">
<ele>159.62782</ele>
<time>2026-05-08T09:26:37Z</time>
</trkpt>
<trkpt lat="45.47173024" lon="8.61023456">
<ele>159.88148</ele>
<time>2026-05-08T09:26:38Z</time>
</trkpt>
<trkpt lat="45.47166124" lon="8.61068">
<ele>160.18799</ele>
<time>2026-05-08T09:26:39Z</time>
</trkpt>
<trkpt lat="45.4715925" lon="8.6111258">
<ele>160.5262</ele>
<time>2026-05-08T09:26:40Z</time>
</trkpt>
<trkpt lat="45.47152395" lon="8.61157121">
<ele>161.02295</ele>
<time>2026-05-08T09:26:41Z</time>
</trkpt>
<trkpt lat="45.47145556" lon="8.61201636">
<ele>161.40346</ele>
<time>2026-05-08T09:26:42Z</time>
</trkpt>
<trkpt lat="45.47138708" lon="8.61246331">
<ele>161.70996</ele>
<time>2026-05-08T09:26:43Z</time>
</trkpt>
<trkpt lat="45.47131555" lon="8.61292338">
<ele>161.91078</ele>
<time>2026-05-08T09:26:44Z</time>
</trkpt>
<trkpt lat="45.47124842" lon="8.61335974">
<ele>162.19086</ele>
<time>2026-05-08T09:26:45Z</time>
</trkpt>
<trkpt lat="45.47117954" lon="8.61380148">
<ele>162.42867</ele>
<time>2026-05-08T09:26:46Z</time>
</trkpt>
<trkpt lat="45.47110993" lon="8.61425268">
<ele>162.72462</ele>
<time>2026-05-08T09:26:47Z</time>
</trkpt>
<trkpt lat="45.4710433" lon="8.61468459">
<ele>163.0417</ele>
<time>2026-05-08T09:26:48Z</time>
</trkpt>
<trkpt lat="45.47097246" lon="8.61514555">
<ele>163.2795</ele>
<time>2026-05-08T09:26:49Z</time>
</trkpt>
<trkpt lat="45.47090335" lon="8.61559325">
<ele>163.42747</ele>
<time>2026-05-08T09:26:50Z</time>
</trkpt>
<trkpt lat="45.47083446" lon="8.61603992">
<ele>163.50674</ele>
<time>2026-05-08T09:26:51Z</time>
</trkpt>
<trkpt lat="45.47076552" lon="8.61648657">
<ele>163.63887</ele>
<time>2026-05-08T09:26:52Z</time>
</trkpt>
<trkpt lat="45.47069722" lon="8.61692824">
<ele>163.67055</ele>
<time>2026-05-08T09:26:53Z</time>
</trkpt>
<trkpt lat="45.47062736" lon="8.61737971">
<ele>163.66527</ele>
<time>2026-05-08T09:26:54Z</time>
</trkpt>
<trkpt lat="45.47055967" lon="8.61782631">
<ele>163.4856</ele>
<time>2026-05-08T09:26:55Z</time>
</trkpt>
<trkpt lat="45.47049479" lon="8.6182584">
<ele>163.26364</ele>
<time>2026-05-08T09:26:56Z</time>
</trkpt>
<trkpt lat="45.47042537" lon="8.61871939">
<ele>163.02583</ele>
<time>2026-05-08T09:26:57Z</time>
</trkpt>
<trkpt lat="45.47035977" lon="8.61916619">
<ele>162.6982</ele>
<time>2026-05-08T09:26:58Z</time>
</trkpt>
<trkpt lat="45.4702941" lon="8.61961343">
<ele>162.30713</ele>
<time>2026-05-08T09:26:59Z</time>
</trkpt>
<trkpt lat="45.47023098" lon="8.62006044">
<ele>161.82622</ele>
<time>2026-05-08T09:27:00Z</time>
</trkpt>
<trkpt lat="45.47016928" lon="8.62050901">
<ele>161.31891</ele>
<time>2026-05-08T09:27:01Z</time>
</trkpt>
<trkpt lat="45.47010935" lon="8.62095689">
<ele>160.7323</ele>
<time>2026-05-08T09:27:02Z</time>
</trkpt>
<trkpt lat="45.47005097" lon="8.62140579">
<ele>160.17741</ele>
<time>2026-05-08T09:27:03Z</time>
</trkpt>
<trkpt lat="45.46999462" lon="8.6218562">
<ele>159.81277</ele>
<time>2026-05-08T09:27:04Z</time>
</trkpt>
<trkpt lat="45.46993975" lon="8.62230549">
<ele>159.66481</ele>
<time>2026-05-08T09:27:05Z</time>
</trkpt>
<trkpt lat="45.46988604" lon="8.62275429">
<ele>159.23676</ele>
<time>2026-05-08T09:27:06Z</time>
</trkpt>
<trkpt lat="45.46983408" lon="8.6232044">
<ele>158.8404</ele>
<time>2026-05-08T09:27:07Z</time>
</trkpt>
<trkpt lat="45.46978115" lon="8.62366851">
<ele>158.61316</ele>
<time>2026-05-08T09:27:08Z</time>
</trkpt>
<trkpt lat="45.46972986" lon="8.6241024">
<ele>158.52863</ele>
<time>2026-05-08T09:27:09Z</time>
</trkpt>
<trkpt lat="45.4696761" lon="8.62455246">
<ele>158.34892</ele>
<time>2026-05-08T09:27:10Z</time>
</trkpt>
<trkpt lat="45.46962201" lon="8.62500236">
<ele>158.30136</ele>
<time>2026-05-08T09:27:11Z</time>
</trkpt>
<trkpt lat="45.46957171" lon="8.62545365">
<ele>158.24323</ele>
<time>2026-05-08T09:27:12Z</time>
</trkpt>
<trkpt lat="45.46952655" lon="8.62590641">
<ele>158.24323</ele>
<time>2026-05-08T09:27:13Z</time>
</trkpt>
<trkpt lat="45.4694854" lon="8.62636057">
<ele>158.31194</ele>
<time>2026-05-08T09:27:14Z</time>
</trkpt>
<trkpt lat="45.46944639" lon="8.62681547">
<ele>158.56561</ele>
<time>2026-05-08T09:27:15Z</time>
</trkpt>
<trkpt lat="45.46940789" lon="8.62728567">
<ele>158.45462</ele>
<time>2026-05-08T09:27:16Z</time>
</trkpt>
<trkpt lat="45.46937298" lon="8.62772618">
<ele>158.45992</ele>
<time>2026-05-08T09:27:17Z</time>
</trkpt>
<trkpt lat="45.4693393" lon="8.62818138">
<ele>158.71886</ele>
<time>2026-05-08T09:27:18Z</time>
</trkpt>
<trkpt lat="45.46930721" lon="8.62863562">
<ele>158.5973</ele>
<time>2026-05-08T09:27:19Z</time>
</trkpt>
<trkpt lat="45.46927773" lon="8.6290897">
<ele>158.54446</ele>
<time>2026-05-08T09:27:20Z</time>
</trkpt>
<trkpt lat="45.46924921" lon="8.62954493">
<ele>158.51804</ele>
<time>2026-05-08T09:27:21Z</time>
</trkpt>
<trkpt lat="45.46922216" lon="8.63000441">
<ele>158.50748</ele>
<time>2026-05-08T09:27:22Z</time>
</trkpt>
<trkpt lat="45.46919645" lon="8.63045959">
<ele>158.38063</ele>
<time>2026-05-08T09:27:23Z</time>
</trkpt>
<trkpt lat="45.46917196" lon="8.63091388">
<ele>158.14284</ele>
<time>2026-05-08T09:27:24Z</time>
</trkpt>
<trkpt lat="45.46915049" lon="8.63136844">
<ele>158.14812</ele>
<time>2026-05-08T09:27:25Z</time>
</trkpt>
<trkpt lat="45.46912986" lon="8.63182399">
<ele>157.7412</ele>
<time>2026-05-08T09:27:26Z</time>
</trkpt>
<trkpt lat="45.46911037" lon="8.63227836">
<ele>157.3607</ele>
<time>2026-05-08T09:27:27Z</time>
</trkpt>
<trkpt lat="45.46909227" lon="8.63271891">
<ele>157.12819</ele>
<time>2026-05-08T09:27:28Z</time>
</trkpt>
<trkpt lat="45.46907426" lon="8.63318953">
<ele>156.89037</ele>
<time>2026-05-08T09:27:29Z</time>
</trkpt>
<trkpt lat="45.46905959" lon="8.63364531">
<ele>156.62085</ele>
<time>2026-05-08T09:27:30Z</time>
</trkpt>
<trkpt lat="45.46904631" lon="8.63410184">
<ele>156.34605</ele>
<time>2026-05-08T09:27:31Z</time>
</trkpt>
<trkpt lat="45.46903538" lon="8.63455821">
<ele>156.16637</ele>
<time>2026-05-08T09:27:32Z</time>
</trkpt>
<trkpt lat="45.46902592" lon="8.63501411">
<ele>155.93913</ele>
<time>2026-05-08T09:27:33Z</time>
</trkpt>
<trkpt lat="45.46901751" lon="8.63547115">
<ele>155.72247</ele>
<time>2026-05-08T09:27:34Z</time>
</trkpt>
<trkpt lat="45.4690108" lon="8.63593034">
<ele>155.48465</ele>
<time>2026-05-08T09:27:35Z</time>
</trkpt>
<trkpt lat="45.46900258" lon="8.63637717">
<ele>155.31026</ele>
<time>2026-05-08T09:27:36Z</time>
</trkpt>
<trkpt lat="45.46899407" lon="8.63684778">
<ele>155.08832</ele>
<time>2026-05-08T09:27:37Z</time>
</trkpt>
<trkpt lat="45.46898559" lon="8.63730397">
<ele>154.83994</ele>
<time>2026-05-08T09:27:38Z</time>
</trkpt>
<trkpt lat="45.46897778" lon="8.63775586">
<ele>154.61798</ele>
<time>2026-05-08T09:27:39Z</time>
</trkpt>
<trkpt lat="45.46897074" lon="8.63822548">
<ele>154.45944</ele>
<time>2026-05-08T09:27:40Z</time>
</trkpt>
<trkpt lat="45.46896363" lon="8.63866858">
<ele>154.35374</ele>
<time>2026-05-08T09:27:41Z</time>
</trkpt>
<trkpt lat="45.46895712" lon="8.63912897">
<ele>154.29033</ele>
<time>2026-05-08T09:27:42Z</time>
</trkpt>
<trkpt lat="45.46895042" lon="8.63958531">
<ele>154.1635</ele>
<time>2026-05-08T09:27:43Z</time>
</trkpt>
<trkpt lat="45.46894371" lon="8.64003902">
<ele>153.98383</ele>
<time>2026-05-08T09:27:44Z</time>
</trkpt>
<trkpt lat="45.46893656" lon="8.64049498">
<ele>153.88342</ele>
<time>2026-05-08T09:27:45Z</time>
</trkpt>
<trkpt lat="45.46892939" lon="8.64095104">
<ele>153.8887</ele>
<time>2026-05-08T09:27:46Z</time>
</trkpt>
<trkpt lat="45.46892222" lon="8.64140416">
<ele>153.84114</ele>
<time>2026-05-08T09:27:47Z</time>
</trkpt>
<trkpt lat="45.46891558" lon="8.64185769">
<ele>154.08421</ele>
<time>2026-05-08T09:27:48Z</time>
</trkpt>
<trkpt lat="45.46890907" lon="8.64230183">
<ele>154.06837</ele>
<time>2026-05-08T09:27:49Z</time>
</trkpt>
<trkpt lat="45.46890175" lon="8.64274125">
<ele>153.9891</ele>
<time>2026-05-08T09:27:50Z</time>
</trkpt>
<trkpt lat="45.46889485" lon="8.64318144">
<ele>154.01024</ele>
<time>2026-05-08T09:27:51Z</time>
</trkpt>
<trkpt lat="45.46888773" lon="8.64360818">
<ele>154.12651</ele>
<time>2026-05-08T09:27:52Z</time>
</trkpt>
<trkpt lat="45.46888058" lon="8.64406316">
<ele>154.24805</ele>
<time>2026-05-08T09:27:53Z</time>
</trkpt>
<trkpt lat="45.46887792" lon="8.64450311">
<ele>154.41716</ele>
<time>2026-05-08T09:27:54Z</time>
</trkpt>
<trkpt lat="45.46887793" lon="8.64494106">
<ele>154.58098</ele>
<time>2026-05-08T09:27:55Z</time>
</trkpt>
<trkpt lat="45.4688787" lon="8.64537829">
<ele>154.83994</ele>
<time>2026-05-08T09:27:56Z</time>
</trkpt>
<trkpt lat="45.46887824" lon="8.6458208">
<ele>155.0936</ele>
<time>2026-05-08T09:27:57Z</time>
</trkpt>
<trkpt lat="45.46887577" lon="8.6462713">
<ele>155.45822</ele>
<time>2026-05-08T09:27:58Z</time>
</trkpt>
<trkpt lat="45.46887094" lon="8.64672616">
<ele>156.13995</ele>
<time>2026-05-08T09:27:59Z</time>
</trkpt>
<trkpt lat="45.46886417" lon="8.64718335">
<ele>156.54158</ele>
<time>2026-05-08T09:28:00Z</time>
</trkpt>
<trkpt lat="45.4688568" lon="8.64764051">
<ele>156.86923</ele>
<time>2026-05-08T09:28:01Z</time>
</trkpt>
<trkpt lat="45.46884972" lon="8.6480979">
<ele>157.20744</ele>
<time>2026-05-08T09:28:02Z</time>
</trkpt>
<trkpt lat="45.46884234" lon="8.6485557">
<ele>157.55095</ele>
<time>2026-05-08T09:28:03Z</time>
</trkpt>
<trkpt lat="45.46883515" lon="8.64902718">
<ele>157.76762</ele>
<time>2026-05-08T09:28:04Z</time>
</trkpt>
<trkpt lat="45.46882811" lon="8.6494695">
<ele>157.9473</ele>
<time>2026-05-08T09:28:05Z</time>
</trkpt>
<trkpt lat="45.46882133" lon="8.64992649">
<ele>157.99486</ele>
<time>2026-05-08T09:28:06Z</time>
</trkpt>
<trkpt lat="45.46881395" lon="8.65038278">
<ele>158.00015</ele>
<time>2026-05-08T09:28:07Z</time>
</trkpt>
<trkpt lat="45.46880618" lon="8.65083932">
<ele>157.94202</ele>
<time>2026-05-08T09:28:08Z</time>
</trkpt>
<trkpt lat="45.46879903" lon="8.65129592">
<ele>157.64607</ele>
<time>2026-05-08T09:28:09Z</time>
</trkpt>
<trkpt lat="45.4687912" lon="8.65175156">
<ele>157.28143</ele>
<time>2026-05-08T09:28:10Z</time>
</trkpt>
<trkpt lat="45.46878364" lon="8.65220776">
<ele>156.88509</ele>
<time>2026-05-08T09:28:11Z</time>
</trkpt>
<trkpt lat="45.46877508" lon="8.65267797">
<ele>156.48874</ele>
<time>2026-05-08T09:28:12Z</time>
</trkpt>
<trkpt lat="45.4687638" lon="8.65311807">
<ele>156.07654</ele>
<time>2026-05-08T09:28:13Z</time>
</trkpt>
<trkpt lat="45.4687499" lon="8.65357238">
<ele>155.7172</ele>
<time>2026-05-08T09:28:14Z</time>
</trkpt>
<trkpt lat="45.46873379" lon="8.65402712">
<ele>155.31026</ele>
<time>2026-05-08T09:28:15Z</time>
</trkpt>
<trkpt lat="45.46871897" lon="8.65448217">
<ele>154.79767</ele>
<time>2026-05-08T09:28:16Z</time>
</trkpt>
<trkpt lat="45.46870789" lon="8.65494351">
<ele>154.3643</ele>
<time>2026-05-08T09:28:17Z</time>
</trkpt>
<trkpt lat="45.46869891" lon="8.65540038">
<ele>153.98383</ele>
<time>2026-05-08T09:28:18Z</time>
</trkpt>
<trkpt lat="45.46869101" lon="8.65585703">
<ele>153.62447</ele>
<time>2026-05-08T09:28:19Z</time>
</trkpt>
<trkpt lat="45.46868443" lon="8.65631266">
<ele>153.4395</ele>
<time>2026-05-08T09:28:20Z</time>
</trkpt>
<trkpt lat="45.46867763" lon="8.65676938">
<ele>153.20699</ele>
<time>2026-05-08T09:28:21Z</time>
</trkpt>
<trkpt lat="45.46867105" lon="8.65722635">
<ele>152.8899</ele>
<time>2026-05-08T09:28:22Z</time>
</trkpt>
<trkpt lat="45.46866441" lon="8.65768236">
<ele>152.59924</ele>
<time>2026-05-08T09:28:23Z</time>
</trkpt>
<trkpt lat="45.46865778" lon="8.65812468">
<ele>152.36143</ele>
<time>2026-05-08T09:28:24Z</time>
</trkpt>
<trkpt lat="45.46865033" lon="8.65859612">
<ele>152.18704</ele>
<time>2026-05-08T09:28:25Z</time>
</trkpt>
<trkpt lat="45.46864296" lon="8.6590524">
<ele>152.08134</ele>
<time>2026-05-08T09:28:26Z</time>
</trkpt>
<trkpt lat="45.46863548" lon="8.65951008">
<ele>151.98624</ele>
<time>2026-05-08T09:28:27Z</time>
</trkpt>
<trkpt lat="45.46862854" lon="8.65996723">
<ele>151.87524</ele>
<time>2026-05-08T09:28:28Z</time>
</trkpt>
<trkpt lat="45.46862042" lon="8.66042365">
<ele>151.7854</ele>
<time>2026-05-08T09:28:29Z</time>
</trkpt>
<trkpt lat="45.4686136" lon="8.66088092">
<ele>151.67972</ele>
<time>2026-05-08T09:28:30Z</time>
</trkpt>
<trkpt lat="45.46860594" lon="8.66133784">
<ele>151.58987</ele>
<time>2026-05-08T09:28:31Z</time>
</trkpt>
<trkpt lat="45.46859899" lon="8.66178432">
<ele>151.50533</ele>
<time>2026-05-08T09:28:32Z</time>
</trkpt>
<trkpt lat="45.46859139" lon="8.66225631">
<ele>151.39435</ele>
<time>2026-05-08T09:28:33Z</time>
</trkpt>
<trkpt lat="45.46858527" lon="8.66271273">
<ele>151.26752</ele>
<time>2026-05-08T09:28:34Z</time>
</trkpt>
<trkpt lat="45.46857808" lon="8.66316947">
<ele>151.13539</ele>
<time>2026-05-08T09:28:35Z</time>
</trkpt>
<trkpt lat="45.4685706" lon="8.66362609">
<ele>151.05084</ele>
<time>2026-05-08T09:28:36Z</time>
</trkpt>
<trkpt lat="45.46856326" lon="8.66407763">
<ele>151.13539</ele>
<time>2026-05-08T09:28:37Z</time>
</trkpt>
<trkpt lat="45.46855638" lon="8.6645384">
<ele>151.42606</ele>
<time>2026-05-08T09:28:38Z</time>
</trkpt>
<trkpt lat="45.46854895" lon="8.66499063">
<ele>151.28865</ele>
<time>2026-05-08T09:28:39Z</time>
</trkpt>
<trkpt lat="45.46854123" lon="8.66543776">
<ele>151.24638</ele>
<time>2026-05-08T09:28:40Z</time>
</trkpt>
<trkpt lat="45.46853407" lon="8.66590949">
<ele>151.23581</ele>
<time>2026-05-08T09:28:41Z</time>
</trkpt>
<trkpt lat="45.46852603" lon="8.66636176">
<ele>151.27808</ele>
<time>2026-05-08T09:28:42Z</time>
</trkpt>
<trkpt lat="45.46851889" lon="8.66681804">
<ele>151.3045</ele>
<time>2026-05-08T09:28:43Z</time>
</trkpt>
<trkpt lat="45.46851219" lon="8.66727966">
<ele>151.2728</ele>
<time>2026-05-08T09:28:44Z</time>
</trkpt>
<trkpt lat="45.46850478" lon="8.66773208">
<ele>151.23053</ele>
<time>2026-05-08T09:28:45Z</time>
</trkpt>
<trkpt lat="45.46849773" lon="8.66819276">
<ele>151.20938</ele>
<time>2026-05-08T09:28:46Z</time>
</trkpt>
<trkpt lat="45.46849019" lon="8.66865026">
<ele>151.15125</ele>
<time>2026-05-08T09:28:47Z</time>
</trkpt>
<trkpt lat="45.46848397" lon="8.66909228">
<ele>151.0667</ele>
<time>2026-05-08T09:28:48Z</time>
</trkpt>
<trkpt lat="45.46847669" lon="8.66956233">
<ele>150.98743</ele>
<time>2026-05-08T09:28:49Z</time>
</trkpt>
<trkpt lat="45.46846893" lon="8.67001916">
<ele>150.95572</ele>
<time>2026-05-08T09:28:50Z</time>
</trkpt>
<trkpt lat="45.46846137" lon="8.6704757">
<ele>150.86588</ele>
<time>2026-05-08T09:28:51Z</time>
</trkpt>
<trkpt lat="45.46845391" lon="8.67093296">
<ele>150.83417</ele>
<time>2026-05-08T09:28:52Z</time>
</trkpt>
<trkpt lat="45.46844605" lon="8.67139017">
<ele>150.76547</ele>
<time>2026-05-08T09:28:53Z</time>
</trkpt>
<trkpt lat="45.46843903" lon="8.67184672">
<ele>150.74434</ele>
<time>2026-05-08T09:28:54Z</time>
</trkpt>
<trkpt lat="45.46843199" lon="8.67230277">
<ele>150.64922</ele>
<time>2026-05-08T09:28:55Z</time>
</trkpt>
<trkpt lat="45.46842496" lon="8.6727581">
<ele>150.57523</ele>
<time>2026-05-08T09:28:56Z</time>
</trkpt>
<trkpt lat="45.46841754" lon="8.67321482">
<ele>150.69676</ele>
<time>2026-05-08T09:28:57Z</time>
</trkpt>
<trkpt lat="45.46841042" lon="8.67367054">
<ele>150.63864</ele>
<time>2026-05-08T09:28:58Z</time>
</trkpt>
<trkpt lat="45.46840298" lon="8.67412685">
<ele>150.56995</ele>
<time>2026-05-08T09:28:59Z</time>
</trkpt>
<trkpt lat="45.46839489" lon="8.67459801">
<ele>150.73906</ele>
<time>2026-05-08T09:29:00Z</time>
</trkpt>
<trkpt lat="45.46838833" lon="8.67503916">
<ele>150.67035</ele>
<time>2026-05-08T09:29:01Z</time>
</trkpt>
<trkpt lat="45.46838081" lon="8.67549703">
<ele>150.71263</ele>
<time>2026-05-08T09:29:02Z</time>
</trkpt>
<trkpt lat="45.46837325" lon="8.67595411">
<ele>150.69676</ele>
<time>2026-05-08T09:29:03Z</time>
</trkpt>
<trkpt lat="45.46836594" lon="8.67640983">
<ele>150.6545</ele>
<time>2026-05-08T09:29:04Z</time>
</trkpt>
<trkpt lat="45.46835889" lon="8.67686666">
<ele>150.62808</ele>
<time>2026-05-08T09:29:05Z</time>
</trkpt>
<trkpt lat="45.46835168" lon="8.67732265">
<ele>150.55937</ele>
<time>2026-05-08T09:29:06Z</time>
</trkpt>
<trkpt lat="45.46834451" lon="8.67777889">
<ele>150.51181</ele>
<time>2026-05-08T09:29:07Z</time>
</trkpt>
<trkpt lat="45.4683364" lon="8.67825009">
<ele>150.5858</ele>
<time>2026-05-08T09:29:08Z</time>
</trkpt>
<trkpt lat="45.46832896" lon="8.67869234">
<ele>150.54352</ele>
<time>2026-05-08T09:29:09Z</time>
</trkpt>
<trkpt lat="45.46832123" lon="8.67914764">
<ele>150.49596</ele>
<time>2026-05-08T09:29:10Z</time>
</trkpt>
<trkpt lat="45.46831326" lon="8.67960398">
<ele>150.46425</ele>
<time>2026-05-08T09:29:11Z</time>
</trkpt>
<trkpt lat="45.46830563" lon="8.6800601">
<ele>150.44312</ele>
<time>2026-05-08T09:29:12Z</time>
</trkpt>
<trkpt lat="45.46829873" lon="8.68051491">
<ele>150.44312</ele>
<time>2026-05-08T09:29:13Z</time>
</trkpt>
<trkpt lat="45.46829229" lon="8.68097946">
<ele>150.85532</ele>
<time>2026-05-08T09:29:14Z</time>
</trkpt>
<trkpt lat="45.46828511" lon="8.68143086">
<ele>150.9293</ele>
<time>2026-05-08T09:29:15Z</time>
</trkpt>
<trkpt lat="45.46827792" lon="8.68188706">
<ele>151.12483</ele>
<time>2026-05-08T09:29:16Z</time>
</trkpt>
<trkpt lat="45.46827047" lon="8.68234387">
<ele>151.44719</ele>
<time>2026-05-08T09:29:17Z</time>
</trkpt>
<trkpt lat="45.46826247" lon="8.68280133">
<ele>151.76955</ele>
<time>2026-05-08T09:29:18Z</time>
</trkpt>
<trkpt lat="45.46825443" lon="8.68325801">
<ele>152.12363</ele>
<time>2026-05-08T09:29:19Z</time>
</trkpt>
<trkpt lat="45.4682469" lon="8.6837001">
<ele>152.5147</ele>
<time>2026-05-08T09:29:20Z</time>
</trkpt>
<trkpt lat="45.46823907" lon="8.68417215">
<ele>152.8212</ele>
<time>2026-05-08T09:29:21Z</time>
</trkpt>
<trkpt lat="45.46823683" lon="8.68462957">
<ele>153.133</ele>
<time>2026-05-08T09:29:22Z</time>
</trkpt>
<trkpt lat="45.46823609" lon="8.68508724">
<ele>153.44478</ele>
<time>2026-05-08T09:29:23Z</time>
</trkpt>
<trkpt lat="45.46823719" lon="8.6855453">
<ele>153.76715</ele>
<time>2026-05-08T09:29:24Z</time>
</trkpt>
<trkpt lat="45.46823828" lon="8.68600251">
<ele>154.01552</ele>
<time>2026-05-08T09:29:25Z</time>
</trkpt>
<trkpt lat="45.46823472" lon="8.68645998">
<ele>154.2692</ele>
<time>2026-05-08T09:29:26Z</time>
</trkpt>
<trkpt lat="45.46822993" lon="8.68691736">
<ele>154.62326</ele>
<time>2026-05-08T09:29:27Z</time>
</trkpt>
<trkpt lat="45.46822289" lon="8.68737409">
<ele>154.83466</ele>
<time>2026-05-08T09:29:28Z</time>
</trkpt>
<trkpt lat="45.46821529" lon="8.68783037">
<ele>154.97734</ele>
<time>2026-05-08T09:29:29Z</time>
</trkpt>
<trkpt lat="45.46820714" lon="8.68829161">
<ele>155.02489</ele>
<time>2026-05-08T09:29:30Z</time>
</trkpt>
<trkpt lat="45.46819952" lon="8.68874349">
<ele>155.04076</ele>
<time>2026-05-08T09:29:31Z</time>
</trkpt>
<trkpt lat="45.46819229" lon="8.68921328">
<ele>154.97734</ele>
<time>2026-05-08T09:29:32Z</time>
</trkpt>
<trkpt lat="45.46818539" lon="8.68965448">
<ele>154.76067</ele>
<time>2026-05-08T09:29:33Z</time>
</trkpt>
<trkpt lat="45.46817773" lon="8.69010999">
<ele>154.49115</ele>
<time>2026-05-08T09:29:34Z</time>
</trkpt>
<trkpt lat="45.46816986" lon="8.69057118">
<ele>154.2005</ele>
<time>2026-05-08T09:29:35Z</time>
</trkpt>
<trkpt lat="45.46816228" lon="8.69101226">
<ele>153.95212</ele>
<time>2026-05-08T09:29:36Z</time>
</trkpt>
<trkpt lat="45.4681544" lon="8.69147625">
<ele>153.6826</ele>
<time>2026-05-08T09:29:37Z</time>
</trkpt>
<trkpt lat="45.46814771" lon="8.69191586">
<ele>153.37608</ele>
<time>2026-05-08T09:29:38Z</time>
</trkpt>
<trkpt lat="45.46814124" lon="8.69233803">
<ele>152.99559</ele>
<time>2026-05-08T09:29:39Z</time>
</trkpt>
<trkpt lat="45.46813418" lon="8.69277219">
<ele>152.60454</ele>
<time>2026-05-08T09:29:40Z</time>
</trkpt>
<trkpt lat="45.46812712" lon="8.69318286">
<ele>152.28745</ele>
<time>2026-05-08T09:29:41Z</time>
</trkpt>
<trkpt lat="45.46812024" lon="8.69361528">
<ele>152.06549</ele>
<time>2026-05-08T09:29:42Z</time>
</trkpt>
<trkpt lat="45.46811308" lon="8.69405938">
<ele>151.96509</ele>
<time>2026-05-08T09:29:43Z</time>
</trkpt>
<trkpt lat="45.46810554" lon="8.69450076">
<ele>151.9968</ele>
<time>2026-05-08T09:29:44Z</time>
</trkpt>
<trkpt lat="45.46809784" lon="8.6949728">
<ele>151.85939</ele>
<time>2026-05-08T09:29:45Z</time>
</trkpt>
<trkpt lat="45.46809034" lon="8.69543051">
<ele>151.68501</ele>
<time>2026-05-08T09:29:46Z</time>
</trkpt>
<trkpt lat="45.46808343" lon="8.6958889">
<ele>151.5106</ele>
<time>2026-05-08T09:29:47Z</time>
</trkpt>
<trkpt lat="45.46807562" lon="8.69634624">
<ele>151.3045</ele>
<time>2026-05-08T09:29:48Z</time>
</trkpt>
<trkpt lat="45.46806872" lon="8.69680326">
<ele>151.39435</ele>
<time>2026-05-08T09:29:49Z</time>
</trkpt>
<trkpt lat="45.4680624" lon="8.6972595">
<ele>151.52646</ele>
<time>2026-05-08T09:29:50Z</time>
</trkpt>
<trkpt lat="45.46805527" lon="8.69771587">
<ele>151.17767</ele>
<time>2026-05-08T09:29:51Z</time>
</trkpt>
<trkpt lat="45.46804714" lon="8.69817164">
<ele>151.14069</ele>
<time>2026-05-08T09:29:52Z</time>
</trkpt>
<trkpt lat="45.46803898" lon="8.69862836">
<ele>151.26224</ele>
<time>2026-05-08T09:29:53Z</time>
</trkpt>
<trkpt lat="45.46802947" lon="8.69908497">
<ele>151.2728</ele>
<time>2026-05-08T09:29:54Z</time>
</trkpt>
<trkpt lat="45.46801727" lon="8.69954166">
<ele>151.39963</ele>
<time>2026-05-08T09:29:55Z</time>
</trkpt>
<trkpt lat="45.46800123" lon="8.70001312">
<ele>151.44191</ele>
<time>2026-05-08T09:29:56Z</time>
</trkpt>
<trkpt lat="45.46798504" lon="8.70045437">
<ele>151.57402</ele>
<time>2026-05-08T09:29:57Z</time>
</trkpt>
<trkpt lat="45.46797037" lon="8.7009105">
<ele>151.62158</ele>
<time>2026-05-08T09:29:58Z</time>
</trkpt>
<trkpt lat="45.46795963" lon="8.7013663">
<ele>151.79597</ele>
<time>2026-05-08T09:29:59Z</time>
</trkpt>
<trkpt lat="45.46795052" lon="8.70182342">
<ele>151.83826</ele>
<time>2026-05-08T09:30:00Z</time>
</trkpt>
<trkpt lat="45.46794342" lon="8.70227904">
<ele>151.80127</ele>
<time>2026-05-08T09:30:01Z</time>
</trkpt>
<trkpt lat="45.46793664" lon="8.70273183">
<ele>151.7167</ele>
<time>2026-05-08T09:30:02Z</time>
</trkpt>
<trkpt lat="45.46793061" lon="8.7031759">
<ele>151.5476</ele>
<time>2026-05-08T09:30:03Z</time>
</trkpt>
<trkpt lat="45.4679241" lon="8.7036306">
<ele>151.3045</ele>
<time>2026-05-08T09:30:04Z</time>
</trkpt>
<trkpt lat="45.46791738" lon="8.70405684">
<ele>151.02971</ele>
<time>2026-05-08T09:30:05Z</time>
</trkpt>
<trkpt lat="45.46791441" lon="8.70449998">
<ele>150.72319</ele>
<time>2026-05-08T09:30:06Z</time>
</trkpt>
<trkpt lat="45.46791385" lon="8.7049433">
<ele>150.37968</ele>
<time>2026-05-08T09:30:07Z</time>
</trkpt>
<trkpt lat="45.46791423" lon="8.70538952">
<ele>149.9992</ele>
<time>2026-05-08T09:30:08Z</time>
</trkpt>
<trkpt lat="45.46791418" lon="8.70583886">
<ele>149.65042</ele>
<time>2026-05-08T09:30:09Z</time>
</trkpt>
<trkpt lat="45.46791209" lon="8.70629423">
<ele>149.35448</ele>
<time>2026-05-08T09:30:10Z</time>
</trkpt>
<trkpt lat="45.46790719" lon="8.70675045">
<ele>149.1748</ele>
<time>2026-05-08T09:30:11Z</time>
</trkpt>
<trkpt lat="45.46790055" lon="8.70721024">
<ele>149.07968</ele>
<time>2026-05-08T09:30:12Z</time>
</trkpt>
<trkpt lat="45.46789294" lon="8.7076659">
<ele>148.86829</ele>
<time>2026-05-08T09:30:13Z</time>
</trkpt>
<trkpt lat="45.46788471" lon="8.7081219">
<ele>148.65161</ele>
<time>2026-05-08T09:30:14Z</time>
</trkpt>
<trkpt lat="45.46787666" lon="8.70857803">
<ele>148.49837</ele>
<time>2026-05-08T09:30:15Z</time>
</trkpt>
<trkpt lat="45.46786905" lon="8.70902331">
<ele>148.42438</ele>
<time>2026-05-08T09:30:16Z</time>
</trkpt>
<trkpt lat="45.46786186" lon="8.70948957">
<ele>148.79959</ele>
<time>2026-05-08T09:30:17Z</time>
</trkpt>
<trkpt lat="45.46785484" lon="8.70994668">
<ele>148.81015</ele>
<time>2026-05-08T09:30:18Z</time>
</trkpt>
<trkpt lat="45.46784707" lon="8.71040238">
<ele>148.97398</ele>
<time>2026-05-08T09:30:19Z</time>
</trkpt>
<trkpt lat="45.46783846" lon="8.7108594">
<ele>149.15366</ele>
<time>2026-05-08T09:30:20Z</time>
</trkpt>
<trkpt lat="45.46782572" lon="8.71131544">
<ele>149.42317</ele>
<time>2026-05-08T09:30:21Z</time>
</trkpt>
<trkpt lat="45.46781069" lon="8.71177199">
<ele>149.6187</ele>
<time>2026-05-08T09:30:22Z</time>
</trkpt>
<trkpt lat="45.46779486" lon="8.71222902">
<ele>149.68741</ele>
<time>2026-05-08T09:30:23Z</time>
</trkpt>
<trkpt lat="45.46778016" lon="8.71267577">
<ele>149.70854</ele>
<time>2026-05-08T09:30:24Z</time>
</trkpt>
<trkpt lat="45.46776933" lon="8.71314255">
<ele>149.7244</ele>
<time>2026-05-08T09:30:25Z</time>
</trkpt>
<trkpt lat="45.46776041" lon="8.71359963">
<ele>149.67685</ele>
<time>2026-05-08T09:30:26Z</time>
</trkpt>
<trkpt lat="45.46775266" lon="8.71405958">
<ele>149.61342</ele>
<time>2026-05-08T09:30:27Z</time>
</trkpt>
<trkpt lat="45.46774489" lon="8.71452631">
<ele>149.57643</ele>
<time>2026-05-08T09:30:28Z</time>
</trkpt>
<trkpt lat="45.46773828" lon="8.7149685">
<ele>149.57643</ele>
<time>2026-05-08T09:30:29Z</time>
</trkpt>
<trkpt lat="45.46773176" lon="8.7154245">
<ele>149.48659</ele>
<time>2026-05-08T09:30:30Z</time>
</trkpt>
<trkpt lat="45.46772452" lon="8.71588149">
<ele>149.45488</ele>
<time>2026-05-08T09:30:31Z</time>
</trkpt>
<trkpt lat="45.46771667" lon="8.71633841">
<ele>149.38618</ele>
<time>2026-05-08T09:30:32Z</time>
</trkpt>
<trkpt lat="45.467709" lon="8.71679524">
<ele>149.32277</ele>
<time>2026-05-08T09:30:33Z</time>
</trkpt>
<trkpt lat="45.46770255" lon="8.71725549">
<ele>149.20651</ele>
<time>2026-05-08T09:30:34Z</time>
</trkpt>
<trkpt lat="45.46769496" lon="8.71770759">
<ele>149.10081</ele>
<time>2026-05-08T09:30:35Z</time>
</trkpt>
<trkpt lat="45.467687" lon="8.71817888">
<ele>149.06383</ele>
<time>2026-05-08T09:30:36Z</time>
</trkpt>
<trkpt lat="45.46768031" lon="8.71862109">
<ele>149.05325</ele>
<time>2026-05-08T09:30:37Z</time>
</trkpt>
<trkpt lat="45.46767234" lon="8.71907728">
<ele>149.09554</ele>
<time>2026-05-08T09:30:38Z</time>
</trkpt>
<trkpt lat="45.46766475" lon="8.71953299">
<ele>149.14838</ele>
<time>2026-05-08T09:30:39Z</time>
</trkpt>
<trkpt lat="45.46765765" lon="8.71997975">
<ele>149.25407</ele>
<time>2026-05-08T09:30:40Z</time>
</trkpt>
<trkpt lat="45.46764983" lon="8.72045125">
<ele>149.32277</ele>
<time>2026-05-08T09:30:41Z</time>
</trkpt>
<trkpt lat="45.46764334" lon="8.72090711">
<ele>149.81424</ele>
<time>2026-05-08T09:30:42Z</time>
</trkpt>
<trkpt lat="45.46763669" lon="8.72136311">
<ele>149.94635</ele>
<time>2026-05-08T09:30:43Z</time>
</trkpt>
<trkpt lat="45.46762899" lon="8.72182084">
<ele>150.13661</ele>
<time>2026-05-08T09:30:44Z</time>
</trkpt>
<trkpt lat="45.46762116" lon="8.72227827">
<ele>150.44312</ele>
<time>2026-05-08T09:30:45Z</time>
</trkpt>
<trkpt lat="45.46761389" lon="8.72273526">
<ele>150.78133</ele>
<time>2026-05-08T09:30:46Z</time>
</trkpt>
<trkpt lat="45.46760552" lon="8.72319314">
<ele>151.09312</ele>
<time>2026-05-08T09:30:47Z</time>
</trkpt>
<trkpt lat="45.4675996" lon="8.72363461">
<ele>151.28865</ele>
<time>2026-05-08T09:30:48Z</time>
</trkpt>
<trkpt lat="45.46759223" lon="8.72410583">
<ele>151.5476</ele>
<time>2026-05-08T09:30:49Z</time>
</trkpt>
<trkpt lat="45.46758527" lon="8.72456259">
<ele>151.66386</ele>
<time>2026-05-08T09:30:50Z</time>
</trkpt>
<trkpt lat="45.46757812" lon="8.72502019">
<ele>151.81183</ele>
<time>2026-05-08T09:30:51Z</time>
</trkpt>
<trkpt lat="45.46757096" lon="8.72547769">
<ele>151.88582</ele>
<time>2026-05-08T09:30:52Z</time>
</trkpt>
<trkpt lat="45.46756285" lon="8.7259346">
<ele>151.86469</ele>
<time>2026-05-08T09:30:53Z</time>
</trkpt>
<trkpt lat="45.46755451" lon="8.72639166">
<ele>151.94923</ele>
<time>2026-05-08T09:30:54Z</time>
</trkpt>
<trkpt lat="45.4675473" lon="8.72684835">
<ele>151.82768</ele>
<time>2026-05-08T09:30:55Z</time>
</trkpt>
<trkpt lat="45.46753969" lon="8.72730487">
<ele>151.56874</ele>
<time>2026-05-08T09:30:56Z</time>
</trkpt>
<trkpt lat="45.46753255" lon="8.72776079">
<ele>151.40492</ele>
<time>2026-05-08T09:30:57Z</time>
</trkpt>
<trkpt lat="45.46752493" lon="8.72821663">
<ele>151.23581</ele>
<time>2026-05-08T09:30:58Z</time>
</trkpt>
<trkpt lat="45.46751676" lon="8.72867219">
<ele>151.07199</ele>
<time>2026-05-08T09:30:59Z</time>
</trkpt>
<trkpt lat="45.46750858" lon="8.7291425">
<ele>150.82889</ele>
<time>2026-05-08T09:31:00Z</time>
</trkpt>
<trkpt lat="45.46750056" lon="8.72958538">
<ele>150.60693</ele>
<time>2026-05-08T09:31:01Z</time>
</trkpt>
<trkpt lat="45.46749335" lon="8.73004225">
<ele>150.36913</ele>
<time>2026-05-08T09:31:02Z</time>
</trkpt>
<trkpt lat="45.46748636" lon="8.73049854">
<ele>150.19473</ele>
<time>2026-05-08T09:31:03Z</time>
</trkpt>
<trkpt lat="45.46747953" lon="8.73095554">
<ele>150.0362</ele>
<time>2026-05-08T09:31:04Z</time>
</trkpt>
<trkpt lat="45.46747138" lon="8.73141174">
<ele>149.8618</ele>
<time>2026-05-08T09:31:05Z</time>
</trkpt>
<trkpt lat="45.46746376" lon="8.73186865">
<ele>149.76138</ele>
<time>2026-05-08T09:31:06Z</time>
</trkpt>
<trkpt lat="45.46745682" lon="8.73232553">
<ele>149.6557</ele>
<time>2026-05-08T09:31:07Z</time>
</trkpt>
<trkpt lat="45.46744857" lon="8.73279676">
<ele>149.53415</ele>
<time>2026-05-08T09:31:08Z</time>
</trkpt>
<trkpt lat="45.46743828" lon="8.73323881">
<ele>149.39146</ele>
<time>2026-05-08T09:31:09Z</time>
</trkpt>
<trkpt lat="45.46743" lon="8.73370027">
<ele>149.16951</ele>
<time>2026-05-08T09:31:10Z</time>
</trkpt>
<trkpt lat="45.4674236" lon="8.73415734">
<ele>149.09024</ele>
<time>2026-05-08T09:31:11Z</time>
</trkpt>
<trkpt lat="45.46741822" lon="8.73460403">
<ele>149.43903</ele>
<time>2026-05-08T09:31:12Z</time>
</trkpt>
<trkpt lat="45.46741172" lon="8.73507046">
<ele>149.28049</ele>
<time>2026-05-08T09:31:13Z</time>
</trkpt>
<trkpt lat="45.46740403" lon="8.73552771">
<ele>149.18536</ele>
<time>2026-05-08T09:31:14Z</time>
</trkpt>
<trkpt lat="45.46739552" lon="8.73598465">
<ele>149.0004</ele>
<time>2026-05-08T09:31:15Z</time>
</trkpt>
<trkpt lat="45.46738803" lon="8.73644079">
<ele>149.19066</ele>
<time>2026-05-08T09:31:16Z</time>
</trkpt>
<trkpt lat="45.46738011" lon="8.7368978">
<ele>148.98454</ele>
<time>2026-05-08T09:31:17Z</time>
</trkpt>
<trkpt lat="45.46737313" lon="8.73735458">
<ele>148.82072</ele>
<time>2026-05-08T09:31:18Z</time>
</trkpt>
<trkpt lat="45.46736532" lon="8.73781133">
<ele>148.72032</ele>
<time>2026-05-08T09:31:19Z</time>
</trkpt>
<trkpt lat="45.46735775" lon="8.73825345">
<ele>148.68332</ele>
<time>2026-05-08T09:31:20Z</time>
</trkpt>
<trkpt lat="45.46734983" lon="8.73872536">
<ele>148.57236</ele>
<time>2026-05-08T09:31:21Z</time>
</trkpt>
<trkpt lat="45.46734237" lon="8.73918121">
<ele>148.59349</ele>
<time>2026-05-08T09:31:22Z</time>
</trkpt>
<trkpt lat="45.46733476" lon="8.73963821">
<ele>148.47194</ele>
<time>2026-05-08T09:31:23Z</time>
</trkpt>
<trkpt lat="45.46732763" lon="8.74009441">
<ele>148.32397</ele>
<time>2026-05-08T09:31:24Z</time>
</trkpt>
<trkpt lat="45.46732035" lon="8.74055531">
<ele>148.09673</ele>
<time>2026-05-08T09:31:25Z</time>
</trkpt>
<trkpt lat="45.46731322" lon="8.74101137">
<ele>147.93819</ele>
<time>2026-05-08T09:31:26Z</time>
</trkpt>
<trkpt lat="45.46730549" lon="8.74146411">
<ele>148.0069</ele>
<time>2026-05-08T09:31:27Z</time>
</trkpt>
<trkpt lat="45.4672985" lon="8.74192083">
<ele>148.23941</ele>
<time>2026-05-08T09:31:28Z</time>
</trkpt>
<trkpt lat="45.4672907" lon="8.7423813">
<ele>148.02803</ele>
<time>2026-05-08T09:31:29Z</time>
</trkpt>
<trkpt lat="45.46728348" lon="8.74283326">
<ele>147.9012</ele>
<time>2026-05-08T09:31:30Z</time>
</trkpt>
<trkpt lat="45.46727616" lon="8.74328969">
<ele>147.75851</ele>
<time>2026-05-08T09:31:31Z</time>
</trkpt>
<trkpt lat="45.46726819" lon="8.74375136">
<ele>147.68452</ele>
<time>2026-05-08T09:31:32Z</time>
</trkpt>
<trkpt lat="45.46726098" lon="8.74420376">
<ele>147.5894</ele>
<time>2026-05-08T09:31:33Z</time>
</trkpt>
<trkpt lat="45.46725377" lon="8.7446649">
<ele>147.46786</ele>
<time>2026-05-08T09:31:34Z</time>
</trkpt>
<trkpt lat="45.4672479" lon="8.74512213">
<ele>147.3833</ele>
<time>2026-05-08T09:31:35Z</time>
</trkpt>
<trkpt lat="45.4672426" lon="8.74557528">
<ele>147.2829</ele>
<time>2026-05-08T09:31:36Z</time>
</trkpt>
<trkpt lat="45.4672387" lon="8.74603639">
<ele>147.18777</ele>
<time>2026-05-08T09:31:37Z</time>
</trkpt>
<trkpt lat="45.46723454" lon="8.74649286">
<ele>147.12964</ele>
<time>2026-05-08T09:31:38Z</time>
</trkpt>
<trkpt lat="45.4672315" lon="8.74694943">
<ele>147.11906</ele>
<time>2026-05-08T09:31:39Z</time>
</trkpt>
<trkpt lat="45.46722929" lon="8.74741658">
<ele>147.06622</ele>
<time>2026-05-08T09:31:40Z</time>
</trkpt>
<trkpt lat="45.46722824" lon="8.74786257">
<ele>146.91298</ele>
<time>2026-05-08T09:31:41Z</time>
</trkpt>
<trkpt lat="45.46722801" lon="8.74831945">
<ele>146.75444</ele>
<time>2026-05-08T09:31:42Z</time>
</trkpt>
<trkpt lat="45.4672285" lon="8.74877642">
<ele>146.51134</ele>
<time>2026-05-08T09:31:43Z</time>
</trkpt>
<trkpt lat="45.46722899" lon="8.74921911">
<ele>146.75444</ele>
<time>2026-05-08T09:31:44Z</time>
</trkpt>
<trkpt lat="45.46722971" lon="8.74969026">
<ele>146.5589</ele>
<time>2026-05-08T09:31:45Z</time>
</trkpt>
<trkpt lat="45.46723085" lon="8.750147">
<ele>146.4585</ele>
<time>2026-05-08T09:31:46Z</time>
</trkpt>
<trkpt lat="45.46723369" lon="8.75060391">
<ele>146.34222</ele>
<time>2026-05-08T09:31:47Z</time>
</trkpt>
<trkpt lat="45.46723774" lon="8.75106047">
<ele>146.1467</ele>
<time>2026-05-08T09:31:48Z</time>
</trkpt>
<trkpt lat="45.46724211" lon="8.75151706">
<ele>146.24712</ele>
<time>2026-05-08T09:31:49Z</time>
</trkpt>
<trkpt lat="45.46724725" lon="8.7519739">
<ele>146.12029</ele>
<time>2026-05-08T09:31:50Z</time>
</trkpt>
<trkpt lat="45.46725353" lon="8.7524306">
<ele>146.02515</ele>
<time>2026-05-08T09:31:51Z</time>
</trkpt>
<trkpt lat="45.46726053" lon="8.75288665">
<ele>146.00401</ele>
<time>2026-05-08T09:31:52Z</time>
</trkpt>
<trkpt lat="45.46726821" lon="8.75334299">
<ele>145.99344</ele>
<time>2026-05-08T09:31:53Z</time>
</trkpt>
<trkpt lat="45.46727601" lon="8.7537991">
<ele>145.9776</ele>
<time>2026-05-08T09:31:54Z</time>
</trkpt>
<trkpt lat="45.46728494" lon="8.75425456">
<ele>146.01987</ele>
<time>2026-05-08T09:31:55Z</time>
</trkpt>
<trkpt lat="45.46729521" lon="8.75472631">
<ele>146.0093</ele>
<time>2026-05-08T09:31:56Z</time>
</trkpt>
<trkpt lat="45.46730537" lon="8.75516833">
<ele>145.91417</ele>
<time>2026-05-08T09:31:57Z</time>
</trkpt>
<trkpt lat="45.46731694" lon="8.7556242">
<ele>146.26825</ele>
<time>2026-05-08T09:31:58Z</time>
</trkpt>
<trkpt lat="45.4673293" lon="8.7560811">
<ele>146.12029</ele>
<time>2026-05-08T09:31:59Z</time>
</trkpt>
<trkpt lat="45.46734204" lon="8.75653804">
<ele>146.06215</ele>
<time>2026-05-08T09:32:00Z</time>
</trkpt>
<trkpt lat="45.46735496" lon="8.75699433">
<ele>146.01987</ele>
<time>2026-05-08T09:32:01Z</time>
</trkpt>
<trkpt lat="45.46736898" lon="8.75745018">
<ele>145.94589</ele>
<time>2026-05-08T09:32:02Z</time>
</trkpt>
<trkpt lat="45.46738358" lon="8.75790757">
<ele>145.8349</ele>
<time>2026-05-08T09:32:03Z</time>
</trkpt>
<trkpt lat="45.46740043" lon="8.75837956">
<ele>145.74506</ele>
<time>2026-05-08T09:32:04Z</time>
</trkpt>
<trkpt lat="45.46741588" lon="8.75882203">
<ele>145.63937</ele>
<time>2026-05-08T09:32:05Z</time>
</trkpt>
<trkpt lat="45.46743358" lon="8.75927886">
<ele>145.47026</ele>
<time>2026-05-08T09:32:06Z</time>
</trkpt>
<trkpt lat="45.46745145" lon="8.75973587">
<ele>145.33815</ele>
<time>2026-05-08T09:32:07Z</time>
</trkpt>
<trkpt lat="45.46747062" lon="8.76019245">
<ele>145.16904</ele>
<time>2026-05-08T09:32:08Z</time>
</trkpt>
<trkpt lat="45.46749148" lon="8.760653">
<ele>145.06335</ele>
<time>2026-05-08T09:32:09Z</time>
</trkpt>
<trkpt lat="45.46751259" lon="8.76110948">
<ele>145.19547</ele>
<time>2026-05-08T09:32:10Z</time>
</trkpt>
<trkpt lat="45.46753292" lon="8.7615656">
<ele>144.9418</ele>
<time>2026-05-08T09:32:11Z</time>
</trkpt>
<trkpt lat="45.46755402" lon="8.76202056">
<ele>144.74628</ele>
<time>2026-05-08T09:32:12Z</time>
</trkpt>
<trkpt lat="45.46757753" lon="8.76247715">
<ele>144.51903</ele>
<time>2026-05-08T09:32:13Z</time>
</trkpt>
<trkpt lat="45.46760055" lon="8.76293251">
<ele>144.26009</ele>
<time>2026-05-08T09:32:14Z</time>
</trkpt>
<trkpt lat="45.46762497" lon="8.76338776">
<ele>143.95886</ele>
<time>2026-05-08T09:32:15Z</time>
</trkpt>
<trkpt lat="45.46764972" lon="8.76382823">
<ele>143.55194</ele>
<time>2026-05-08T09:32:16Z</time>
</trkpt>
<trkpt lat="45.46767594" lon="8.7642988">
<ele>143.11859</ele>
<time>2026-05-08T09:32:17Z</time>
</trkpt>
<trkpt lat="45.46770108" lon="8.76475295">
<ele>142.61127</ele>
<time>2026-05-08T09:32:18Z</time>
</trkpt>
<trkpt lat="45.46772825" lon="8.76520706">
<ele>142.04582</ele>
<time>2026-05-08T09:32:19Z</time>
</trkpt>
<trkpt lat="45.46775599" lon="8.76566187">
<ele>141.42223</ele>
<time>2026-05-08T09:32:20Z</time>
</trkpt>
<trkpt lat="45.46778569" lon="8.76611594">
<ele>140.77222</ele>
<time>2026-05-08T09:32:21Z</time>
</trkpt>
<trkpt lat="45.46781615" lon="8.76657103">
<ele>140.01651</ele>
<time>2026-05-08T09:32:22Z</time>
</trkpt>
<trkpt lat="45.4678474" lon="8.7670259">
<ele>139.20796</ele>
<time>2026-05-08T09:32:23Z</time>
</trkpt>
<trkpt lat="45.4678776" lon="8.76746986">
<ele>138.71121</ele>
<time>2026-05-08T09:32:24Z</time>
</trkpt>
<trkpt lat="45.46791128" lon="8.76793406">
<ele>138.23032</ele>
<time>2026-05-08T09:32:25Z</time>
</trkpt>
<trkpt lat="45.46794517" lon="8.76839239">
<ele>137.24736</ele>
<time>2026-05-08T09:32:26Z</time>
</trkpt>
<trkpt lat="45.46797879" lon="8.768846">
<ele>136.49695</ele>
<time>2026-05-08T09:32:27Z</time>
</trkpt>
<trkpt lat="45.46801344" lon="8.7693091">
<ele>135.73068</ele>
<time>2026-05-08T09:32:28Z</time>
</trkpt>
<trkpt lat="45.46804759" lon="8.7697524">
<ele>134.9327</ele>
<time>2026-05-08T09:32:29Z</time>
</trkpt>
<trkpt lat="45.46808386" lon="8.77020699">
<ele>134.14</ele>
<time>2026-05-08T09:32:30Z</time>
</trkpt>
<trkpt lat="45.46811917" lon="8.7706565">
<ele>133.43715</ele>
<time>2026-05-08T09:32:31Z</time>
</trkpt>
<trkpt lat="45.46815595" lon="8.77109992">
<ele>132.66559</ele>
<time>2026-05-08T09:32:32Z</time>
</trkpt>
<trkpt lat="45.46819521" lon="8.77156415">
<ele>131.88345</ele>
<time>2026-05-08T09:32:33Z</time>
</trkpt>
<trkpt lat="45.4682339" lon="8.77201773">
<ele>131.12776</ele>
<time>2026-05-08T09:32:34Z</time>
</trkpt>
<trkpt lat="45.46827377" lon="8.77247612">
<ele>130.43018</ele>
<time>2026-05-08T09:32:35Z</time>
</trkpt>
<trkpt lat="45.46831311" lon="8.77292973">
<ele>129.78545</ele>
<time>2026-05-08T09:32:36Z</time>
</trkpt>
<trkpt lat="45.46835433" lon="8.7733784">
<ele>129.26756</ele>
<time>2026-05-08T09:32:37Z</time>
</trkpt>
<trkpt lat="45.46839689" lon="8.77383461">
<ele>128.76552</ele>
<time>2026-05-08T09:32:38Z</time>
</trkpt>
<trkpt lat="45.46843895" lon="8.77428727">
<ele>128.27933</ele>
<time>2026-05-08T09:32:39Z</time>
</trkpt>
<trkpt lat="45.46848332" lon="8.77473512">
<ele>127.86185</ele>
<time>2026-05-08T09:32:40Z</time>
</trkpt>
<trkpt lat="45.46852791" lon="8.77519308">
<ele>127.497215</ele>
<time>2026-05-08T09:32:41Z</time>
</trkpt>
<trkpt lat="45.46857329" lon="8.77564528">
<ele>127.248825</ele>
<time>2026-05-08T09:32:42Z</time>
</trkpt>
<trkpt lat="45.468619" lon="8.77609794">
<ele>127.02688</ele>
<time>2026-05-08T09:32:43Z</time>
</trkpt>
<trkpt lat="45.46866464" lon="8.7765504">
<ele>126.74679</ele>
<time>2026-05-08T09:32:44Z</time>
</trkpt>
<trkpt lat="45.46871118" lon="8.77700245">
<ele>126.55654</ele>
<time>2026-05-08T09:32:45Z</time>
</trkpt>
<trkpt lat="45.46875593" lon="8.77745455">
<ele>126.35043</ele>
<time>2026-05-08T09:32:46Z</time>
</trkpt>
<trkpt lat="45.46880109" lon="8.77790716">
<ele>126.12321</ele>
<time>2026-05-08T09:32:47Z</time>
</trkpt>
<trkpt lat="45.46884185" lon="8.77834486">
<ele>125.88011</ele>
<time>2026-05-08T09:32:48Z</time>
</trkpt>
<trkpt lat="45.46888396" lon="8.77881202">
<ele>125.76385</ele>
<time>2026-05-08T09:32:49Z</time>
</trkpt>
<trkpt lat="45.46892468" lon="8.77926466">
<ele>125.57359</ele>
<time>2026-05-08T09:32:50Z</time>
</trkpt>
<trkpt lat="45.46896367" lon="8.77971775">
<ele>125.37807</ele>
<time>2026-05-08T09:32:51Z</time>
</trkpt>
<trkpt lat="45.46900116" lon="8.78017115">
<ele>125.18253</ele>
<time>2026-05-08T09:32:52Z</time>
</trkpt>
<trkpt lat="45.46903824" lon="8.78062535">
<ele>125.124405</ele>
<time>2026-05-08T09:32:53Z</time>
</trkpt>
<trkpt lat="45.46907393" lon="8.781079">
<ele>125.08212</ele>
<time>2026-05-08T09:32:54Z</time>
</trkpt>
<trkpt lat="45.46910926" lon="8.78153265">
<ele>125.05042</ele>
<time>2026-05-08T09:32:55Z</time>
</trkpt>
<trkpt lat="45.46914288" lon="8.78198678">
<ele>125.11383</ele>
<time>2026-05-08T09:32:56Z</time>
</trkpt>
<trkpt lat="45.46917506" lon="8.7824409">
<ele>125.03985</ele>
<time>2026-05-08T09:32:57Z</time>
</trkpt>
<trkpt lat="45.46920623" lon="8.78289551">
<ele>124.89716</ele>
<time>2026-05-08T09:32:58Z</time>
</trkpt>
<trkpt lat="45.46923691" lon="8.78334949">
<ele>125.11383</ele>
<time>2026-05-08T09:32:59Z</time>
</trkpt>
<trkpt lat="45.46926701" lon="8.78381948">
<ele>125.06099</ele>
<time>2026-05-08T09:33:00Z</time>
</trkpt>
<trkpt lat="45.4692955" lon="8.78425951">
<ele>124.97643</ele>
<time>2026-05-08T09:33:01Z</time>
</trkpt>
<trkpt lat="45.46932191" lon="8.78471611">
<ele>124.93416</ele>
<time>2026-05-08T09:33:02Z</time>
</trkpt>
<trkpt lat="45.46934783" lon="8.7851718">
<ele>124.79147</ele>
<time>2026-05-08T09:33:03Z</time>
</trkpt>
<trkpt lat="45.46937285" lon="8.78562671">
<ele>124.97643</ele>
<time>2026-05-08T09:33:04Z</time>
</trkpt>
<trkpt lat="45.46939687" lon="8.78608199">
<ele>124.82318</ele>
<time>2026-05-08T09:33:05Z</time>
</trkpt>
<trkpt lat="45.46941928" lon="8.78653758">
<ele>124.70692</ele>
<time>2026-05-08T09:33:06Z</time>
</trkpt>
<trkpt lat="45.46944158" lon="8.78699249">
<ele>125.17725</ele>
<time>2026-05-08T09:33:07Z</time>
</trkpt>
<trkpt lat="45.46946392" lon="8.78746196">
<ele>125.14026</ele>
<time>2026-05-08T09:33:08Z</time>
</trkpt>
<trkpt lat="45.46948368" lon="8.78790796">
<ele>125.10327</ele>
<time>2026-05-08T09:33:09Z</time>
</trkpt>
<trkpt lat="45.46950186" lon="8.78836514">
<ele>125.029274</ele>
<time>2026-05-08T09:33:10Z</time>
</trkpt>
<trkpt lat="45.46951851" lon="8.78882185">
<ele>125.00814</ele>
<time>2026-05-08T09:33:11Z</time>
</trkpt>
<trkpt lat="45.46953311" lon="8.78926353">
<ele>124.94473</ele>
<time>2026-05-08T09:33:12Z</time>
</trkpt>
<trkpt lat="45.46954857" lon="8.78973421">
<ele>124.87603</ele>
<time>2026-05-08T09:33:13Z</time>
</trkpt>
<trkpt lat="45.46956232" lon="8.79019408">
<ele>124.82318</ele>
<time>2026-05-08T09:33:14Z</time>
</trkpt>
<trkpt lat="45.469575" lon="8.7906466">
<ele>124.75448</ele>
<time>2026-05-08T09:33:15Z</time>
</trkpt>
<trkpt lat="45.46958728" lon="8.7911024">
<ele>124.69106</ele>
<time>2026-05-08T09:33:16Z</time>
</trkpt>
<trkpt lat="45.46960039" lon="8.79155866">
<ele>124.72277</ele>
<time>2026-05-08T09:33:17Z</time>
</trkpt>
<trkpt lat="45.46961227" lon="8.79201415">
<ele>124.7122</ele>
<time>2026-05-08T09:33:18Z</time>
</trkpt>
<trkpt lat="45.4696245" lon="8.79247093">
<ele>124.64351</ele>
<time>2026-05-08T09:33:19Z</time>
</trkpt>
<trkpt lat="45.46963643" lon="8.79291331">
<ele>124.527245</ele>
<time>2026-05-08T09:33:20Z</time>
</trkpt>
<trkpt lat="45.4696492" lon="8.7933844">
<ele>124.3687</ele>
<time>2026-05-08T09:33:21Z</time>
</trkpt>
<trkpt lat="45.46966197" lon="8.79384039">
<ele>124.26301</ele>
<time>2026-05-08T09:33:22Z</time>
</trkpt>
<trkpt lat="45.46967458" lon="8.79429673">
<ele>124.088615</ele>
<time>2026-05-08T09:33:23Z</time>
</trkpt>
<trkpt lat="45.46968704" lon="8.79475705">
<ele>123.9248</ele>
<time>2026-05-08T09:33:24Z</time>
</trkpt>
<trkpt lat="45.46969898" lon="8.79521375">
<ele>123.79267</ele>
<time>2026-05-08T09:33:25Z</time>
</trkpt>
<trkpt lat="45.46971079" lon="8.7956659">
<ele>123.861374</ele>
<time>2026-05-08T09:33:26Z</time>
</trkpt>
<trkpt lat="45.46972289" lon="8.79612093">
<ele>123.87723</ele>
<time>2026-05-08T09:33:27Z</time>
</trkpt>
<trkpt lat="45.46973546" lon="8.79656746">
<ele>123.76626</ele>
<time>2026-05-08T09:33:28Z</time>
</trkpt>
<trkpt lat="45.46974826" lon="8.79703444">
<ele>123.60771</ele>
<time>2026-05-08T09:33:29Z</time>
</trkpt>
<trkpt lat="45.46976078" lon="8.79749062">
<ele>123.40689</ele>
<time>2026-05-08T09:33:30Z</time>
</trkpt>
<trkpt lat="45.46977269" lon="8.79795153">
<ele>123.43861</ele>
<time>2026-05-08T09:33:31Z</time>
</trkpt>
<trkpt lat="45.46978498" lon="8.79840741">
<ele>123.549576</ele>
<time>2026-05-08T09:33:32Z</time>
</trkpt>
<trkpt lat="45.46979694" lon="8.79886343">
<ele>123.32235</ele>
<time>2026-05-08T09:33:33Z</time>
</trkpt>
<trkpt lat="45.4698088" lon="8.79931501">
<ele>123.290634</ele>
<time>2026-05-08T09:33:34Z</time>
</trkpt>
<trkpt lat="45.46982106" lon="8.79977086">
<ele>123.3012</ele>
<time>2026-05-08T09:33:35Z</time>
</trkpt>
<trkpt lat="45.46983313" lon="8.80021666">
<ele>123.27478</ele>
<time>2026-05-08T09:33:36Z</time>
</trkpt>
<trkpt lat="45.46984582" lon="8.80068779">
<ele>123.24307</ele>
<time>2026-05-08T09:33:37Z</time>
</trkpt>
<trkpt lat="45.46985762" lon="8.80113899">
<ele>123.14795</ele>
<time>2026-05-08T09:33:38Z</time>
</trkpt>
<trkpt lat="45.46987092" lon="8.80159878">
<ele>123.29592</ele>
<time>2026-05-08T09:33:39Z</time>
</trkpt>
<trkpt lat="45.46988498" lon="8.80206609">
<ele>123.45446</ele>
<time>2026-05-08T09:33:40Z</time>
</trkpt>
<trkpt lat="45.46990015" lon="8.80251183">
<ele>123.35405</ele>
<time>2026-05-08T09:33:41Z</time>
</trkpt>
<trkpt lat="45.4699155" lon="8.80296821">
<ele>123.306496</ele>
<time>2026-05-08T09:33:42Z</time>
</trkpt>
<trkpt lat="45.4699315" lon="8.8034252">
<ele>123.29592</ele>
<time>2026-05-08T09:33:43Z</time>
</trkpt>
<trkpt lat="45.46994721" lon="8.80386695">
<ele>123.306496</ele>
<time>2026-05-08T09:33:44Z</time>
</trkpt>
<trkpt lat="45.46996552" lon="8.8043373">
<ele>123.3012</ele>
<time>2026-05-08T09:33:45Z</time>
</trkpt>
<trkpt lat="45.46998566" lon="8.80479045">
<ele>123.2325</ele>
<time>2026-05-08T09:33:46Z</time>
</trkpt>
<trkpt lat="45.4700089" lon="8.80523774">
<ele>123.17966</ele>
<time>2026-05-08T09:33:47Z</time>
</trkpt>
<trkpt lat="45.47003478" lon="8.80567791">
<ele>123.052826</ele>
<time>2026-05-08T09:33:48Z</time>
</trkpt>
<trkpt lat="45.47006303" lon="8.80611752">
<ele>122.89429</ele>
<time>2026-05-08T09:33:49Z</time>
</trkpt>
<trkpt lat="45.47009556" lon="8.80655995">
<ele>122.77803</ele>
<time>2026-05-08T09:33:50Z</time>
</trkpt>
<trkpt lat="45.47013367" lon="8.80700369">
<ele>122.67233</ele>
<time>2026-05-08T09:33:51Z</time>
</trkpt>
<trkpt lat="45.47018024" lon="8.80745282">
<ele>122.661766</ele>
<time>2026-05-08T09:33:52Z</time>
</trkpt>
<trkpt lat="45.47023095" lon="8.80791151">
<ele>122.640625</ele>
<time>2026-05-08T09:33:53Z</time>
</trkpt>
<trkpt lat="45.47028675" lon="8.80837932">
<ele>122.93657</ele>
<time>2026-05-08T09:33:54Z</time>
</trkpt>
<trkpt lat="45.47034442" lon="8.80885197">
<ele>123.25365</ele>
<time>2026-05-08T09:33:55Z</time>
</trkpt>
<trkpt lat="45.47040649" lon="8.80934117">
<ele>123.317055</ele>
<time>2026-05-08T09:33:56Z</time>
</trkpt>
<trkpt lat="45.47046631" lon="8.80979776">
<ele>123.38048</ele>
<time>2026-05-08T09:33:57Z</time>
</trkpt>
<trkpt lat="45.47053099" lon="8.81026411">
<ele>123.417465</ele>
<time>2026-05-08T09:33:58Z</time>
</trkpt>
<trkpt lat="45.47059931" lon="8.81072476">
<ele>123.52844</ele>
<time>2026-05-08T09:33:59Z</time>
</trkpt>
<trkpt lat="45.47066861" lon="8.81117759">
<ele>123.71869</ele>
<time>2026-05-08T09:34:00Z</time>
</trkpt>
<trkpt lat="45.47073475" lon="8.81162592">
<ele>123.967064</ele>
<time>2026-05-08T09:34:01Z</time>
</trkpt>
<trkpt lat="45.47079989" lon="8.81207246">
<ele>123.81381</ele>
<time>2026-05-08T09:34:02Z</time>
</trkpt>
<trkpt lat="45.47086926" lon="8.8125168">
<ele>123.78211</ele>
<time>2026-05-08T09:34:03Z</time>
</trkpt>
<trkpt lat="45.47094783" lon="8.81297081">
<ele>123.82439</ele>
<time>2026-05-08T09:34:04Z</time>
</trkpt>
<trkpt lat="45.47102723" lon="8.8133926">
<ele>123.84024</ele>
<time>2026-05-08T09:34:05Z</time>
</trkpt>
<trkpt lat="45.47111286" lon="8.81382887">
<ele>123.9248</ele>
<time>2026-05-08T09:34:06Z</time>
</trkpt>
<trkpt lat="45.47120083" lon="8.81426273">
<ele>124.30528</ele>
<time>2026-05-08T09:34:07Z</time>
</trkpt>
<trkpt lat="45.4712966" lon="8.81469257">
<ele>124.870735</ele>
<time>2026-05-08T09:34:08Z</time>
</trkpt>
<trkpt lat="45.47140102" lon="8.81511973">
<ele>125.09798</ele>
<time>2026-05-08T09:34:09Z</time>
</trkpt>
<trkpt lat="45.4715107" lon="8.81554842">
<ele>125.29351</ele>
<time>2026-05-08T09:34:10Z</time>
</trkpt>
<trkpt lat="45.47162147" lon="8.81597432">
<ele>125.54718</ele>
<time>2026-05-08T09:34:11Z</time>
</trkpt>
<trkpt lat="45.47173456" lon="8.81640055">
<ele>125.795555</ele>
<time>2026-05-08T09:34:12Z</time>
</trkpt>
<trkpt lat="45.47185004" lon="8.81682646">
<ele>126.028076</ele>
<time>2026-05-08T09:34:13Z</time>
</trkpt>
<trkpt lat="45.47196865" lon="8.81725186">
<ele>126.31873</ele>
<time>2026-05-08T09:34:14Z</time>
</trkpt>
<trkpt lat="45.47208844" lon="8.81767588">
<ele>126.64638</ele>
<time>2026-05-08T09:34:15Z</time>
</trkpt>
<trkpt lat="45.47220613" lon="8.81808546">
<ele>126.99516</ele>
<time>2026-05-08T09:34:16Z</time>
</trkpt>
<trkpt lat="45.47233272" lon="8.81852145">
<ele>127.513054</ele>
<time>2026-05-08T09:34:17Z</time>
</trkpt>
<trkpt lat="45.47245947" lon="8.81894093">
<ele>127.8777</ele>
<time>2026-05-08T09:34:18Z</time>
</trkpt>
<trkpt lat="45.47258974" lon="8.81935835">
<ele>128.32161</ele>
<time>2026-05-08T09:34:19Z</time>
</trkpt>
<trkpt lat="45.47272269" lon="8.81977416">
<ele>129.0139</ele>
<time>2026-05-08T09:34:20Z</time>
</trkpt>
<trkpt lat="45.47286003" lon="8.82018582">
<ele>129.79602</ele>
<time>2026-05-08T09:34:21Z</time>
</trkpt>
<trkpt lat="45.47299972" lon="8.82059731">
<ele>130.09196</ele>
<time>2026-05-08T09:34:22Z</time>
</trkpt>
<trkpt lat="45.47314302" lon="8.82100565">
<ele>130.48831</ele>
<time>2026-05-08T09:34:23Z</time>
</trkpt>
<trkpt lat="45.47328708" lon="8.82141384">
<ele>130.93222</ele>
<time>2026-05-08T09:34:24Z</time>
</trkpt>
<trkpt lat="45.47343138" lon="8.82182182">
<ele>131.3497</ele>
<time>2026-05-08T09:34:25Z</time>
</trkpt>
<trkpt lat="45.47357901" lon="8.82223295">
<ele>131.77776</ele>
<time>2026-05-08T09:34:26Z</time>
</trkpt>
<trkpt lat="45.47372603" lon="8.82263344">
<ele>132.2111</ele>
<time>2026-05-08T09:34:27Z</time>
</trkpt>
<trkpt lat="45.47388024" lon="8.82303851">
<ele>132.6233</ele>
<time>2026-05-08T09:34:28Z</time>
</trkpt>
<trkpt lat="45.4740389" lon="8.82343659">
<ele>132.92453</ele>
<time>2026-05-08T09:34:29Z</time>
</trkpt>
<trkpt lat="45.47419935" lon="8.82382812">
<ele>133.65381</ele>
<time>2026-05-08T09:34:30Z</time>
</trkpt>
<trkpt lat="45.47436433" lon="8.82422044">
<ele>133.97089</ele>
<time>2026-05-08T09:34:31Z</time>
</trkpt>
<trkpt lat="45.47452695" lon="8.82460233">
<ele>134.55748</ele>
<time>2026-05-08T09:34:32Z</time>
</trkpt>
<trkpt lat="45.47469927" lon="8.82500149">
<ele>135.0648</ele>
<time>2026-05-08T09:34:33Z</time>
</trkpt>
<trkpt lat="45.47486827" lon="8.82539134">
<ele>135.37132</ele>
<time>2026-05-08T09:34:34Z</time>
</trkpt>
<trkpt lat="45.47503764" lon="8.82577951">
<ele>135.70425</ele>
<time>2026-05-08T09:34:35Z</time>
</trkpt>
<trkpt lat="45.47521303" lon="8.82617928">
<ele>136.12173</ele>
<time>2026-05-08T09:34:36Z</time>
</trkpt>
<trkpt lat="45.47708387" lon="8.8304315">
<ele>137.9555</ele>
<time>2026-05-08T09:34:47Z</time>
</trkpt>
<trkpt lat="45.47724757" lon="8.83080976">
<ele>138.11404</ele>
<time>2026-05-08T09:34:48Z</time>
</trkpt>
<trkpt lat="45.47742093" lon="8.8312092">
<ele>138.4364</ele>
<time>2026-05-08T09:34:49Z</time>
</trkpt>
<trkpt lat="45.47758969" lon="8.83159967">
<ele>138.79048</ele>
<time>2026-05-08T09:34:50Z</time>
</trkpt>
<trkpt lat="45.47775826" lon="8.83198578">
<ele>138.97015</ele>
<time>2026-05-08T09:34:51Z</time>
</trkpt>
<trkpt lat="45.47792433" lon="8.83237151">
<ele>139.18683</ele>
<time>2026-05-08T09:34:52Z</time>
</trkpt>
<trkpt lat="45.47808947" lon="8.83276246">
<ele>139.41936</ele>
<time>2026-05-08T09:34:53Z</time>
</trkpt>
<trkpt lat="45.47825187" lon="8.83315541">
<ele>139.59375</ele>
<time>2026-05-08T09:34:54Z</time>
</trkpt>
<trkpt lat="45.47841552" lon="8.83355384">
<ele>139.73114</ele>
<time>2026-05-08T09:34:55Z</time>
</trkpt>
<trkpt lat="45.47857678" lon="8.83395017">
<ele>139.90025</ele>
<time>2026-05-08T09:34:56Z</time>
</trkpt>
<trkpt lat="45.47873914" lon="8.83434609">
<ele>140.11693</ele>
<time>2026-05-08T09:34:57Z</time>
</trkpt>
<trkpt lat="45.47889839" lon="8.83474232">
<ele>140.34416</ele>
<time>2026-05-08T09:34:58Z</time>
</trkpt>
<trkpt lat="45.47906063" lon="8.83513842">
<ele>140.59254</ele>
<time>2026-05-08T09:34:59Z</time>
</trkpt>
<trkpt lat="45.47922259" lon="8.83554405">
<ele>140.83563</ele>
<time>2026-05-08T09:35:00Z</time>
</trkpt>
<trkpt lat="45.47937458" lon="8.83592913">
<ele>141.0893</ele>
<time>2026-05-08T09:35:01Z</time>
</trkpt>
<trkpt lat="45.47953022" lon="8.83632783">
<ele>141.31654</ele>
<time>2026-05-08T09:35:02Z</time>
</trkpt>
<trkpt lat="45.47968515" lon="8.83672888">
<ele>141.57549</ele>
<time>2026-05-08T09:35:03Z</time>
</trkpt>
<trkpt lat="45.47984036" lon="8.83712883">
<ele>142.04053</ele>
<time>2026-05-08T09:35:04Z</time>
</trkpt>
<trkpt lat="45.47999421" lon="8.83753122">
<ele>142.3629</ele>
<time>2026-05-08T09:35:05Z</time>
</trkpt>
<trkpt lat="45.48014748" lon="8.83793343">
<ele>142.5373</ele>
<time>2026-05-08T09:35:06Z</time>
</trkpt>
<trkpt lat="45.48030079" lon="8.83833717">
<ele>142.84909</ele>
<time>2026-05-08T09:35:07Z</time>
</trkpt>
<trkpt lat="45.48045635" lon="8.83875275">
<ele>143.1873</ele>
<time>2026-05-08T09:35:08Z</time>
</trkpt>
<trkpt lat="45.480601" lon="8.83914369">
<ele>143.51495</ele>
<time>2026-05-08T09:35:09Z</time>
</trkpt>
<trkpt lat="45.48075143" lon="8.83955001">
<ele>143.79504</ele>
<time>2026-05-08T09:35:10Z</time>
</trkpt>
<trkpt lat="45.48090009" lon="8.83995395">
<ele>144.11212</ele>
<time>2026-05-08T09:35:11Z</time>
</trkpt>
<trkpt lat="45.48104822" lon="8.84035939">
<ele>144.43448</ele>
<time>2026-05-08T09:35:12Z</time>
</trkpt>
<trkpt lat="45.48119499" lon="8.84076549">
<ele>144.75684</ele>
<time>2026-05-08T09:35:13Z</time>
</trkpt>
<trkpt lat="45.48134442" lon="8.84117564">
<ele>144.98936</ele>
<time>2026-05-08T09:35:14Z</time>
</trkpt>
<trkpt lat="45.48149236" lon="8.84158056">
<ele>145.50726</ele>
<time>2026-05-08T09:35:15Z</time>
</trkpt>
<trkpt lat="45.48164076" lon="8.84198708">
<ele>145.69751</ele>
<time>2026-05-08T09:35:16Z</time>
</trkpt>
<trkpt lat="45.4817872" lon="8.84239273">
<ele>145.95645</ele>
<time>2026-05-08T09:35:17Z</time>
</trkpt>
<trkpt lat="45.48193535" lon="8.8427994">
<ele>146.23654</ele>
<time>2026-05-08T09:35:18Z</time>
</trkpt>
<trkpt lat="45.48208233" lon="8.8432058">
<ele>146.5642</ele>
<time>2026-05-08T09:35:19Z</time>
</trkpt>
<trkpt lat="45.48222594" lon="8.84359939">
<ele>146.79143</ele>
<time>2026-05-08T09:35:20Z</time>
</trkpt>
<trkpt lat="45.48237724" lon="8.8440183">
<ele>147.0081</ele>
<time>2026-05-08T09:35:21Z</time>
</trkpt>
<trkpt lat="45.48252588" lon="8.84442439">
<ele>147.2142</ele>
<time>2026-05-08T09:35:22Z</time>
</trkpt>
<trkpt lat="45.48267223" lon="8.84483069">
<ele>147.40445</ele>
<time>2026-05-08T09:35:23Z</time>
</trkpt>
<trkpt lat="45.48282076" lon="8.84523585">
<ele>147.51015</ele>
<time>2026-05-08T09:35:24Z</time>
</trkpt>
<trkpt lat="45.48296873" lon="8.84564202">
<ele>147.59468</ele>
<time>2026-05-08T09:35:25Z</time>
</trkpt>
<trkpt lat="45.48311512" lon="8.84604819">
<ele>147.64754</ele>
<time>2026-05-08T09:35:26Z</time>
</trkpt>
<trkpt lat="45.48326452" lon="8.84645447">
<ele>147.68982</ele>
<time>2026-05-08T09:35:27Z</time>
</trkpt>
<trkpt lat="45.48341234" lon="8.84686011">
<ele>147.7268</ele>
<time>2026-05-08T09:35:28Z</time>
</trkpt>
<trkpt lat="45.48356016" lon="8.84726653">
<ele>147.77965</ele>
<time>2026-05-08T09:35:29Z</time>
</trkpt>
<trkpt lat="45.48370821" lon="8.84767315">
<ele>147.82193</ele>
<time>2026-05-08T09:35:30Z</time>
</trkpt>
<trkpt lat="45.48385322" lon="8.84807086">
<ele>147.73209</ele>
<time>2026-05-08T09:35:31Z</time>
</trkpt>
<trkpt lat="45.48400823" lon="8.84849842">
<ele>147.63168</ele>
<time>2026-05-08T09:35:32Z</time>
</trkpt>
<trkpt lat="45.48415256" lon="8.84889299">
<ele>147.63696</ele>
<time>2026-05-08T09:35:33Z</time>
</trkpt>
<trkpt lat="45.48429933" lon="8.84929208">
<ele>147.80608</ele>
<time>2026-05-08T09:35:34Z</time>
</trkpt>
<trkpt lat="45.48444677" lon="8.84969714">
<ele>147.68452</ele>
<time>2026-05-08T09:35:35Z</time>
</trkpt>
<trkpt lat="45.48459452" lon="8.85010469">
<ele>147.64226</ele>
<time>2026-05-08T09:35:36Z</time>
</trkpt>
<trkpt lat="45.48474252" lon="8.85050978">
<ele>147.6264</ele>
<time>2026-05-08T09:35:37Z</time>
</trkpt>
<trkpt lat="45.48488891" lon="8.85091462">
<ele>147.65811</ele>
<time>2026-05-08T09:35:38Z</time>
</trkpt>
<trkpt lat="45.4850366" lon="8.85132028">
<ele>147.61053</ele>
<time>2026-05-08T09:35:39Z</time>
</trkpt>
<trkpt lat="45.48518548" lon="8.85173086">
<ele>147.65283</ele>
<time>2026-05-08T09:35:40Z</time>
</trkpt>
<trkpt lat="45.48533196" lon="8.85213339">
<ele>147.74794</ele>
<time>2026-05-08T09:35:41Z</time>
</trkpt>
<trkpt lat="45.48548143" lon="8.8525431">
<ele>147.88007</ele>
<time>2026-05-08T09:35:42Z</time>
</trkpt>
<trkpt lat="45.48562892" lon="8.85294444">
<ele>148.0386</ele>
<time>2026-05-08T09:35:43Z</time>
</trkpt>
<trkpt lat="45.48577568" lon="8.8533502">
<ele>148.19185</ele>
<time>2026-05-08T09:35:44Z</time>
</trkpt>
<trkpt lat="45.48592477" lon="8.85375924">
<ele>148.30284</ele>
<time>2026-05-08T09:35:45Z</time>
</trkpt>
<trkpt lat="45.4860719" lon="8.85416447">
<ele>148.40852</ele>
<time>2026-05-08T09:35:46Z</time>
</trkpt>
<trkpt lat="45.48621942" lon="8.85456942">
<ele>148.5195</ele>
<time>2026-05-08T09:35:47Z</time>
</trkpt>
<trkpt lat="45.48636763" lon="8.8549747">
<ele>148.58821</ele>
<time>2026-05-08T09:35:48Z</time>
</trkpt>
<trkpt lat="45.48651364" lon="8.85537713">
<ele>148.61992</ele>
<time>2026-05-08T09:35:49Z</time>
</trkpt>
<trkpt lat="45.48666245" lon="8.85578588">
<ele>148.64105</ele>
<time>2026-05-08T09:35:50Z</time>
</trkpt>
<trkpt lat="45.48681069" lon="8.85619196">
<ele>148.67804</ele>
<time>2026-05-08T09:35:51Z</time>
</trkpt>
<trkpt lat="45.48695418" lon="8.856584">
<ele>148.7309</ele>
<time>2026-05-08T09:35:52Z</time>
</trkpt>
<trkpt lat="45.48710543" lon="8.85699901">
<ele>148.66747</ele>
<time>2026-05-08T09:35:53Z</time>
</trkpt>
<trkpt lat="45.48724955" lon="8.85739778">
<ele>148.81544</ele>
<time>2026-05-08T09:35:54Z</time>
</trkpt>
<trkpt lat="45.48739284" lon="8.85779067">
<ele>148.72032</ele>
<time>2026-05-08T09:35:55Z</time>
</trkpt>
<trkpt lat="45.48753547" lon="8.85818011">
<ele>148.64633</ele>
<time>2026-05-08T09:35:56Z</time>
</trkpt>
<trkpt lat="45.48767568" lon="8.85856643">
<ele>148.57764</ele>
<time>2026-05-08T09:35:57Z</time>
</trkpt>
<trkpt lat="45.48781472" lon="8.85894803">
<ele>148.50365</ele>
<time>2026-05-08T09:35:58Z</time>
</trkpt>
<trkpt lat="45.4879567" lon="8.85932856">
<ele>148.4878</ele>
<time>2026-05-08T09:35:59Z</time>
</trkpt>
<trkpt lat="45.48809771" lon="8.85969808">
<ele>148.4878</ele>
<time>2026-05-08T09:36:00Z</time>
</trkpt>
<trkpt lat="45.48825287" lon="8.86009879">
<ele>148.56706</ele>
<time>2026-05-08T09:36:01Z</time>
</trkpt>
<trkpt lat="45.48840514" lon="8.86049478">
<ele>148.71504</ele>
<time>2026-05-08T09:36:02Z</time>
</trkpt>
<trkpt lat="45.48855472" lon="8.86090029">
<ele>148.88943</ele>
<time>2026-05-08T09:36:03Z</time>
</trkpt>
<trkpt lat="45.48870483" lon="8.86132149">
<ele>149.04797</ele>
<time>2026-05-08T09:36:04Z</time>
</trkpt>
<trkpt lat="45.48884181" lon="8.86171936">
<ele>149.16951</ele>
<time>2026-05-08T09:36:05Z</time>
</trkpt>
<trkpt lat="45.48898107" lon="8.8621307">
<ele>149.33334</ele>
<time>2026-05-08T09:36:06Z</time>
</trkpt>
<trkpt lat="45.48911951" lon="8.86254329">
<ele>149.47073</ele>
<time>2026-05-08T09:36:07Z</time>
</trkpt>
<trkpt lat="45.48925377" lon="8.86295802">
<ele>149.55</ele>
<time>2026-05-08T09:36:08Z</time>
</trkpt>
<trkpt lat="45.48938545" lon="8.86337606">
<ele>149.6187</ele>
<time>2026-05-08T09:36:09Z</time>
</trkpt>
<trkpt lat="45.48951514" lon="8.86379437">
<ele>149.81953</ele>
<time>2026-05-08T09:36:10Z</time>
</trkpt>
<trkpt lat="45.48964157" lon="8.8642135">
<ele>149.89879</ele>
<time>2026-05-08T09:36:11Z</time>
</trkpt>
<trkpt lat="45.48976915" lon="8.86464856">
<ele>149.93579</ele>
<time>2026-05-08T09:36:12Z</time>
</trkpt>
<trkpt lat="45.48988512" lon="8.86505832">
<ele>149.9675</ele>
<time>2026-05-08T09:36:13Z</time>
</trkpt>
<trkpt lat="45.4900038" lon="8.86548388">
<ele>150.00449</ele>
<time>2026-05-08T09:36:14Z</time>
</trkpt>
<trkpt lat="45.49011857" lon="8.8659105">
<ele>150.05205</ele>
<time>2026-05-08T09:36:15Z</time>
</trkpt>
<trkpt lat="45.49023007" lon="8.86633955">
<ele>150.02034</ele>
<time>2026-05-08T09:36:16Z</time>
</trkpt>
<trkpt lat="45.49033843" lon="8.86676868">
<ele>150.04147</ele>
<time>2026-05-08T09:36:17Z</time>
</trkpt>
<trkpt lat="45.49044408" lon="8.86720081">
<ele>150.2423</ele>
<time>2026-05-08T09:36:18Z</time>
</trkpt>
<trkpt lat="45.4905467" lon="8.86763343">
<ele>150.48538</ele>
<time>2026-05-08T09:36:19Z</time>
</trkpt>
<trkpt lat="45.49064634" lon="8.86807282">
<ele>150.57523</ele>
<time>2026-05-08T09:36:20Z</time>
</trkpt>
<trkpt lat="45.49074212" lon="8.86850881">
<ele>150.65977</ele>
<time>2026-05-08T09:36:21Z</time>
</trkpt>
<trkpt lat="45.49083728" lon="8.86895074">
<ele>150.71263</ele>
<time>2026-05-08T09:36:22Z</time>
</trkpt>
<trkpt lat="45.49092635" lon="8.86938505">
<ele>150.72319</ele>
<time>2026-05-08T09:36:23Z</time>
</trkpt>
<trkpt lat="45.49101033" lon="8.86981226">
<ele>150.83946</ele>
<time>2026-05-08T09:36:24Z</time>
</trkpt>
<trkpt lat="45.49109546" lon="8.87026805">
<ele>150.88173</ele>
<time>2026-05-08T09:36:25Z</time>
</trkpt>
<trkpt lat="45.49117598" lon="8.87071113">
<ele>150.92401</ele>
<time>2026-05-08T09:36:26Z</time>
</trkpt>
<trkpt lat="45.49125377" lon="8.87115484">
<ele>151.01385</ele>
<time>2026-05-08T09:36:27Z</time>
</trkpt>
<trkpt lat="45.49132933" lon="8.8715979">
<ele>151.08255</ele>
<time>2026-05-08T09:36:28Z</time>
</trkpt>
<trkpt lat="45.49140416" lon="8.87204243">
<ele>151.23053</ele>
<time>2026-05-08T09:36:29Z</time>
</trkpt>
<trkpt lat="45.4914765" lon="8.87248738">
<ele>151.35207</ele>
<time>2026-05-08T09:36:30Z</time>
</trkpt>
<trkpt lat="45.49154659" lon="8.87293268">
<ele>151.44719</ele>
<time>2026-05-08T09:36:31Z</time>
</trkpt>
<trkpt lat="45.4916151" lon="8.87336507">
<ele>151.56874</ele>
<time>2026-05-08T09:36:32Z</time>
</trkpt>
<trkpt lat="45.49168602" lon="8.87382926">
<ele>151.69029</ele>
<time>2026-05-08T09:36:33Z</time>
</trkpt>
<trkpt lat="45.4917531" lon="8.87427207">
<ele>151.76955</ele>
<time>2026-05-08T09:36:34Z</time>
</trkpt>
<trkpt lat="45.49182041" lon="8.87470858">
<ele>151.8224</ele>
<time>2026-05-08T09:36:35Z</time>
</trkpt>
<trkpt lat="45.49189152" lon="8.87516468">
<ele>152.01265</ele>
<time>2026-05-08T09:36:36Z</time>
</trkpt>
<trkpt lat="45.49196054" lon="8.87561169">
<ele>152.21347</ele>
<time>2026-05-08T09:36:37Z</time>
</trkpt>
<trkpt lat="45.49203109" lon="8.87605689">
<ele>152.41428</ele>
<time>2026-05-08T09:36:38Z</time>
</trkpt>
<trkpt lat="45.49210315" lon="8.87650205">
<ele>152.6468</ele>
<time>2026-05-08T09:36:39Z</time>
</trkpt>
<trkpt lat="45.49217346" lon="8.87693774">
<ele>152.86346</ele>
<time>2026-05-08T09:36:40Z</time>
</trkpt>
<trkpt lat="45.49224925" lon="8.87739632">
<ele>152.88461</ele>
<time>2026-05-08T09:36:41Z</time>
</trkpt>
<trkpt lat="45.49232512" lon="8.87784074">
<ele>152.90047</ele>
<time>2026-05-08T09:36:42Z</time>
</trkpt>
<trkpt lat="45.49240157" lon="8.87828479">
<ele>152.89519</ele>
<time>2026-05-08T09:36:43Z</time>
</trkpt>
<trkpt lat="45.49248096" lon="8.87873931">
<ele>152.8529</ele>
<time>2026-05-08T09:36:44Z</time>
</trkpt>
<trkpt lat="45.49255728" lon="8.87916805">
<ele>152.93747</ele>
<time>2026-05-08T09:36:45Z</time>
</trkpt>
<trkpt lat="45.49263671" lon="8.8796166">
<ele>152.82648</ele>
<time>2026-05-08T09:36:46Z</time>
</trkpt>
<trkpt lat="45.49271702" lon="8.88005873">
<ele>152.69965</ele>
<time>2026-05-08T09:36:47Z</time>
</trkpt>
<trkpt lat="45.49279463" lon="8.88049693">
<ele>152.80006</ele>
<time>2026-05-08T09:36:48Z</time>
</trkpt>
<trkpt lat="45.49287137" lon="8.88093912">
<ele>152.90047</ele>
<time>2026-05-08T09:36:49Z</time>
</trkpt>
<trkpt lat="45.49294804" lon="8.8813886">
<ele>152.73665</ele>
<time>2026-05-08T09:36:50Z</time>
</trkpt>
<trkpt lat="45.49302402" lon="8.88183261">
<ele>152.75778</ele>
<time>2026-05-08T09:36:51Z</time>
</trkpt>
<trkpt lat="45.49310264" lon="8.8822755">
<ele>152.75778</ele>
<time>2026-05-08T09:36:52Z</time>
</trkpt>
<trkpt lat="45.49318506" lon="8.8827127">
<ele>152.66794</ele>
<time>2026-05-08T09:36:53Z</time>
</trkpt>
<trkpt lat="45.493272" lon="8.88315631">
<ele>152.62039</ele>
<time>2026-05-08T09:36:54Z</time>
</trkpt>
<trkpt lat="45.49336009" lon="8.88359174">
<ele>152.94275</ele>
<time>2026-05-08T09:36:55Z</time>
</trkpt>
<trkpt lat="45.49345064" lon="8.88402951">
<ele>152.99031</ele>
<time>2026-05-08T09:36:56Z</time>
</trkpt>
<trkpt lat="45.49354259" lon="8.88447249">
<ele>153.17526</ele>
<time>2026-05-08T09:36:57Z</time>
</trkpt>
<trkpt lat="45.49363346" lon="8.88491197">
<ele>153.22812</ele>
<time>2026-05-08T09:36:58Z</time>
</trkpt>
<trkpt lat="45.49372369" lon="8.88535085">
<ele>153.12242</ele>
<time>2026-05-08T09:36:59Z</time>
</trkpt>
<trkpt lat="45.4938118" lon="8.88579106">
<ele>152.96388</ele>
<time>2026-05-08T09:37:00Z</time>
</trkpt>
<trkpt lat="45.4938967" lon="8.88623143">
<ele>152.8529</ele>
<time>2026-05-08T09:37:01Z</time>
</trkpt>
<trkpt lat="45.49398212" lon="8.88667245">
<ele>152.77893</ele>
<time>2026-05-08T09:37:02Z</time>
</trkpt>
<trkpt lat="45.49406772" lon="8.88711265">
<ele>152.74193</ele>
<time>2026-05-08T09:37:03Z</time>
</trkpt>
<trkpt lat="45.49415065" lon="8.8875389">
<ele>152.69965</ele>
<time>2026-05-08T09:37:04Z</time>
</trkpt>
<trkpt lat="45.49423882" lon="8.88799473">
<ele>152.5147</ele>
<time>2026-05-08T09:37:05Z</time>
</trkpt>
<trkpt lat="45.49432447" lon="8.88843602">
<ele>152.67323</ele>
<time>2026-05-08T09:37:06Z</time>
</trkpt>
<trkpt lat="45.49440894" lon="8.88887706">
<ele>152.4777</ele>
<time>2026-05-08T09:37:07Z</time>
</trkpt>
<trkpt lat="45.49449244" lon="8.88931814">
<ele>152.34558</ele>
<time>2026-05-08T09:37:08Z</time>
</trkpt>
<trkpt lat="45.4945754" lon="8.88975879">
<ele>152.15005</ele>
<time>2026-05-08T09:37:09Z</time>
</trkpt>
<trkpt lat="45.49465934" lon="8.89020043">
<ele>151.96509</ele>
<time>2026-05-08T09:37:10Z</time>
</trkpt>
<trkpt lat="45.49474752" lon="8.89064177">
<ele>151.83298</ele>
<time>2026-05-08T09:37:11Z</time>
</trkpt>
<trkpt lat="45.49483616" lon="8.89107993">
<ele>151.77484</ele>
<time>2026-05-08T09:37:12Z</time>
</trkpt>
<trkpt lat="45.4949226" lon="8.89151942">
<ele>151.85939</ele>
<time>2026-05-08T09:37:13Z</time>
</trkpt>
<trkpt lat="45.49500578" lon="8.89196125">
<ele>151.91223</ele>
<time>2026-05-08T09:37:14Z</time>
</trkpt>
<trkpt lat="45.49508387" lon="8.89240526">
<ele>151.81183</ele>
<time>2026-05-08T09:37:15Z</time>
</trkpt>
<trkpt lat="45.49516189" lon="8.89286432">
<ele>151.84883</ele>
<time>2026-05-08T09:37:16Z</time>
</trkpt>
<trkpt lat="45.49523173" lon="8.89329551">
<ele>151.90695</ele>
<time>2026-05-08T09:37:17Z</time>
</trkpt>
<trkpt lat="45.49530418" lon="8.89374033">
<ele>152.11835</ele>
<time>2026-05-08T09:37:18Z</time>
</trkpt>
<trkpt lat="45.49537835" lon="8.89418425">
<ele>152.28217</ele>
<time>2026-05-08T09:37:19Z</time>
</trkpt>
<trkpt lat="45.49545173" lon="8.89462821">
<ele>152.3403</ele>
<time>2026-05-08T09:37:20Z</time>
</trkpt>
<trkpt lat="45.49552608" lon="8.89507315">
<ele>152.36143</ele>
<time>2026-05-08T09:37:21Z</time>
</trkpt>
<trkpt lat="45.49559967" lon="8.89551857">
<ele>152.39842</ele>
<time>2026-05-08T09:37:22Z</time>
</trkpt>
<trkpt lat="45.49567275" lon="8.89596287">
<ele>152.42485</ele>
<time>2026-05-08T09:37:23Z</time>
</trkpt>
<trkpt lat="45.4957478" lon="8.89642277">
<ele>152.5411</ele>
<time>2026-05-08T09:37:24Z</time>
</trkpt>
<trkpt lat="45.49581588" lon="8.8968541">
<ele>152.53583</ele>
<time>2026-05-08T09:37:25Z</time>
</trkpt>
<trkpt lat="45.49588708" lon="8.89730017">
<ele>152.50412</ele>
<time>2026-05-08T09:37:26Z</time>
</trkpt>
<trkpt lat="45.49595855" lon="8.89774537">
<ele>152.5147</ele>
<time>2026-05-08T09:37:27Z</time>
</trkpt>
<trkpt lat="45.49602861" lon="8.89819101">
<ele>152.51997</ele>
<time>2026-05-08T09:37:28Z</time>
</trkpt>
<trkpt lat="45.49609972" lon="8.89864088">
<ele>152.55696</ele>
<time>2026-05-08T09:37:29Z</time>
</trkpt>
<trkpt lat="45.49616874" lon="8.89908738">
<ele>152.60982</ele>
<time>2026-05-08T09:37:30Z</time>
</trkpt>
<trkpt lat="45.49623803" lon="8.8995332">
<ele>152.73135</ele>
<time>2026-05-08T09:37:31Z</time>
</trkpt>
<trkpt lat="45.49630562" lon="8.89997902">
<ele>152.84233</ele>
<time>2026-05-08T09:37:32Z</time>
</trkpt>
<trkpt lat="45.49637257" lon="8.90042487">
<ele>153.01144</ele>
<time>2026-05-08T09:37:33Z</time>
</trkpt>
<trkpt lat="45.49643913" lon="8.90087203">
<ele>153.16998</ele>
<time>2026-05-08T09:37:34Z</time>
</trkpt>
<trkpt lat="45.49650488" lon="8.90131966">
<ele>153.38138</ele>
<time>2026-05-08T09:37:35Z</time>
</trkpt>
<trkpt lat="45.49656803" lon="8.9017525">
<ele>153.66675</ele>
<time>2026-05-08T09:37:36Z</time>
</trkpt>
<trkpt lat="45.49663475" lon="8.90221439">
<ele>153.80414</ele>
<time>2026-05-08T09:37:37Z</time>
</trkpt>
<trkpt lat="45.49669866" lon="8.90266187">
<ele>153.89926</ele>
<time>2026-05-08T09:37:38Z</time>
</trkpt>
<trkpt lat="45.49676239" lon="8.90311001">
<ele>154.01552</ele>
<time>2026-05-08T09:37:39Z</time>
</trkpt>
<trkpt lat="45.49682692" lon="8.90355764">
<ele>154.08421</ele>
<time>2026-05-08T09:37:40Z</time>
</trkpt>
<trkpt lat="45.49689539" lon="8.90400529">
<ele>154.10008</ele>
<time>2026-05-08T09:37:41Z</time>
</trkpt>
<trkpt lat="45.4969654" lon="8.90445175">
<ele>154.32204</ele>
<time>2026-05-08T09:37:42Z</time>
</trkpt>
<trkpt lat="45.49703491" lon="8.90489787">
<ele>154.5387</ele>
<time>2026-05-08T09:37:43Z</time>
</trkpt>
<trkpt lat="45.49709971" lon="8.90532923">
<ele>154.61798</ele>
<time>2026-05-08T09:37:44Z</time>
</trkpt>
<trkpt lat="45.49716485" lon="8.90579198">
<ele>154.71838</ele>
<time>2026-05-08T09:37:45Z</time>
</trkpt>
<trkpt lat="45.49722437" lon="8.90624475">
<ele>154.83466</ele>
<time>2026-05-08T09:37:46Z</time>
</trkpt>
<trkpt lat="45.49728064" lon="8.90667908">
<ele>154.98262</ele>
<time>2026-05-08T09:37:47Z</time>
</trkpt>
<trkpt lat="45.49734006" lon="8.90714328">
<ele>155.01433</ele>
<time>2026-05-08T09:37:48Z</time>
</trkpt>
<trkpt lat="45.49739657" lon="8.90758877">
<ele>155.19928</ele>
<time>2026-05-08T09:37:49Z</time>
</trkpt>
<trkpt lat="45.49745291" lon="8.90803893">
<ele>155.34726</ele>
<time>2026-05-08T09:37:50Z</time>
</trkpt>
<trkpt lat="45.49750824" lon="8.90848687">
<ele>155.38425</ele>
<time>2026-05-08T09:37:51Z</time>
</trkpt>
<trkpt lat="45.49756314" lon="8.90893622">
<ele>155.5058</ele>
<time>2026-05-08T09:37:52Z</time>
</trkpt>
<trkpt lat="45.49761478" lon="8.90938707">
<ele>155.57451</ele>
<time>2026-05-08T09:37:53Z</time>
</trkpt>
<trkpt lat="45.49766178" lon="8.90983809">
<ele>155.62733</ele>
<time>2026-05-08T09:37:54Z</time>
</trkpt>
<trkpt lat="45.49770614" lon="8.91028929">
<ele>155.69077</ele>
<time>2026-05-08T09:37:55Z</time>
</trkpt>
<trkpt lat="45.49775152" lon="8.91074652">
<ele>155.76474</ele>
<time>2026-05-08T09:37:56Z</time>
</trkpt>
<trkpt lat="45.49779785" lon="8.91119519">
<ele>155.75946</ele>
<time>2026-05-08T09:37:57Z</time>
</trkpt>
<trkpt lat="45.49784673" lon="8.91164758">
<ele>155.75946</ele>
<time>2026-05-08T09:37:58Z</time>
</trkpt>
<trkpt lat="45.49789563" lon="8.91210408">
<ele>155.70132</ele>
<time>2026-05-08T09:37:59Z</time>
</trkpt>
<trkpt lat="45.49794382" lon="8.91254135">
<ele>155.72775</ele>
<time>2026-05-08T09:38:00Z</time>
</trkpt>
<trkpt lat="45.49799493" lon="8.91300691">
<ele>155.66962</ele>
<time>2026-05-08T09:38:01Z</time>
</trkpt>
<trkpt lat="45.49804218" lon="8.91345438">
<ele>155.68019</ele>
<time>2026-05-08T09:38:02Z</time>
</trkpt>
<trkpt lat="45.49813891" lon="8.91436123">
<ele>155.57979</ele>
<time>2026-05-08T09:38:04Z</time>
</trkpt>
<trkpt lat="45.49818593" lon="8.91480836">
<ele>155.60622</ele>
<time>2026-05-08T09:38:05Z</time>
</trkpt>
<trkpt lat="45.49823427" lon="8.91526447">
<ele>155.66962</ele>
<time>2026-05-08T09:38:06Z</time>
</trkpt>
<trkpt lat="45.49828138" lon="8.91571128">
<ele>155.75418</ele>
<time>2026-05-08T09:38:07Z</time>
</trkpt>
<trkpt lat="45.49832782" lon="8.91615329">
<ele>155.89159</ele>
<time>2026-05-08T09:38:08Z</time>
</trkpt>
<trkpt lat="45.49842569" lon="8.91707045">
<ele>156.03955</ele>
<time>2026-05-08T09:38:10Z</time>
</trkpt>
<trkpt lat="45.49847379" lon="8.91752167">
<ele>156.1188</ele>
<time>2026-05-08T09:38:11Z</time>
</trkpt>
<trkpt lat="45.49852147" lon="8.91797342">
<ele>156.09238</ele>
<time>2026-05-08T09:38:12Z</time>
</trkpt>
<trkpt lat="45.49856893" lon="8.91842619">
<ele>156.13995</ele>
<time>2026-05-08T09:38:13Z</time>
</trkpt>
<trkpt lat="45.49866389" lon="8.91932862">
<ele>156.18224</ele>
<time>2026-05-08T09:38:15Z</time>
</trkpt>
<trkpt lat="45.49870953" lon="8.91976557">
<ele>156.19807</ele>
<time>2026-05-08T09:38:16Z</time>
</trkpt>
<trkpt lat="45.49875927" lon="8.9202311">
<ele>156.12938</ele>
<time>2026-05-08T09:38:17Z</time>
</trkpt>
<trkpt lat="45.49880587" lon="8.92068053">
<ele>156.1558</ele>
<time>2026-05-08T09:38:18Z</time>
</trkpt>
<trkpt lat="45.498899" lon="8.92158252">
<ele>156.27206</ele>
<time>2026-05-08T09:38:20Z</time>
</trkpt>
<trkpt lat="45.49894564" lon="8.92203523">
<ele>156.45703</ele>
<time>2026-05-08T09:38:21Z</time>
</trkpt>
<trkpt lat="45.49899175" lon="8.92248641">
<ele>156.63672</ele>
<time>2026-05-08T09:38:22Z</time>
</trkpt>
<trkpt lat="45.49903962" lon="8.9229387">
<ele>156.93265</ele>
<time>2026-05-08T09:38:23Z</time>
</trkpt>
<trkpt lat="45.49908802" lon="8.92339211">
<ele>157.17574</ele>
<time>2026-05-08T09:38:24Z</time>
</trkpt>
<trkpt lat="45.4991357" lon="8.92384434">
<ele>157.4611</ele>
<time>2026-05-08T09:38:25Z</time>
</trkpt>
<trkpt lat="45.49918275" lon="8.92429704">
<ele>157.72534</ele>
<time>2026-05-08T09:38:26Z</time>
</trkpt>
<trkpt lat="45.4992778" lon="8.92521652">
<ele>158.05827</ele>
<time>2026-05-08T09:38:28Z</time>
</trkpt>
<trkpt lat="45.49932407" lon="8.92565474">
<ele>158.0847</ele>
<time>2026-05-08T09:38:29Z</time>
</trkpt>
<trkpt lat="45.4993724" lon="8.92610727">
<ele>158.15869</ele>
<time>2026-05-08T09:38:30Z</time>
</trkpt>
<trkpt lat="45.49941986" lon="8.9265603">
<ele>158.01071</ele>
<time>2026-05-08T09:38:31Z</time>
</trkpt>
<trkpt lat="45.49946906" lon="8.92701015">
<ele>158.12169</ele>
<time>2026-05-08T09:38:32Z</time>
</trkpt>
<trkpt lat="45.49952082" lon="8.92745457">
<ele>158.37535</ele>
<time>2026-05-08T09:38:33Z</time>
</trkpt>
<trkpt lat="45.49957228" lon="8.92789581">
<ele>158.04243</ele>
<time>2026-05-08T09:38:34Z</time>
</trkpt>
<trkpt lat="45.49962503" lon="8.92834289">
<ele>157.85217</ele>
<time>2026-05-08T09:38:35Z</time>
</trkpt>
<trkpt lat="45.49968126" lon="8.92880621">
<ele>157.64607</ele>
<time>2026-05-08T09:38:36Z</time>
</trkpt>
<trkpt lat="45.4997337" lon="8.92924339">
<ele>157.46638</ele>
<time>2026-05-08T09:38:37Z</time>
</trkpt>
<trkpt lat="45.49978454" lon="8.92969208">
<ele>157.17574</ele>
<time>2026-05-08T09:38:38Z</time>
</trkpt>
<trkpt lat="45.49983264" lon="8.9301421">
<ele>156.83754</ele>
<time>2026-05-08T09:38:39Z</time>
</trkpt>
<trkpt lat="45.49987948" lon="8.93059271">
<ele>156.50987</ele>
<time>2026-05-08T09:38:40Z</time>
</trkpt>
<trkpt lat="45.49992544" lon="8.93104762">
<ele>156.21922</ele>
<time>2026-05-08T09:38:41Z</time>
</trkpt>
<trkpt lat="45.49997098" lon="8.93149839">
<ele>156.25621</ele>
<time>2026-05-08T09:38:42Z</time>
</trkpt>
<trkpt lat="45.50001335" lon="8.93195062">
<ele>155.97084</ele>
<time>2026-05-08T09:38:43Z</time>
</trkpt>
<trkpt lat="45.5000533" lon="8.93240595">
<ele>155.79117</ele>
<time>2026-05-08T09:38:44Z</time>
</trkpt>
<trkpt lat="45.50009366" lon="8.93285368">
<ele>155.73303</ele>
<time>2026-05-08T09:38:45Z</time>
</trkpt>
<trkpt lat="45.5001338" lon="8.9333062">
<ele>155.67491</ele>
<time>2026-05-08T09:38:46Z</time>
</trkpt>
<trkpt lat="45.50017102" lon="8.93375831">
<ele>155.64848</ele>
<time>2026-05-08T09:38:47Z</time>
</trkpt>
<trkpt lat="45.50020698" lon="8.93419596">
<ele>155.61678</ele>
<time>2026-05-08T09:38:48Z</time>
</trkpt>
<trkpt lat="45.50024397" lon="8.93466205">
<ele>155.52693</ele>
<time>2026-05-08T09:38:49Z</time>
</trkpt>
<trkpt lat="45.50027946" lon="8.93511611">
<ele>155.32613</ele>
<time>2026-05-08T09:38:50Z</time>
</trkpt>
<trkpt lat="45.50031394" lon="8.93556923">
<ele>155.46353</ele>
<time>2026-05-08T09:38:51Z</time>
</trkpt>
<trkpt lat="45.5003505" lon="8.93602574">
<ele>155.31554</ele>
<time>2026-05-08T09:38:52Z</time>
</trkpt>
<trkpt lat="45.5003887" lon="8.93648202">
<ele>155.17815</ele>
<time>2026-05-08T09:38:53Z</time>
</trkpt>
<trkpt lat="45.50042535" lon="8.93693986">
<ele>155.06717</ele>
<time>2026-05-08T09:38:54Z</time>
</trkpt>
<trkpt lat="45.50046461" lon="8.93739783">
<ele>154.97206</ele>
<time>2026-05-08T09:38:55Z</time>
</trkpt>
<trkpt lat="45.50050388" lon="8.93784446">
<ele>154.8875</ele>
<time>2026-05-08T09:38:56Z</time>
</trkpt>
<trkpt lat="45.5005482" lon="8.93831114">
<ele>154.82407</ele>
<time>2026-05-08T09:38:57Z</time>
</trkpt>
<trkpt lat="45.50059023" lon="8.93876674">
<ele>154.79236</ele>
<time>2026-05-08T09:38:58Z</time>
</trkpt>
<trkpt lat="45.50063325" lon="8.9392215">
<ele>154.73952</ele>
<time>2026-05-08T09:38:59Z</time>
</trkpt>
<trkpt lat="45.50067853" lon="8.93968066">
<ele>154.72896</ele>
<time>2026-05-08T09:39:00Z</time>
</trkpt>
<trkpt lat="45.50072496" lon="8.94013278">
<ele>154.73952</ele>
<time>2026-05-08T09:39:01Z</time>
</trkpt>
<trkpt lat="45.50077292" lon="8.94059307">
<ele>154.77124</ele>
<time>2026-05-08T09:39:02Z</time>
</trkpt>
<trkpt lat="45.50081956" lon="8.94104512">
<ele>154.83994</ele>
<time>2026-05-08T09:39:03Z</time>
</trkpt>
<trkpt lat="45.50086641" lon="8.9414913">
<ele>154.96675</ele>
<time>2026-05-08T09:39:04Z</time>
</trkpt>
<trkpt lat="45.50091608" lon="8.94195656">
<ele>155.22571</ele>
<time>2026-05-08T09:39:05Z</time>
</trkpt>
<trkpt lat="45.50096563" lon="8.94241661">
<ele>155.36311</ele>
<time>2026-05-08T09:39:06Z</time>
</trkpt>
<trkpt lat="45.50101329" lon="8.94286759">
<ele>155.25214</ele>
<time>2026-05-08T09:39:07Z</time>
</trkpt>
<trkpt lat="45.5010626" lon="8.94333763">
<ele>155.16757</ele>
<time>2026-05-08T09:39:08Z</time>
</trkpt>
<trkpt lat="45.50110647" lon="8.94378543">
<ele>155.14645</ele>
<time>2026-05-08T09:39:09Z</time>
</trkpt>
<trkpt lat="45.50115305" lon="8.94424644">
<ele>155.1253</ele>
<time>2026-05-08T09:39:10Z</time>
</trkpt>
<trkpt lat="45.50120532" lon="8.94472363">
<ele>155.08302</ele>
<time>2026-05-08T09:39:11Z</time>
</trkpt>
<trkpt lat="45.50125753" lon="8.94519698">
<ele>155.10416</ele>
<time>2026-05-08T09:39:12Z</time>
</trkpt>
<trkpt lat="45.50130952" lon="8.94568195">
<ele>155.21513</ele>
<time>2026-05-08T09:39:13Z</time>
</trkpt>
<trkpt lat="45.50135755" lon="8.94616115">
<ele>155.44766</ele>
<time>2026-05-08T09:39:14Z</time>
</trkpt>
<trkpt lat="45.50140374" lon="8.94664715">
<ele>155.44238</ele>
<time>2026-05-08T09:39:15Z</time>
</trkpt>
<trkpt lat="45.50144883" lon="8.94715088">
<ele>155.4001</ele>
<time>2026-05-08T09:39:16Z</time>
</trkpt>
<trkpt lat="45.5014978" lon="8.9476253">
<ele>155.37369</ele>
<time>2026-05-08T09:39:17Z</time>
</trkpt>
<trkpt lat="45.50155051" lon="8.94810433">
<ele>155.31026</ele>
<time>2026-05-08T09:39:18Z</time>
</trkpt>
<trkpt lat="45.50160467" lon="8.94856751">
<ele>155.14645</ele>
<time>2026-05-08T09:39:19Z</time>
</trkpt>
<trkpt lat="45.50165959" lon="8.94901617">
<ele>155.25743</ele>
<time>2026-05-08T09:39:20Z</time>
</trkpt>
<trkpt lat="45.50171584" lon="8.94947973">
<ele>155.35254</ele>
<time>2026-05-08T09:39:21Z</time>
</trkpt>
<trkpt lat="45.50177087" lon="8.94993464">
<ele>155.18344</ele>
<time>2026-05-08T09:39:22Z</time>
</trkpt>
<trkpt lat="45.50182419" lon="8.95038097">
<ele>155.0936</ele>
<time>2026-05-08T09:39:23Z</time>
</trkpt>
<trkpt lat="45.5018764" lon="8.95083591">
<ele>155.14114</ele>
<time>2026-05-08T09:39:24Z</time>
</trkpt>
<trkpt lat="45.50192757" lon="8.95128717">
<ele>155.11475</ele>
<time>2026-05-08T09:39:25Z</time>
</trkpt>
<trkpt lat="45.50197612" lon="8.9517387">
<ele>154.91391</ele>
<time>2026-05-08T09:39:26Z</time>
</trkpt>
<trkpt lat="45.50202323" lon="8.95219054">
<ele>154.91391</ele>
<time>2026-05-08T09:39:27Z</time>
</trkpt>
<trkpt lat="45.50206894" lon="8.95262816">
<ele>155.04604</ele>
<time>2026-05-08T09:39:28Z</time>
</trkpt>
<trkpt lat="45.50211597" lon="8.95309469">
<ele>154.82407</ele>
<time>2026-05-08T09:39:29Z</time>
</trkpt>
<trkpt lat="45.50216107" lon="8.95354828">
<ele>154.67082</ele>
<time>2026-05-08T09:39:30Z</time>
</trkpt>
<trkpt lat="45.50220326" lon="8.95400253">
<ele>154.44359</ele>
<time>2026-05-08T09:39:31Z</time>
</trkpt>
<trkpt lat="45.5022463" lon="8.95445483">
<ele>154.14236</ele>
<time>2026-05-08T09:39:32Z</time>
</trkpt>
<trkpt lat="45.50228718" lon="8.95490666">
<ele>153.9574</ele>
<time>2026-05-08T09:39:33Z</time>
</trkpt>
<trkpt lat="45.50232736" lon="8.95536049">
<ele>154.04723</ele>
<time>2026-05-08T09:39:34Z</time>
</trkpt>
<trkpt lat="45.50236767" lon="8.95581428">
<ele>154.32732</ele>
<time>2026-05-08T09:39:35Z</time>
</trkpt>
<trkpt lat="45.5024045" lon="8.95625418">
<ele>154.3326</ele>
<time>2026-05-08T09:39:36Z</time>
</trkpt>
<trkpt lat="45.50244286" lon="8.9567218">
<ele>154.15292</ele>
<time>2026-05-08T09:39:37Z</time>
</trkpt>
<trkpt lat="45.50248026" lon="8.95717541">
<ele>154.14764</ele>
<time>2026-05-08T09:39:38Z</time>
</trkpt>
<trkpt lat="45.5025158" lon="8.95762977">
<ele>154.17935</ele>
<time>2026-05-08T09:39:39Z</time>
</trkpt>
<trkpt lat="45.5025516" lon="8.95808324">
<ele>154.1688</ele>
<time>2026-05-08T09:39:40Z</time>
</trkpt>
<trkpt lat="45.50258642" lon="8.95853656">
<ele>154.27975</ele>
<time>2026-05-08T09:39:41Z</time>
</trkpt>
<trkpt lat="45.50262382" lon="8.95898888">
<ele>154.34319</ele>
<time>2026-05-08T09:39:42Z</time>
</trkpt>
<trkpt lat="45.5026608" lon="8.95944398">
<ele>154.35902</ele>
<time>2026-05-08T09:39:43Z</time>
</trkpt>
<trkpt lat="45.50269635" lon="8.95989891">
<ele>154.35374</ele>
<time>2026-05-08T09:39:44Z</time>
</trkpt>
<trkpt lat="45.50273245" lon="8.96035256">
<ele>154.39073</ele>
<time>2026-05-08T09:39:45Z</time>
</trkpt>
<trkpt lat="45.50276967" lon="8.96080681">
<ele>154.35374</ele>
<time>2026-05-08T09:39:46Z</time>
</trkpt>
<trkpt lat="45.50280484" lon="8.96126084">
<ele>154.33789</ele>
<time>2026-05-08T09:39:47Z</time>
</trkpt>
<trkpt lat="45.50284282" lon="8.96172897">
<ele>154.32204</ele>
<time>2026-05-08T09:39:48Z</time>
</trkpt>
<trkpt lat="45.50287717" lon="8.96216843">
<ele>154.36958</ele>
<time>2026-05-08T09:39:49Z</time>
</trkpt>
<trkpt lat="45.50291367" lon="8.96262221">
<ele>154.45944</ele>
<time>2026-05-08T09:39:50Z</time>
</trkpt>
<trkpt lat="45.50295065" lon="8.96307569">
<ele>154.58098</ele>
<time>2026-05-08T09:39:51Z</time>
</trkpt>
<trkpt lat="45.50298637" lon="8.96353009">
<ele>154.66026</ele>
<time>2026-05-08T09:39:52Z</time>
</trkpt>
<trkpt lat="45.50302354" lon="8.96398416">
<ele>154.79767</ele>
<time>2026-05-08T09:39:53Z</time>
</trkpt>
<trkpt lat="45.50306056" lon="8.96443822">
<ele>155.00375</ele>
<time>2026-05-08T09:39:54Z</time>
</trkpt>
<trkpt lat="45.50309647" lon="8.96489175">
<ele>155.10944</ele>
<time>2026-05-08T09:39:55Z</time>
</trkpt>
<trkpt lat="45.50313427" lon="8.96536021">
<ele>155.18344</ele>
<time>2026-05-08T09:39:56Z</time>
</trkpt>
<trkpt lat="45.50316995" lon="8.96579905">
<ele>155.20457</ele>
<time>2026-05-08T09:39:57Z</time>
</trkpt>
<trkpt lat="45.50320602" lon="8.96625401">
<ele>155.194</ele>
<time>2026-05-08T09:39:58Z</time>
</trkpt>
<trkpt lat="45.50324298" lon="8.9667086">
<ele>155.14114</ele>
<time>2026-05-08T09:39:59Z</time>
</trkpt>
<trkpt lat="45.50327843" lon="8.96716348">
<ele>155.1253</ele>
<time>2026-05-08T09:40:00Z</time>
</trkpt>
<trkpt lat="45.50331357" lon="8.96761722">
<ele>155.10944</ele>
<time>2026-05-08T09:40:01Z</time>
</trkpt>
<trkpt lat="45.50335045" lon="8.96807087">
<ele>155.07245</ele>
<time>2026-05-08T09:40:02Z</time>
</trkpt>
<trkpt lat="45.50338625" lon="8.96851973">
<ele>155.06189</ele>
<time>2026-05-08T09:40:03Z</time>
</trkpt>
<trkpt lat="45.50342299" lon="8.9689841">
<ele>155.07774</ele>
<time>2026-05-08T09:40:04Z</time>
</trkpt>
<trkpt lat="45.50346112" lon="8.96943739">
<ele>155.01433</ele>
<time>2026-05-08T09:40:05Z</time>
</trkpt>
<trkpt lat="45.50349797" lon="8.9698943">
<ele>154.95619</ele>
<time>2026-05-08T09:40:06Z</time>
</trkpt>
<trkpt lat="45.50353328" lon="8.97033377">
<ele>154.9192</ele>
<time>2026-05-08T09:40:07Z</time>
</trkpt>
<trkpt lat="45.50356831" lon="8.97078377">
<ele>154.80295</ele>
<time>2026-05-08T09:40:08Z</time>
</trkpt>
<trkpt lat="45.50360442" lon="8.9712528">
<ele>154.87164</ele>
<time>2026-05-08T09:40:09Z</time>
</trkpt>
<trkpt lat="45.50364059" lon="8.97170708">
<ele>154.90335</ele>
<time>2026-05-08T09:40:10Z</time>
</trkpt>
<trkpt lat="45.50367601" lon="8.97216234">
<ele>155.01433</ele>
<time>2026-05-08T09:40:11Z</time>
</trkpt>
<trkpt lat="45.50371228" lon="8.97261659">
<ele>155.01433</ele>
<time>2026-05-08T09:40:12Z</time>
</trkpt>
<trkpt lat="45.50374658" lon="8.97307055">
<ele>155.01433</ele>
<time>2026-05-08T09:40:13Z</time>
</trkpt>
<trkpt lat="45.50378332" lon="8.97352386">
<ele>155.06189</ele>
<time>2026-05-08T09:40:14Z</time>
</trkpt>
<trkpt lat="45.50382027" lon="8.97397753">
<ele>155.07774</ele>
<time>2026-05-08T09:40:15Z</time>
</trkpt>
<trkpt lat="45.50385581" lon="8.97441715">
<ele>155.06717</ele>
<time>2026-05-08T09:40:16Z</time>
</trkpt>
<trkpt lat="45.50389377" lon="8.97488618">
<ele>155.11475</ele>
<time>2026-05-08T09:40:17Z</time>
</trkpt>
<trkpt lat="45.50392967" lon="8.97533957">
<ele>155.18344</ele>
<time>2026-05-08T09:40:18Z</time>
</trkpt>
<trkpt lat="45.50396661" lon="8.97579424">
<ele>155.23628</ele>
<time>2026-05-08T09:40:19Z</time>
</trkpt>
<trkpt lat="45.50400355" lon="8.97624772">
<ele>155.37897</ele>
<time>2026-05-08T09:40:20Z</time>
</trkpt>
<trkpt lat="45.50404008" lon="8.97670226">
<ele>155.48465</ele>
<time>2026-05-08T09:40:21Z</time>
</trkpt>
<trkpt lat="45.5040751" lon="8.97715605">
<ele>155.57451</ele>
<time>2026-05-08T09:40:22Z</time>
</trkpt>
<trkpt lat="45.50411199" lon="8.97760987">
<ele>155.69077</ele>
<time>2026-05-08T09:40:23Z</time>
</trkpt>
<trkpt lat="45.50414789" lon="8.97804912">
<ele>155.74359</ele>
<time>2026-05-08T09:40:24Z</time>
</trkpt>
<trkpt lat="45.50418717" lon="8.97851677">
<ele>155.7489</ele>
<time>2026-05-08T09:40:25Z</time>
</trkpt>
<trkpt lat="45.50422403" lon="8.97897108">
<ele>155.70132</ele>
<time>2026-05-08T09:40:26Z</time>
</trkpt>
<trkpt lat="45.5042603" lon="8.97941452">
<ele>155.63791</ele>
<time>2026-05-08T09:40:27Z</time>
</trkpt>
<trkpt lat="45.50429972" lon="8.97988263">
<ele>155.48993</ele>
<time>2026-05-08T09:40:28Z</time>
</trkpt>
<trkpt lat="45.50433588" lon="8.98033619">
<ele>155.28914</ele>
<time>2026-05-08T09:40:29Z</time>
</trkpt>
<trkpt lat="45.50437167" lon="8.9807898">
<ele>155.19928</ele>
<time>2026-05-08T09:40:30Z</time>
</trkpt>
<trkpt lat="45.50440578" lon="8.98124027">
<ele>155.4054</ele>
<time>2026-05-08T09:40:31Z</time>
</trkpt>
<trkpt lat="45.5044454" lon="8.98169386">
<ele>155.8123</ele>
<time>2026-05-08T09:40:32Z</time>
</trkpt>
<trkpt lat="45.50448225" lon="8.98215197">
<ele>155.8176</ele>
<time>2026-05-08T09:40:33Z</time>
</trkpt>
<trkpt lat="45.50451883" lon="8.98260656">
<ele>155.9867</ele>
<time>2026-05-08T09:40:34Z</time>
</trkpt>
<trkpt lat="45.50455417" lon="8.98305605">
<ele>156.16637</ele>
<time>2026-05-08T09:40:35Z</time>
</trkpt>
<trkpt lat="45.50459" lon="8.98351443">
<ele>156.37775</ele>
<time>2026-05-08T09:40:36Z</time>
</trkpt>
<trkpt lat="45.504627" lon="8.98396812">
<ele>156.7107</ele>
<time>2026-05-08T09:40:37Z</time>
</trkpt>
<trkpt lat="45.50466381" lon="8.98441822">
<ele>157.06476</ele>
<time>2026-05-08T09:40:38Z</time>
</trkpt>
<trkpt lat="45.50469773" lon="8.9848628">
<ele>157.38713</ele>
<time>2026-05-08T09:40:39Z</time>
</trkpt>
<trkpt lat="45.50473518" lon="8.98531718">
<ele>157.6672</ele>
<time>2026-05-08T09:40:40Z</time>
</trkpt>
<trkpt lat="45.50477295" lon="8.98578074">
<ele>157.94202</ele>
<time>2026-05-08T09:40:41Z</time>
</trkpt>
<trkpt lat="45.50480917" lon="8.98623345">
<ele>158.1904</ele>
<time>2026-05-08T09:40:42Z</time>
</trkpt>
<trkpt lat="45.50484487" lon="8.98668547">
<ele>158.48105</ele>
<time>2026-05-08T09:40:43Z</time>
</trkpt>
<trkpt lat="45.50488149" lon="8.98715334">
<ele>158.79285</ele>
<time>2026-05-08T09:40:44Z</time>
</trkpt>
<trkpt lat="45.50491653" lon="8.98759209">
<ele>159.1152</ele>
<time>2026-05-08T09:40:45Z</time>
</trkpt>
<trkpt lat="45.50495372" lon="8.98804998">
<ele>159.32658</ele>
<time>2026-05-08T09:40:46Z</time>
</trkpt>
<trkpt lat="45.50499095" lon="8.98850516">
<ele>159.54326</ele>
<time>2026-05-08T09:40:47Z</time>
</trkpt>
<trkpt lat="45.50502657" lon="8.98895533">
<ele>159.75992</ele>
<time>2026-05-08T09:40:48Z</time>
</trkpt>
<trkpt lat="45.50506528" lon="8.98941384">
<ele>159.95546</ele>
<time>2026-05-08T09:40:49Z</time>
</trkpt>
<trkpt lat="45.5051011" lon="8.98986842">
<ele>160.0823</ele>
<time>2026-05-08T09:40:50Z</time>
</trkpt>
<trkpt lat="45.50513657" lon="8.99031894">
<ele>160.13513</ele>
<time>2026-05-08T09:40:51Z</time>
</trkpt>
<trkpt lat="45.50517417" lon="8.99078763">
<ele>160.20384</ele>
<time>2026-05-08T09:40:52Z</time>
</trkpt>
<trkpt lat="45.50521043" lon="8.9912311">
<ele>160.2567</ele>
<time>2026-05-08T09:40:53Z</time>
</trkpt>
<trkpt lat="45.50524666" lon="8.991686">
<ele>160.19327</ele>
<time>2026-05-08T09:40:54Z</time>
</trkpt>
<trkpt lat="45.50528289" lon="8.99214045">
<ele>160.08759</ele>
<time>2026-05-08T09:40:55Z</time>
</trkpt>
<trkpt lat="45.50531841" lon="8.99258054">
<ele>159.88148</ele>
<time>2026-05-08T09:40:56Z</time>
</trkpt>
<trkpt lat="45.50535566" lon="8.99304882">
<ele>159.64366</ele>
<time>2026-05-08T09:40:57Z</time>
</trkpt>
<trkpt lat="45.50539313" lon="8.9935025">
<ele>159.26846</ele>
<time>2026-05-08T09:40:58Z</time>
</trkpt>
<trkpt lat="45.50542989" lon="8.99395623">
<ele>158.93024</ele>
<time>2026-05-08T09:40:59Z</time>
</trkpt>
<trkpt lat="45.5054666" lon="8.99441028">
<ele>158.47047</ele>
<time>2026-05-08T09:41:00Z</time>
</trkpt>
<trkpt lat="45.5055033" lon="8.99486361">
<ele>157.95786</ele>
<time>2026-05-08T09:41:01Z</time>
</trkpt>
<trkpt lat="45.50553895" lon="8.99531738">
<ele>157.38713</ele>
<time>2026-05-08T09:41:02Z</time>
</trkpt>
<trkpt lat="45.50557554" lon="8.99577128">
<ele>156.80582</ele>
<time>2026-05-08T09:41:03Z</time>
</trkpt>
<trkpt lat="45.50561217" lon="8.99620965">
<ele>156.16109</ele>
<time>2026-05-08T09:41:04Z</time>
</trkpt>
<trkpt lat="45.50564996" lon="8.99667757">
<ele>155.51108</ele>
<time>2026-05-08T09:41:05Z</time>
</trkpt>
<trkpt lat="45.5056861" lon="8.99713269">
<ele>154.94563</ele>
<time>2026-05-08T09:41:06Z</time>
</trkpt>
<trkpt lat="45.50572207" lon="8.99758743">
<ele>154.33789</ele>
<time>2026-05-08T09:41:07Z</time>
</trkpt>
<trkpt lat="45.50575815" lon="8.99804275">
<ele>154.17407</ele>
<time>2026-05-08T09:41:08Z</time>
</trkpt>
<trkpt lat="45.5057949" lon="8.99849861">
<ele>153.98383</ele>
<time>2026-05-08T09:41:09Z</time>
</trkpt>
<trkpt lat="45.50616116" lon="9.00303106">
<ele>149.72969</ele>
<time>2026-05-08T09:41:19Z</time>
</trkpt>
<trkpt lat="45.50619778" lon="9.00348428">
<ele>149.68213</ele>
<time>2026-05-08T09:41:20Z</time>
</trkpt>
<trkpt lat="45.50623615" lon="9.00393883">
<ele>149.6187</ele>
<time>2026-05-08T09:41:21Z</time>
</trkpt>
<trkpt lat="45.50627536" lon="9.00438752">
<ele>149.4496</ele>
<time>2026-05-08T09:41:22Z</time>
</trkpt>
<trkpt lat="45.50631145" lon="9.00483564">
<ele>149.36505</ele>
<time>2026-05-08T09:41:23Z</time>
</trkpt>
<trkpt lat="45.50634957" lon="9.0052902">
<ele>149.35977</ele>
<time>2026-05-08T09:41:24Z</time>
</trkpt>
<trkpt lat="45.50638338" lon="9.00574516">
<ele>149.29634</ele>
<time>2026-05-08T09:41:25Z</time>
</trkpt>
<trkpt lat="45.50641772" lon="9.00619859">
<ele>149.23822</ele>
<time>2026-05-08T09:41:26Z</time>
</trkpt>
<trkpt lat="45.50645304" lon="9.00665256">
<ele>149.31747</ele>
<time>2026-05-08T09:41:27Z</time>
</trkpt>
<trkpt lat="45.50648992" lon="9.00710684">
<ele>149.4179</ele>
<time>2026-05-08T09:41:28Z</time>
</trkpt>
<trkpt lat="45.50652575" lon="9.00756136">
<ele>149.4179</ele>
<time>2026-05-08T09:41:29Z</time>
</trkpt>
<trkpt lat="45.50656596" lon="9.00801519">
<ele>149.47073</ele>
<time>2026-05-08T09:41:30Z</time>
</trkpt>
<trkpt lat="45.50660345" lon="9.00846986">
<ele>149.60284</ele>
<time>2026-05-08T09:41:31Z</time>
</trkpt>
<trkpt lat="45.50664486" lon="9.00893454">
<ele>149.85123</ele>
<time>2026-05-08T09:41:32Z</time>
</trkpt>
<trkpt lat="45.50668343" lon="9.00937349">
<ele>150.00977</ele>
<time>2026-05-08T09:41:33Z</time>
</trkpt>
<trkpt lat="45.50672583" lon="9.0098255">
<ele>150.0679</ele>
<time>2026-05-08T09:41:34Z</time>
</trkpt>
<trkpt lat="45.5067662" lon="9.0102778">
<ele>150.18416</ele>
<time>2026-05-08T09:41:35Z</time>
</trkpt>
<trkpt lat="45.50680883" lon="9.01073111">
<ele>150.43784</ele>
<time>2026-05-08T09:41:36Z</time>
</trkpt>
<trkpt lat="45.50685115" lon="9.01118025">
<ele>150.46425</ele>
<time>2026-05-08T09:41:37Z</time>
</trkpt>
<trkpt lat="45.50689336" lon="9.01161343">
<ele>150.4801</ele>
<time>2026-05-08T09:41:38Z</time>
</trkpt>
<trkpt lat="45.50693445" lon="9.01203598">
<ele>150.43784</ele>
<time>2026-05-08T09:41:39Z</time>
</trkpt>
<trkpt lat="45.50697713" lon="9.01246638">
<ele>150.43254</ele>
<time>2026-05-08T09:41:40Z</time>
</trkpt>
<trkpt lat="45.50701709" lon="9.01287249">
<ele>150.39555</ele>
<time>2026-05-08T09:41:41Z</time>
</trkpt>
<trkpt lat="45.5070578" lon="9.0132832">
<ele>150.2793</ele>
<time>2026-05-08T09:41:42Z</time>
</trkpt>
<trkpt lat="45.5071001" lon="9.01369217">
<ele>150.12604</ele>
<time>2026-05-08T09:41:43Z</time>
</trkpt>
<trkpt lat="45.50714129" lon="9.01409617">
<ele>150.04677</ele>
<time>2026-05-08T09:41:44Z</time>
</trkpt>
<trkpt lat="45.5071829" lon="9.01450524">
<ele>150.08376</ele>
<time>2026-05-08T09:41:45Z</time>
</trkpt>
<trkpt lat="45.50722405" lon="9.01490735">
<ele>150.11018</ele>
<time>2026-05-08T09:41:46Z</time>
</trkpt>
<trkpt lat="45.50726289" lon="9.01529849">
<ele>149.87238</ele>
<time>2026-05-08T09:41:47Z</time>
</trkpt>
<trkpt lat="45.50730648" lon="9.0157069">
<ele>149.8618</ele>
<time>2026-05-08T09:41:48Z</time>
</trkpt>
<trkpt lat="45.50735012" lon="9.01610746">
<ele>149.9622</ele>
<time>2026-05-08T09:41:49Z</time>
</trkpt>
<trkpt lat="45.50739552" lon="9.01651021">
<ele>149.91992</ele>
<time>2026-05-08T09:41:50Z</time>
</trkpt>
<trkpt lat="45.50744029" lon="9.01691617">
<ele>149.66628</ele>
<time>2026-05-08T09:41:51Z</time>
</trkpt>
<trkpt lat="45.5074839" lon="9.01731037">
<ele>149.53944</ele>
<time>2026-05-08T09:41:52Z</time>
</trkpt>
<trkpt lat="45.50752987" lon="9.01773074">
<ele>149.42845</ele>
<time>2026-05-08T09:41:53Z</time>
</trkpt>
<trkpt lat="45.50757639" lon="9.01814174">
<ele>149.30692</ele>
<time>2026-05-08T09:41:54Z</time>
</trkpt>
<trkpt lat="45.5076195" lon="9.01853381">
<ele>149.16423</ele>
<time>2026-05-08T09:41:55Z</time>
</trkpt>
<trkpt lat="45.50766309" lon="9.0189443">
<ele>149.07968</ele>
<time>2026-05-08T09:41:56Z</time>
</trkpt>
<trkpt lat="45.507705" lon="9.01934326">
<ele>149.07439</ele>
<time>2026-05-08T09:41:57Z</time>
</trkpt>
<trkpt lat="45.50774641" lon="9.01973915">
<ele>149.25407</ele>
<time>2026-05-08T09:41:58Z</time>
</trkpt>
<trkpt lat="45.50778717" lon="9.02013423">
<ele>149.03212</ele>
<time>2026-05-08T09:41:59Z</time>
</trkpt>
<trkpt lat="45.50782751" lon="9.02051593">
<ele>148.91057</ele>
<time>2026-05-08T09:42:00Z</time>
</trkpt>
<trkpt lat="45.50786949" lon="9.02092153">
<ele>148.77846</ele>
<time>2026-05-08T09:42:01Z</time>
</trkpt>
<trkpt lat="45.50791163" lon="9.02131781">
<ele>148.68861</ele>
<time>2026-05-08T09:42:02Z</time>
</trkpt>
<trkpt lat="45.50795372" lon="9.02171761">
<ele>148.70975</ele>
<time>2026-05-08T09:42:03Z</time>
</trkpt>
<trkpt lat="45.50799729" lon="9.02212133">
<ele>148.67276</ele>
<time>2026-05-08T09:42:04Z</time>
</trkpt>
<trkpt lat="45.50804119" lon="9.02252797">
<ele>148.66219</ele>
<time>2026-05-08T09:42:05Z</time>
</trkpt>
<trkpt lat="45.50808608" lon="9.02293578">
<ele>148.6252</ele>
<time>2026-05-08T09:42:06Z</time>
</trkpt>
<trkpt lat="45.50813024" lon="9.02334562">
<ele>148.6252</ele>
<time>2026-05-08T09:42:07Z</time>
</trkpt>
<trkpt lat="45.50817249" lon="9.02374301">
<ele>148.55121</ele>
<time>2026-05-08T09:42:08Z</time>
</trkpt>
<trkpt lat="45.50821983" lon="9.02416728">
<ele>148.61992</ele>
<time>2026-05-08T09:42:09Z</time>
</trkpt>
<trkpt lat="45.50826527" lon="9.0245811">
<ele>148.66219</ele>
<time>2026-05-08T09:42:10Z</time>
</trkpt>
<trkpt lat="45.50831016" lon="9.02499535">
<ele>148.64633</ele>
<time>2026-05-08T09:42:11Z</time>
</trkpt>
<trkpt lat="45.50835566" lon="9.02541546">
<ele>148.6252</ele>
<time>2026-05-08T09:42:12Z</time>
</trkpt>
<trkpt lat="45.50839948" lon="9.02583123">
<ele>148.68861</ele>
<time>2026-05-08T09:42:13Z</time>
</trkpt>
<trkpt lat="45.50844357" lon="9.02625141">
<ele>148.75731</ele>
<time>2026-05-08T09:42:14Z</time>
</trkpt>
<trkpt lat="45.50848692" lon="9.02666471">
<ele>148.7943</ele>
<time>2026-05-08T09:42:15Z</time>
</trkpt>
<trkpt lat="45.5085321" lon="9.02708982">
<ele>148.87358</ele>
<time>2026-05-08T09:42:16Z</time>
</trkpt>
<trkpt lat="45.50858002" lon="9.02753124">
<ele>148.8313</ele>
<time>2026-05-08T09:42:17Z</time>
</trkpt>
<trkpt lat="45.50862656" lon="9.02795631">
<ele>148.75203</ele>
<time>2026-05-08T09:42:18Z</time>
</trkpt>
<trkpt lat="45.50867297" lon="9.02838792">
<ele>148.6252</ele>
<time>2026-05-08T09:42:19Z</time>
</trkpt>
<trkpt lat="45.50871916" lon="9.02882224">
<ele>148.56178</ele>
<time>2026-05-08T09:42:20Z</time>
</trkpt>
<trkpt lat="45.50876509" lon="9.02925669">
<ele>148.4191</ele>
<time>2026-05-08T09:42:21Z</time>
</trkpt>
<trkpt lat="45.5088115" lon="9.02969418">
<ele>148.30284</ele>
<time>2026-05-08T09:42:22Z</time>
</trkpt>
<trkpt lat="45.50885702" lon="9.0301093">
<ele>148.16544</ele>
<time>2026-05-08T09:42:23Z</time>
</trkpt>
<trkpt lat="45.50890508" lon="9.03054526">
<ele>148.0016</ele>
<time>2026-05-08T09:42:24Z</time>
</trkpt>
<trkpt lat="45.50895291" lon="9.03097473">
<ele>147.98047</ele>
<time>2026-05-08T09:42:25Z</time>
</trkpt>
<trkpt lat="45.5090008" lon="9.03140297">
<ele>147.90648</ele>
<time>2026-05-08T09:42:26Z</time>
</trkpt>
<trkpt lat="45.50904826" lon="9.03182523">
<ele>147.92233</ele>
<time>2026-05-08T09:42:27Z</time>
</trkpt>
<trkpt lat="45.50909609" lon="9.03226155">
<ele>147.90648</ele>
<time>2026-05-08T09:42:28Z</time>
</trkpt>
<trkpt lat="45.50914049" lon="9.0326928">
<ele>147.95934</ele>
<time>2026-05-08T09:42:29Z</time>
</trkpt>
<trkpt lat="45.50918478" lon="9.03312518">
<ele>148.05974</ele>
<time>2026-05-08T09:42:30Z</time>
</trkpt>
<trkpt lat="45.50922889" lon="9.03355951">
<ele>148.16014</ele>
<time>2026-05-08T09:42:31Z</time>
</trkpt>
<trkpt lat="45.50927423" lon="9.0339909">
<ele>148.139</ele>
<time>2026-05-08T09:42:32Z</time>
</trkpt>
<trkpt lat="45.50932082" lon="9.03443053">
<ele>148.15486</ele>
<time>2026-05-08T09:42:33Z</time>
</trkpt>
<trkpt lat="45.50936871" lon="9.0348611">
<ele>148.16544</ele>
<time>2026-05-08T09:42:34Z</time>
</trkpt>
<trkpt lat="45.50941726" lon="9.03530079">
<ele>148.1073</ele>
<time>2026-05-08T09:42:35Z</time>
</trkpt>
<trkpt lat="45.50946652" lon="9.03574612">
<ele>148.04388</ele>
<time>2026-05-08T09:42:36Z</time>
</trkpt>
<trkpt lat="45.50951316" lon="9.03616986">
<ele>147.98576</ele>
<time>2026-05-08T09:42:37Z</time>
</trkpt>
<trkpt lat="45.50956058" lon="9.03660382">
<ele>147.96991</ele>
<time>2026-05-08T09:42:38Z</time>
</trkpt>
<trkpt lat="45.50960627" lon="9.03703254">
<ele>147.94876</ele>
<time>2026-05-08T09:42:39Z</time>
</trkpt>
<trkpt lat="45.5096527" lon="9.03746342">
<ele>147.91176</ele>
<time>2026-05-08T09:42:40Z</time>
</trkpt>
<trkpt lat="45.50969964" lon="9.03789555">
<ele>147.77965</ele>
<time>2026-05-08T09:42:41Z</time>
</trkpt>
<trkpt lat="45.50974666" lon="9.03832356">
<ele>147.5894</ele>
<time>2026-05-08T09:42:42Z</time>
</trkpt>
<trkpt lat="45.5097913" lon="9.03874627">
<ele>147.37274</ele>
<time>2026-05-08T09:42:43Z</time>
</trkpt>
<trkpt lat="45.50983569" lon="9.03917802">
<ele>147.1772</ele>
<time>2026-05-08T09:42:44Z</time>
</trkpt>
<trkpt lat="45.5098775" lon="9.03957868">
<ele>147.14021</ele>
<time>2026-05-08T09:42:45Z</time>
</trkpt>
<trkpt lat="45.50992107" lon="9.03999105">
<ele>146.96053</ele>
<time>2026-05-08T09:42:46Z</time>
</trkpt>
<trkpt lat="45.50996561" lon="9.04040905">
<ele>146.84955</ele>
<time>2026-05-08T09:42:47Z</time>
</trkpt>
<trkpt lat="45.51000894" lon="9.04081214">
<ele>146.82314</ele>
<time>2026-05-08T09:42:48Z</time>
</trkpt>
<trkpt lat="45.51005404" lon="9.04124386">
<ele>146.70158</ele>
<time>2026-05-08T09:42:49Z</time>
</trkpt>
<trkpt lat="45.51009882" lon="9.04166361">
<ele>146.60118</ele>
<time>2026-05-08T09:42:50Z</time>
</trkpt>
<trkpt lat="45.51014544" lon="9.0420829">
<ele>146.53247</ele>
<time>2026-05-08T09:42:51Z</time>
</trkpt>
<trkpt lat="45.5101917" lon="9.04250219">
<ele>146.45322</ele>
<time>2026-05-08T09:42:52Z</time>
</trkpt>
<trkpt lat="45.51023763" lon="9.04292302">
<ele>146.42151</ele>
<time>2026-05-08T09:42:53Z</time>
</trkpt>
<trkpt lat="45.51028383" lon="9.04334332">
<ele>146.38979</ele>
<time>2026-05-08T09:42:54Z</time>
</trkpt>
<trkpt lat="45.51032976" lon="9.04375969">
<ele>146.3528</ele>
<time>2026-05-08T09:42:55Z</time>
</trkpt>
<trkpt lat="45.51037235" lon="9.04415354">
<ele>146.30524</ele>
<time>2026-05-08T09:42:56Z</time>
</trkpt>
<trkpt lat="45.51041638" lon="9.04456001">
<ele>146.16783</ele>
<time>2026-05-08T09:42:57Z</time>
</trkpt>
<trkpt lat="45.5104569" lon="9.04493954">
<ele>146.03044</ele>
<time>2026-05-08T09:42:58Z</time>
</trkpt>
<trkpt lat="45.51049618" lon="9.04530599">
<ele>145.82962</ele>
<time>2026-05-08T09:42:59Z</time>
</trkpt>
<trkpt lat="45.51053506" lon="9.04566782">
<ele>145.63937</ele>
<time>2026-05-08T09:43:00Z</time>
</trkpt>
<trkpt lat="45.51057432" lon="9.04602877">
<ele>145.44913</ele>
<time>2026-05-08T09:43:01Z</time>
</trkpt>
<trkpt lat="45.51061379" lon="9.04639228">
<ele>145.33287</ele>
<time>2026-05-08T09:43:02Z</time>
</trkpt>
<trkpt lat="45.51065316" lon="9.04675568">
<ele>145.20074</ele>
<time>2026-05-08T09:43:03Z</time>
</trkpt>
<trkpt lat="45.51069149" lon="9.04710829">
<ele>145.03165</ele>
<time>2026-05-08T09:43:04Z</time>
</trkpt>
<trkpt lat="45.51073242" lon="9.0474812">
<ele>144.89952</ele>
<time>2026-05-08T09:43:05Z</time>
</trkpt>
<trkpt lat="45.51077105" lon="9.04783941">
<ele>144.78854</ele>
<time>2026-05-08T09:43:06Z</time>
</trkpt>
<trkpt lat="45.51080945" lon="9.04819558">
<ele>144.68286</ele>
<time>2026-05-08T09:43:07Z</time>
</trkpt>
<trkpt lat="45.51084721" lon="9.04855049">
<ele>144.46619</ele>
<time>2026-05-08T09:43:08Z</time>
</trkpt>
<trkpt lat="45.51088469" lon="9.04890933">
<ele>144.36577</ele>
<time>2026-05-08T09:43:09Z</time>
</trkpt>
<trkpt lat="45.51092215" lon="9.04927048">
<ele>144.28651</ele>
<time>2026-05-08T09:43:10Z</time>
</trkpt>
<trkpt lat="45.51096188" lon="9.04963082">
<ele>144.22308</ele>
<time>2026-05-08T09:43:11Z</time>
</trkpt>
<trkpt lat="45.51100128" lon="9.04997918">
<ele>144.20723</ele>
<time>2026-05-08T09:43:12Z</time>
</trkpt>
<trkpt lat="45.51104182" lon="9.05034042">
<ele>144.13326</ele>
<time>2026-05-08T09:43:13Z</time>
</trkpt>
<trkpt lat="45.51107844" lon="9.05067541">
<ele>144.05927</ele>
<time>2026-05-08T09:43:14Z</time>
</trkpt>
<trkpt lat="45.51111365" lon="9.05099397">
<ele>143.9113</ele>
<time>2026-05-08T09:43:15Z</time>
</trkpt>
<trkpt lat="45.5111463" lon="9.05130168">
<ele>143.74219</ele>
<time>2026-05-08T09:43:16Z</time>
</trkpt>
<trkpt lat="45.511178" lon="9.0515995">
<ele>143.55194</ele>
<time>2026-05-08T09:43:17Z</time>
</trkpt>
<trkpt lat="45.51120892" lon="9.05188935">
<ele>143.34584</ele>
<time>2026-05-08T09:43:18Z</time>
</trkpt>
<trkpt lat="45.5112399" lon="9.05217698">
<ele>143.00763</ele>
<time>2026-05-08T09:43:19Z</time>
</trkpt>
<trkpt lat="45.5112687" lon="9.05244792">
<ele>142.71696</ele>
<time>2026-05-08T09:43:20Z</time>
</trkpt>
<trkpt lat="45.51129765" lon="9.05273037">
<ele>142.40518</ele>
<time>2026-05-08T09:43:21Z</time>
</trkpt>
<trkpt lat="45.5113262" lon="9.05300042">
<ele>142.0564</ele>
<time>2026-05-08T09:43:22Z</time>
</trkpt>
<trkpt lat="45.5113556" lon="9.05326891">
<ele>141.7076</ele>
<time>2026-05-08T09:43:23Z</time>
</trkpt>
<trkpt lat="45.51138462" lon="9.05353552">
<ele>141.37996</ele>
<time>2026-05-08T09:43:24Z</time>
</trkpt>
<trkpt lat="45.51141342" lon="9.05380157">
<ele>141.05759</ele>
<time>2026-05-08T09:43:25Z</time>
</trkpt>
<trkpt lat="45.51144253" lon="9.05406718">
<ele>140.75636</ele>
<time>2026-05-08T09:43:26Z</time>
</trkpt>
<trkpt lat="45.51147261" lon="9.05433135">
<ele>140.48685</ele>
<time>2026-05-08T09:43:27Z</time>
</trkpt>
<trkpt lat="45.51150145" lon="9.05459157">
<ele>140.21733</ele>
<time>2026-05-08T09:43:28Z</time>
</trkpt>
<trkpt lat="45.51152908" lon="9.05484191">
<ele>139.90025</ele>
<time>2026-05-08T09:43:29Z</time>
</trkpt>
<trkpt lat="45.51155489" lon="9.05508369">
<ele>139.58847</ele>
<time>2026-05-08T09:43:30Z</time>
</trkpt>
<trkpt lat="45.51157975" lon="9.05532226">
<ele>139.41936</ele>
<time>2026-05-08T09:43:31Z</time>
</trkpt>
<trkpt lat="45.51160615" lon="9.05557228">
<ele>139.11813</ele>
<time>2026-05-08T09:43:32Z</time>
</trkpt>
<trkpt lat="45.51163083" lon="9.05581203">
<ele>138.8856</ele>
<time>2026-05-08T09:43:33Z</time>
</trkpt>
<trkpt lat="45.51165696" lon="9.0560646">
<ele>138.72179</ele>
<time>2026-05-08T09:43:34Z</time>
</trkpt>
<trkpt lat="45.5116847" lon="9.05632105">
<ele>138.55795</ele>
<time>2026-05-08T09:43:35Z</time>
</trkpt>
<trkpt lat="45.51171296" lon="9.05657917">
<ele>138.53682</ele>
<time>2026-05-08T09:43:36Z</time>
</trkpt>
<trkpt lat="45.51174019" lon="9.0568378">
<ele>138.45226</ele>
<time>2026-05-08T09:43:37Z</time>
</trkpt>
<trkpt lat="45.51176715" lon="9.05709702">
<ele>138.32542</ele>
<time>2026-05-08T09:43:38Z</time>
</trkpt>
<trkpt lat="45.51179407" lon="9.05735068">
<ele>138.17218</ele>
<time>2026-05-08T09:43:39Z</time>
</trkpt>
<trkpt lat="45.51182001" lon="9.05759341">
<ele>137.97136</ele>
<time>2026-05-08T09:43:40Z</time>
</trkpt>
<trkpt lat="45.51184093" lon="9.05779829">
<ele>137.71242</ele>
<time>2026-05-08T09:43:41Z</time>
</trkpt>
<trkpt lat="45.51186124" lon="9.05798629">
<ele>137.46933</ele>
<time>2026-05-08T09:43:42Z</time>
</trkpt>
<trkpt lat="45.51188152" lon="9.05815711">
<ele>137.1998</ele>
<time>2026-05-08T09:43:43Z</time>
</trkpt>
<trkpt lat="45.5119021" lon="9.05831015">
<ele>136.94614</ele>
<time>2026-05-08T09:43:44Z</time>
</trkpt>
<trkpt lat="45.51192226" lon="9.05845423">
<ele>136.69247</ele>
<time>2026-05-08T09:43:45Z</time>
</trkpt>
<trkpt lat="45.51193962" lon="9.05857198">
<ele>136.42296</ele>
<time>2026-05-08T09:43:46Z</time>
</trkpt>
<trkpt lat="45.51195518" lon="9.05867281">
<ele>136.19572</ele>
<time>2026-05-08T09:43:47Z</time>
</trkpt>
<trkpt lat="45.51196947" lon="9.05876579">
<ele>135.97905</ele>
<time>2026-05-08T09:43:48Z</time>
</trkpt>
<trkpt lat="45.51198276" lon="9.0588469">
<ele>135.75182</ele>
<time>2026-05-08T09:43:49Z</time>
</trkpt>
<trkpt lat="45.51199452" lon="9.05892504">
<ele>135.551</ele>
<time>2026-05-08T09:43:50Z</time>
</trkpt>
<trkpt lat="45.51200387" lon="9.059007">
<ele>135.39246</ele>
<time>2026-05-08T09:43:51Z</time>
</trkpt>
<trkpt lat="45.51201261" lon="9.05909581">
<ele>135.26035</ele>
<time>2026-05-08T09:43:52Z</time>
</trkpt>
<trkpt lat="45.51201961" lon="9.05919752">
<ele>135.15465</ele>
<time>2026-05-08T09:43:53Z</time>
</trkpt>
<trkpt lat="45.51202772" lon="9.05930528">
<ele>135.04895</ele>
<time>2026-05-08T09:43:54Z</time>
</trkpt>
<trkpt lat="45.51203492" lon="9.05941678">
<ele>134.97498</ele>
<time>2026-05-08T09:43:55Z</time>
</trkpt>
<trkpt lat="45.51204409" lon="9.0595336">
<ele>134.91684</ele>
<time>2026-05-08T09:43:56Z</time>
</trkpt>
<trkpt lat="45.5120527" lon="9.05965629">
<ele>134.87456</ele>
<time>2026-05-08T09:43:57Z</time>
</trkpt>
<trkpt lat="45.51205927" lon="9.05977879">
<ele>134.87456</ele>
<time>2026-05-08T09:43:58Z</time>
</trkpt>
<trkpt lat="45.51206502" lon="9.059901">
<ele>134.90099</ele>
<time>2026-05-08T09:43:59Z</time>
</trkpt>
<trkpt lat="45.51206668" lon="9.06001481">
<ele>134.88513</ele>
<time>2026-05-08T09:44:00Z</time>
</trkpt>
<trkpt lat="45.51206371" lon="9.06013098">
<ele>134.84285</ele>
<time>2026-05-08T09:44:01Z</time>
</trkpt>
<trkpt lat="45.51205592" lon="9.0602386">
<ele>134.79001</ele>
<time>2026-05-08T09:44:02Z</time>
</trkpt>
<trkpt lat="45.51204718" lon="9.06033616">
<ele>134.71602</ele>
<time>2026-05-08T09:44:03Z</time>
</trkpt>
<trkpt lat="45.51204088" lon="9.06042243">
<ele>134.6579</ele>
<time>2026-05-08T09:44:04Z</time>
</trkpt>
<trkpt lat="45.51203572" lon="9.06049916">
<ele>134.59447</ele>
<time>2026-05-08T09:44:05Z</time>
</trkpt>
<trkpt lat="45.51203261" lon="9.06055925">
<ele>134.52577</ele>
<time>2026-05-08T09:44:06Z</time>
</trkpt>
<trkpt lat="45.51203383" lon="9.06060643">
<ele>134.46765</ele>
<time>2026-05-08T09:44:07Z</time>
</trkpt>
<trkpt lat="45.51204062" lon="9.0606518">
<ele>134.43593</ele>
<time>2026-05-08T09:44:08Z</time>
</trkpt>
<trkpt lat="45.51205333" lon="9.06070449">
<ele>134.4148</ele>
<time>2026-05-08T09:44:09Z</time>
</trkpt>
<trkpt lat="45.51206473" lon="9.06075119">
<ele>134.3778</ele>
<time>2026-05-08T09:44:10Z</time>
</trkpt>
<trkpt lat="45.51207452" lon="9.06079408">
<ele>134.34082</ele>
<time>2026-05-08T09:44:11Z</time>
</trkpt>
<trkpt lat="45.51208294" lon="9.06083565">
<ele>134.32497</ele>
<time>2026-05-08T09:44:12Z</time>
</trkpt>
<trkpt lat="45.51209002" lon="9.06087641">
<ele>134.31439</ele>
<time>2026-05-08T09:44:13Z</time>
</trkpt>
<trkpt lat="45.51209669" lon="9.06091689">
<ele>134.30911</ele>
<time>2026-05-08T09:44:14Z</time>
</trkpt>
<trkpt lat="45.5121013" lon="9.06095318">
<ele>134.50993</ele>
<time>2026-05-08T09:44:15Z</time>
</trkpt>
<trkpt lat="45.51210503" lon="9.0609814">
<ele>134.69489</ele>
<time>2026-05-08T09:44:16Z</time>
</trkpt>
<trkpt lat="45.51210892" lon="9.06100612">
<ele>134.86928</ele>
<time>2026-05-08T09:44:17Z</time>
</trkpt>
<trkpt lat="45.51211081" lon="9.06102264">
<ele>135.14409</ele>
<time>2026-05-08T09:44:19Z</time>
</trkpt>
<trkpt lat="45.51214052" lon="9.06104938">
<ele>135.22334</ele>
<time>2026-05-08T09:44:20Z</time>
</trkpt>
<trkpt lat="45.51221506" lon="9.06110722">
<ele>135.29733</ele>
<time>2026-05-08T09:44:21Z</time>
</trkpt>
<trkpt lat="45.51230052" lon="9.06117054">
<ele>135.3766</ele>
<time>2026-05-08T09:44:22Z</time>
</trkpt>
<trkpt lat="45.51222357" lon="9.06179781">
<ele>136.75061</ele>
<time>2026-05-08T09:45:39Z</time>
</trkpt>
<trkpt lat="45.51225414" lon="9.06196582">
<ele>136.70833</ele>
<time>2026-05-08T09:45:40Z</time>
</trkpt>
<trkpt lat="45.51228591" lon="9.06213126">
<ele>136.66606</ele>
<time>2026-05-08T09:45:41Z</time>
</trkpt>
<trkpt lat="45.51231463" lon="9.06232066">
<ele>136.63963</ele>
<time>2026-05-08T09:45:42Z</time>
</trkpt>
<trkpt lat="45.51233731" lon="9.06251276">
<ele>136.60263</ele>
<time>2026-05-08T09:45:43Z</time>
</trkpt>
<trkpt lat="45.51237195" lon="9.06272284">
<ele>136.6132</ele>
<time>2026-05-08T09:45:44Z</time>
</trkpt>
<trkpt lat="45.51240657" lon="9.06293377">
<ele>136.5815</ele>
<time>2026-05-08T09:45:45Z</time>
</trkpt>
<trkpt lat="45.51242734" lon="9.06313644">
<ele>136.52866</ele>
<time>2026-05-08T09:45:46Z</time>
</trkpt>
<trkpt lat="45.51244546" lon="9.06333703">
<ele>136.39125</ele>
<time>2026-05-08T09:45:47Z</time>
</trkpt>
<trkpt lat="45.51246811" lon="9.06354519">
<ele>136.275</ele>
<time>2026-05-08T09:45:48Z</time>
</trkpt>
<trkpt lat="45.51248812" lon="9.0637578">
<ele>136.15344</ele>
<time>2026-05-08T09:45:49Z</time>
</trkpt>
<trkpt lat="45.51251675" lon="9.06399969">
<ele>136.0689</ele>
<time>2026-05-08T09:45:50Z</time>
</trkpt>
<trkpt lat="45.51254997" lon="9.06423964">
<ele>136.00018</ele>
<time>2026-05-08T09:45:51Z</time>
</trkpt>
<trkpt lat="45.51257621" lon="9.06451059">
<ele>135.95792</ele>
<time>2026-05-08T09:45:52Z</time>
</trkpt>
<trkpt lat="45.5125926" lon="9.06476209">
<ele>135.97377</ele>
<time>2026-05-08T09:45:53Z</time>
</trkpt>
<trkpt lat="45.5126336" lon="9.06501851">
<ele>135.98962</ele>
<time>2026-05-08T09:45:54Z</time>
</trkpt>
<trkpt lat="45.51268247" lon="9.06525025">
<ele>135.9949</ele>
<time>2026-05-08T09:45:55Z</time>
</trkpt>
<trkpt lat="45.51270987" lon="9.06551769">
<ele>136.04248</ele>
<time>2026-05-08T09:45:56Z</time>
</trkpt>
<trkpt lat="45.51273615" lon="9.06579489">
<ele>136.07947</ele>
<time>2026-05-08T09:45:57Z</time>
</trkpt>
<trkpt lat="45.51276363" lon="9.0660704">
<ele>136.09003</ele>
<time>2026-05-08T09:45:58Z</time>
</trkpt>
<trkpt lat="45.51278965" lon="9.06632804">
<ele>136.13231</ele>
<time>2026-05-08T09:45:59Z</time>
</trkpt>
<trkpt lat="45.51281648" lon="9.06663505">
<ele>136.17987</ele>
<time>2026-05-08T09:46:00Z</time>
</trkpt>
<trkpt lat="45.51283797" lon="9.06691115">
<ele>136.19572</ele>
<time>2026-05-08T09:46:01Z</time>
</trkpt>
<trkpt lat="45.51286941" lon="9.06719322">
<ele>136.19572</ele>
<time>2026-05-08T09:46:02Z</time>
</trkpt>
<trkpt lat="45.51289432" lon="9.06744226">
<ele>136.2063</ele>
<time>2026-05-08T09:46:03Z</time>
</trkpt>
<trkpt lat="45.51292222" lon="9.06771775">
<ele>136.18515</ele>
<time>2026-05-08T09:46:04Z</time>
</trkpt>
<trkpt lat="45.51294875" lon="9.06798703">
<ele>136.16402</ele>
<time>2026-05-08T09:46:05Z</time>
</trkpt>
<trkpt lat="45.51297536" lon="9.06827369">
<ele>136.13759</ele>
<time>2026-05-08T09:46:06Z</time>
</trkpt>
<trkpt lat="45.51300459" lon="9.0685599">
<ele>136.1693</ele>
<time>2026-05-08T09:46:07Z</time>
</trkpt>
<trkpt lat="45.51303303" lon="9.06885491">
<ele>136.20102</ele>
<time>2026-05-08T09:46:08Z</time>
</trkpt>
<trkpt lat="45.51305743" lon="9.06914804">
<ele>136.22215</ele>
<time>2026-05-08T09:46:09Z</time>
</trkpt>
<trkpt lat="45.51308535" lon="9.06943749">
<ele>136.21686</ele>
<time>2026-05-08T09:46:10Z</time>
</trkpt>
<trkpt lat="45.51312084" lon="9.06973583">
<ele>136.22743</ele>
<time>2026-05-08T09:46:11Z</time>
</trkpt>
<trkpt lat="45.51314504" lon="9.07005084">
<ele>136.238</ele>
<time>2026-05-08T09:46:12Z</time>
</trkpt>
<trkpt lat="45.5131648" lon="9.07035171">
<ele>136.26442</ele>
<time>2026-05-08T09:46:13Z</time>
</trkpt>
<trkpt lat="45.5131889" lon="9.07065508">
<ele>136.3067</ele>
<time>2026-05-08T09:46:14Z</time>
</trkpt>
<trkpt lat="45.5132159" lon="9.07097595">
<ele>136.34898</ele>
<time>2026-05-08T09:46:15Z</time>
</trkpt>
<trkpt lat="45.5132425" lon="9.071278">
<ele>136.45995</ele>
<time>2026-05-08T09:46:16Z</time>
</trkpt>
<trkpt lat="45.51327116" lon="9.07159101">
<ele>136.47581</ele>
<time>2026-05-08T09:46:17Z</time>
</trkpt>
<trkpt lat="45.51330642" lon="9.07188417">
<ele>136.46524</ele>
<time>2026-05-08T09:46:18Z</time>
</trkpt>
<trkpt lat="45.51332504" lon="9.07216817">
<ele>136.44939</ele>
<time>2026-05-08T09:46:19Z</time>
</trkpt>
<trkpt lat="45.51334132" lon="9.07246056">
<ele>136.39655</ele>
<time>2026-05-08T09:46:20Z</time>
</trkpt>
<trkpt lat="45.51335867" lon="9.07275463">
<ele>136.34898</ele>
<time>2026-05-08T09:46:21Z</time>
</trkpt>
<trkpt lat="45.51337748" lon="9.07302459">
<ele>136.29085</ele>
<time>2026-05-08T09:46:22Z</time>
</trkpt>
<trkpt lat="45.51339653" lon="9.07332656">
<ele>136.28555</ele>
<time>2026-05-08T09:46:23Z</time>
</trkpt>
<trkpt lat="45.51342247" lon="9.07364899">
<ele>136.35956</ele>
<time>2026-05-08T09:46:24Z</time>
</trkpt>
<trkpt lat="45.51345955" lon="9.0740149">
<ele>136.5128</ele>
<time>2026-05-08T09:46:25Z</time>
</trkpt>
<trkpt lat="45.51348602" lon="9.07433271">
<ele>136.72948</ele>
<time>2026-05-08T09:46:26Z</time>
</trkpt>
<trkpt lat="45.51350574" lon="9.0746658">
<ele>136.962</ele>
<time>2026-05-08T09:46:27Z</time>
</trkpt>
<trkpt lat="45.51352913" lon="9.0749857">
<ele>137.24208</ele>
<time>2026-05-08T09:46:28Z</time>
</trkpt>
<trkpt lat="45.51354791" lon="9.07529815">
<ele>137.55916</ele>
<time>2026-05-08T09:46:29Z</time>
</trkpt>
<trkpt lat="45.51356707" lon="9.07562703">
<ele>137.84453</ele>
<time>2026-05-08T09:46:30Z</time>
</trkpt>
<trkpt lat="45.5135909" lon="9.0759383">
<ele>138.14575</ele>
<time>2026-05-08T09:46:31Z</time>
</trkpt>
<trkpt lat="45.51360157" lon="9.07624672">
<ele>138.373</ele>
<time>2026-05-08T09:46:32Z</time>
</trkpt>
<trkpt lat="45.51361924" lon="9.07654539">
<ele>138.65308</ele>
<time>2026-05-08T09:46:33Z</time>
</trkpt>
<trkpt lat="45.51363109" lon="9.07684611">
<ele>138.93845</ele>
<time>2026-05-08T09:46:34Z</time>
</trkpt>
<trkpt lat="45.5136417" lon="9.07715569">
<ele>139.13927</ele>
<time>2026-05-08T09:46:35Z</time>
</trkpt>
<trkpt lat="45.51364972" lon="9.07746742">
<ele>139.28725</ele>
<time>2026-05-08T09:46:36Z</time>
</trkpt>
<trkpt lat="45.51366988" lon="9.07778775">
<ele>139.43521</ele>
<time>2026-05-08T09:46:37Z</time>
</trkpt>
<trkpt lat="45.5136844" lon="9.07809485">
<ele>139.5779</ele>
<time>2026-05-08T09:46:38Z</time>
</trkpt>
<trkpt lat="45.51370717" lon="9.07843138">
<ele>139.71529</ele>
<time>2026-05-08T09:46:39Z</time>
</trkpt>
<trkpt lat="45.51372661" lon="9.0787595">
<ele>139.86327</ele>
<time>2026-05-08T09:46:40Z</time>
</trkpt>
<trkpt lat="45.51374763" lon="9.07910589">
<ele>140.03766</ele>
<time>2026-05-08T09:46:41Z</time>
</trkpt>
<trkpt lat="45.51376253" lon="9.07944683">
<ele>140.2966</ele>
<time>2026-05-08T09:46:42Z</time>
</trkpt>
<trkpt lat="45.51378085" lon="9.07978061">
<ele>140.62425</ele>
<time>2026-05-08T09:46:43Z</time>
</trkpt>
<trkpt lat="45.51379773" lon="9.08011235">
<ele>140.78279</ele>
<time>2026-05-08T09:46:44Z</time>
</trkpt>
<trkpt lat="45.51381552" lon="9.08044388">
<ele>140.85678</ele>
<time>2026-05-08T09:46:45Z</time>
</trkpt>
<trkpt lat="45.5138387" lon="9.08077928">
<ele>140.89905</ele>
<time>2026-05-08T09:46:46Z</time>
</trkpt>
<trkpt lat="45.51385353" lon="9.0811179">
<ele>140.99419</ele>
<time>2026-05-08T09:46:47Z</time>
</trkpt>
<trkpt lat="45.51387439" lon="9.08146309">
<ele>141.04173</ele>
<time>2026-05-08T09:46:48Z</time>
</trkpt>
<trkpt lat="45.51389698" lon="9.08182326">
<ele>141.18971</ele>
<time>2026-05-08T09:46:49Z</time>
</trkpt>
<trkpt lat="45.5139102" lon="9.08218097">
<ele>141.3324</ele>
<time>2026-05-08T09:46:50Z</time>
</trkpt>
<trkpt lat="45.51392153" lon="9.08254402">
<ele>141.37466</ele>
<time>2026-05-08T09:46:51Z</time>
</trkpt>
<trkpt lat="45.51393457" lon="9.08290396">
<ele>141.26369</ele>
<time>2026-05-08T09:46:52Z</time>
</trkpt>
<trkpt lat="45.51394865" lon="9.08329345">
<ele>140.94661</ele>
<time>2026-05-08T09:46:53Z</time>
</trkpt>
<trkpt lat="45.51395982" lon="9.08367027">
<ele>140.56084</ele>
<time>2026-05-08T09:46:54Z</time>
</trkpt>
<trkpt lat="45.51397262" lon="9.08403316">
<ele>140.18034</ele>
<time>2026-05-08T09:46:55Z</time>
</trkpt>
<trkpt lat="45.51399228" lon="9.08439538">
<ele>139.784</ele>
<time>2026-05-08T09:46:56Z</time>
</trkpt>
<trkpt lat="45.51401428" lon="9.08473596">
<ele>139.45107</ele>
<time>2026-05-08T09:46:57Z</time>
</trkpt>
<trkpt lat="45.51403108" lon="9.08508075">
<ele>139.18155</ele>
<time>2026-05-08T09:46:58Z</time>
</trkpt>
<trkpt lat="45.51404703" lon="9.08542028">
<ele>138.91731</ele>
<time>2026-05-08T09:46:59Z</time>
</trkpt>
<trkpt lat="45.51406733" lon="9.08576931">
<ele>138.83276</ele>
<time>2026-05-08T09:47:00Z</time>
</trkpt>
<trkpt lat="45.51409052" lon="9.08613149">
<ele>138.64252</ele>
<time>2026-05-08T09:47:01Z</time>
</trkpt>
<trkpt lat="45.51410863" lon="9.08649221">
<ele>138.42056</ele>
<time>2026-05-08T09:47:02Z</time>
</trkpt>
<trkpt lat="45.51412875" lon="9.08688379">
<ele>138.24088</ele>
<time>2026-05-08T09:47:03Z</time>
</trkpt>
<trkpt lat="45.51412428" lon="9.08716522">
<ele>138.0295</ele>
<time>2026-05-08T09:47:04Z</time>
</trkpt>
<trkpt lat="45.51414369" lon="9.08753079">
<ele>137.86566</ele>
<time>2026-05-08T09:47:05Z</time>
</trkpt>
<trkpt lat="45.51415525" lon="9.08788024">
<ele>137.8181</ele>
<time>2026-05-08T09:47:06Z</time>
</trkpt>
<trkpt lat="45.51416536" lon="9.08822763">
<ele>137.7864</ele>
<time>2026-05-08T09:47:07Z</time>
</trkpt>
<trkpt lat="45.51418604" lon="9.0886063">
<ele>137.73885</ele>
<time>2026-05-08T09:47:08Z</time>
</trkpt>
<trkpt lat="45.51419868" lon="9.08895195">
<ele>137.77055</ele>
<time>2026-05-08T09:47:09Z</time>
</trkpt>
<trkpt lat="45.51421128" lon="9.08930066">
<ele>137.7864</ele>
<time>2026-05-08T09:47:10Z</time>
</trkpt>
<trkpt lat="45.51423316" lon="9.08968412">
<ele>137.74413</ele>
<time>2026-05-08T09:47:11Z</time>
</trkpt>
<trkpt lat="45.51425129" lon="9.09003178">
<ele>137.69656</ele>
<time>2026-05-08T09:47:12Z</time>
</trkpt>
<trkpt lat="45.51426973" lon="9.09043146">
<ele>137.65956</ele>
<time>2026-05-08T09:47:13Z</time>
</trkpt>
<trkpt lat="45.51428792" lon="9.09081056">
<ele>137.56444</ele>
<time>2026-05-08T09:47:14Z</time>
</trkpt>
<trkpt lat="45.51430958" lon="9.0912051">
<ele>137.59616</ele>
<time>2026-05-08T09:47:15Z</time>
</trkpt>
<trkpt lat="45.51431314" lon="9.09152822">
<ele>137.6173</ele>
<time>2026-05-08T09:47:16Z</time>
</trkpt>
<trkpt lat="45.51434666" lon="9.09195998">
<ele>137.52217</ele>
<time>2026-05-08T09:47:17Z</time>
</trkpt>
<trkpt lat="45.5143543" lon="9.09226624">
<ele>137.36891</ele>
<time>2026-05-08T09:47:18Z</time>
</trkpt>
<trkpt lat="45.51436974" lon="9.09264212">
<ele>137.2315</ele>
<time>2026-05-08T09:47:19Z</time>
</trkpt>
<trkpt lat="45.51438084" lon="9.09297747">
<ele>137.12582</ele>
<time>2026-05-08T09:47:20Z</time>
</trkpt>
<trkpt lat="45.51439893" lon="9.09335357">
<ele>137.00427</ele>
<time>2026-05-08T09:47:21Z</time>
</trkpt>
<trkpt lat="45.51441669" lon="9.09371794">
<ele>136.87744</ele>
<time>2026-05-08T09:47:22Z</time>
</trkpt>
<trkpt lat="45.51443186" lon="9.09407914">
<ele>136.77704</ele>
<time>2026-05-08T09:47:23Z</time>
</trkpt>
<trkpt lat="45.51444983" lon="9.09443846">
<ele>136.78232</ele>
<time>2026-05-08T09:47:24Z</time>
</trkpt>
<trkpt lat="45.5144566" lon="9.09477661">
<ele>136.87744</ele>
<time>2026-05-08T09:47:25Z</time>
</trkpt>
<trkpt lat="45.51447221" lon="9.09513544">
<ele>137.03598</ele>
<time>2026-05-08T09:47:26Z</time>
</trkpt>
<trkpt lat="45.5144915" lon="9.09551697">
<ele>137.12054</ele>
<time>2026-05-08T09:47:27Z</time>
</trkpt>
<trkpt lat="45.51450354" lon="9.09586935">
<ele>136.96729</ele>
<time>2026-05-08T09:47:28Z</time>
</trkpt>
<trkpt lat="45.51451607" lon="9.09623837">
<ele>136.8246</ele>
<time>2026-05-08T09:47:29Z</time>
</trkpt>
<trkpt lat="45.51452778" lon="9.09660519">
<ele>136.71362</ele>
<time>2026-05-08T09:47:30Z</time>
</trkpt>
<trkpt lat="45.51453937" lon="9.09695852">
<ele>136.84045</ele>
<time>2026-05-08T09:47:31Z</time>
</trkpt>
<trkpt lat="45.51455993" lon="9.09734677">
<ele>137.05711</ele>
<time>2026-05-08T09:47:32Z</time>
</trkpt>
<trkpt lat="45.51457185" lon="9.09770585">
<ele>137.35306</ele>
<time>2026-05-08T09:47:33Z</time>
</trkpt>
<trkpt lat="45.51458615" lon="9.09809082">
<ele>137.4059</ele>
<time>2026-05-08T09:47:34Z</time>
</trkpt>
<trkpt lat="45.51460161" lon="9.09844764">
<ele>137.38477</ele>
<time>2026-05-08T09:47:35Z</time>
</trkpt>
<trkpt lat="45.51461668" lon="9.09881188">
<ele>137.42705</ele>
<time>2026-05-08T09:47:36Z</time>
</trkpt>
<trkpt lat="45.51463275" lon="9.09918363">
<ele>137.56444</ele>
<time>2026-05-08T09:47:37Z</time>
</trkpt>
<trkpt lat="45.51464029" lon="9.09952374">
<ele>137.90266</ele>
<time>2026-05-08T09:47:38Z</time>
</trkpt>
<trkpt lat="45.51465268" lon="9.09989631">
<ele>138.37828</ele>
<time>2026-05-08T09:47:39Z</time>
</trkpt>
<trkpt lat="45.51466393" lon="9.10024887">
<ele>139.00188</ele>
<time>2026-05-08T09:47:40Z</time>
</trkpt>
<trkpt lat="45.5146772" lon="9.10061566">
<ele>139.21326</ele>
<time>2026-05-08T09:47:41Z</time>
</trkpt>
<trkpt lat="45.51470465" lon="9.10102431">
<ele>139.42464</ele>
<time>2026-05-08T09:47:42Z</time>
</trkpt>
<trkpt lat="45.51472161" lon="9.10139594">
<ele>139.58847</ele>
<time>2026-05-08T09:47:43Z</time>
</trkpt>
<trkpt lat="45.51473497" lon="9.10176376">
<ele>139.90025</ele>
<time>2026-05-08T09:47:44Z</time>
</trkpt>
<trkpt lat="45.51475576" lon="9.10213663">
<ele>140.27547</ele>
<time>2026-05-08T09:47:45Z</time>
</trkpt>
<trkpt lat="45.51476869" lon="9.10249994">
<ele>140.71938</ele>
<time>2026-05-08T09:47:46Z</time>
</trkpt>
<trkpt lat="45.51478575" lon="9.10286983">
<ele>141.01004</ele>
<time>2026-05-08T09:47:47Z</time>
</trkpt>
<trkpt lat="45.51480585" lon="9.10324857">
<ele>141.06816</ele>
<time>2026-05-08T09:47:48Z</time>
</trkpt>
<trkpt lat="45.51482609" lon="9.10365102">
<ele>141.20027</ele>
<time>2026-05-08T09:47:49Z</time>
</trkpt>
<trkpt lat="45.51484282" lon="9.10401137">
<ele>141.50679</ele>
<time>2026-05-08T09:47:50Z</time>
</trkpt>
<trkpt lat="45.51486297" lon="9.10442218">
<ele>141.69704</ele>
<time>2026-05-08T09:47:51Z</time>
</trkpt>
<trkpt lat="45.5148605" lon="9.10468824">
<ele>141.83443</ele>
<time>2026-05-08T09:47:52Z</time>
</trkpt>
<trkpt lat="45.51488409" lon="9.1051095">
<ele>141.91899</ele>
<time>2026-05-08T09:47:53Z</time>
</trkpt>
<trkpt lat="45.51489696" lon="9.10549903">
<ele>141.95598</ele>
<time>2026-05-08T09:47:54Z</time>
</trkpt>
<trkpt lat="45.51491186" lon="9.10585933">
<ele>141.92957</ele>
<time>2026-05-08T09:47:55Z</time>
</trkpt>
<trkpt lat="45.51492606" lon="9.10622065">
<ele>141.9507</ele>
<time>2026-05-08T09:47:56Z</time>
</trkpt>
<trkpt lat="45.51493468" lon="9.10656482">
<ele>141.9507</ele>
<time>2026-05-08T09:47:57Z</time>
</trkpt>
<trkpt lat="45.51495354" lon="9.10693704">
<ele>141.92427</ele>
<time>2026-05-08T09:47:58Z</time>
</trkpt>
<trkpt lat="45.51497027" lon="9.10729774">
<ele>141.88728</ele>
<time>2026-05-08T09:47:59Z</time>
</trkpt>
<trkpt lat="45.51499145" lon="9.10767125">
<ele>141.95598</ele>
<time>2026-05-08T09:48:00Z</time>
</trkpt>
<trkpt lat="45.51500507" lon="9.10802064">
<ele>142.0511</ele>
<time>2026-05-08T09:48:01Z</time>
</trkpt>
<trkpt lat="45.51502716" lon="9.10840107">
<ele>142.19907</ele>
<time>2026-05-08T09:48:02Z</time>
</trkpt>
<trkpt lat="45.5150453" lon="9.10876733">
<ele>141.92957</ele>
<time>2026-05-08T09:48:03Z</time>
</trkpt>
<trkpt lat="45.51506136" lon="9.10912734">
<ele>141.6389</ele>
<time>2026-05-08T09:48:04Z</time>
</trkpt>
<trkpt lat="45.51507953" lon="9.10950338">
<ele>141.43808</ele>
<time>2026-05-08T09:48:05Z</time>
</trkpt>
<trkpt lat="45.51510126" lon="9.10987526">
<ele>141.18971</ele>
<time>2026-05-08T09:48:06Z</time>
</trkpt>
<trkpt lat="45.51511987" lon="9.11024202">
<ele>140.82507</ele>
<time>2026-05-08T09:48:07Z</time>
</trkpt>
<trkpt lat="45.51513547" lon="9.11062061">
<ele>140.38644</ele>
<time>2026-05-08T09:48:08Z</time>
</trkpt>
<trkpt lat="45.51516029" lon="9.11100966">
<ele>139.86855</ele>
<time>2026-05-08T09:48:09Z</time>
</trkpt>
<trkpt lat="45.51517154" lon="9.1113672">
<ele>139.30838</ele>
<time>2026-05-08T09:48:10Z</time>
</trkpt>
<trkpt lat="45.51519104" lon="9.1117402">
<ele>138.64252</ele>
<time>2026-05-08T09:48:11Z</time>
</trkpt>
<trkpt lat="45.51520964" lon="9.11211565">
<ele>137.9555</ele>
<time>2026-05-08T09:48:12Z</time>
</trkpt>
<trkpt lat="45.51522236" lon="9.11247175">
<ele>137.42177</ele>
<time>2026-05-08T09:48:13Z</time>
</trkpt>
<trkpt lat="45.51524355" lon="9.1128458">
<ele>136.93558</ele>
<time>2026-05-08T09:48:14Z</time>
</trkpt>
<trkpt lat="45.51525833" lon="9.11320902">
<ele>136.59735</ele>
<time>2026-05-08T09:48:15Z</time>
</trkpt>
<trkpt lat="45.5152774" lon="9.11355416">
<ele>136.04248</ele>
<time>2026-05-08T09:48:16Z</time>
</trkpt>
<trkpt lat="45.51529293" lon="9.11386953">
<ele>135.36603</ele>
<time>2026-05-08T09:48:17Z</time>
</trkpt>
<trkpt lat="45.51530124" lon="9.11417858">
<ele>134.78473</ele>
<time>2026-05-08T09:48:18Z</time>
</trkpt>
<trkpt lat="45.51532268" lon="9.11449824">
<ele>134.38309</ele>
<time>2026-05-08T09:48:19Z</time>
</trkpt>
<trkpt lat="45.51533585" lon="9.11482121">
<ele>134.06073</ele>
<time>2026-05-08T09:48:20Z</time>
</trkpt>
<trkpt lat="45.51535319" lon="9.11514776">
<ele>133.90747</ele>
<time>2026-05-08T09:48:21Z</time>
</trkpt>
<trkpt lat="45.51536482" lon="9.11545096">
<ele>133.88106</ele>
<time>2026-05-08T09:48:22Z</time>
</trkpt>
<trkpt lat="45.51537777" lon="9.11575652">
<ele>133.84935</ele>
<time>2026-05-08T09:48:23Z</time>
</trkpt>
<trkpt lat="45.51539827" lon="9.11607465">
<ele>133.74893</ele>
<time>2026-05-08T09:48:24Z</time>
</trkpt>
<trkpt lat="45.51541783" lon="9.11639079">
<ele>133.71194</ele>
<time>2026-05-08T09:48:25Z</time>
</trkpt>
<trkpt lat="45.51542248" lon="9.11666902">
<ele>133.74365</ele>
<time>2026-05-08T09:48:26Z</time>
</trkpt>
<trkpt lat="45.51542902" lon="9.11696854">
<ele>133.80707</ele>
<time>2026-05-08T09:48:27Z</time>
</trkpt>
<trkpt lat="45.51544529" lon="9.11726537">
<ele>133.85991</ele>
<time>2026-05-08T09:48:28Z</time>
</trkpt>
<trkpt lat="45.51545329" lon="9.11756463">
<ele>133.92862</ele>
<time>2026-05-08T09:48:29Z</time>
</trkpt>
<trkpt lat="45.51546708" lon="9.11785532">
<ele>133.97089</ele>
<time>2026-05-08T09:48:30Z</time>
</trkpt>
<trkpt lat="45.5154844" lon="9.11814723">
<ele>134.0026</ele>
<time>2026-05-08T09:48:31Z</time>
</trkpt>
<trkpt lat="45.51549829" lon="9.1184258">
<ele>134.0026</ele>
<time>2026-05-08T09:48:32Z</time>
</trkpt>
<trkpt lat="45.51551277" lon="9.11870219">
<ele>133.94975</ele>
<time>2026-05-08T09:48:33Z</time>
</trkpt>
<trkpt lat="45.51553324" lon="9.11898607">
<ele>133.94446</ele>
<time>2026-05-08T09:48:34Z</time>
</trkpt>
<trkpt lat="45.51555149" lon="9.11925749">
<ele>133.92332</ele>
<time>2026-05-08T09:48:35Z</time>
</trkpt>
<trkpt lat="45.51556176" lon="9.1195434">
<ele>133.82292</ele>
<time>2026-05-08T09:48:36Z</time>
</trkpt>
<trkpt lat="45.51557094" lon="9.1198252">
<ele>133.71194</ele>
<time>2026-05-08T09:48:37Z</time>
</trkpt>
<trkpt lat="45.51558273" lon="9.12009371">
<ele>133.27332</ele>
<time>2026-05-08T09:48:38Z</time>
</trkpt>
<trkpt lat="45.51561055" lon="9.1203609">
<ele>132.803</ele>
<time>2026-05-08T09:48:39Z</time>
</trkpt>
<trkpt lat="45.51564987" lon="9.12063015">
<ele>132.35379</ele>
<time>2026-05-08T09:48:40Z</time>
</trkpt>
<trkpt lat="45.51569675" lon="9.12090554">
<ele>131.96272</ele>
<time>2026-05-08T09:48:41Z</time>
</trkpt>
<trkpt lat="45.51574843" lon="9.12116481">
<ele>131.55052</ele>
<time>2026-05-08T09:48:42Z</time>
</trkpt>
<trkpt lat="45.51582701" lon="9.12141467">
<ele>131.13832</ele>
<time>2026-05-08T09:48:43Z</time>
</trkpt>
<trkpt lat="45.51590383" lon="9.12167366">
<ele>130.72612</ele>
<time>2026-05-08T09:48:44Z</time>
</trkpt>
<trkpt lat="45.51598125" lon="9.12192331">
<ele>130.3562</ele>
<time>2026-05-08T09:48:45Z</time>
</trkpt>
<trkpt lat="45.51606678" lon="9.12214447">
<ele>130.0127</ele>
<time>2026-05-08T09:48:46Z</time>
</trkpt>
<trkpt lat="45.51615749" lon="9.12238338">
<ele>129.69562</ele>
<time>2026-05-08T09:48:47Z</time>
</trkpt>
<trkpt lat="45.51626049" lon="9.12261082">
<ele>129.40497</ele>
<time>2026-05-08T09:48:48Z</time>
</trkpt>
<trkpt lat="45.51634611" lon="9.12282244">
<ele>129.21472</ele>
<time>2026-05-08T09:48:49Z</time>
</trkpt>
<trkpt lat="45.51643425" lon="9.12301959">
<ele>128.98747</ele>
<time>2026-05-08T09:48:50Z</time>
</trkpt>
<trkpt lat="45.51654622" lon="9.12323947">
<ele>128.87122</ele>
<time>2026-05-08T09:48:51Z</time>
</trkpt>
<trkpt lat="45.51665908" lon="9.12346484">
<ele>128.7761</ele>
<time>2026-05-08T09:48:52Z</time>
</trkpt>
<trkpt lat="45.51677352" lon="9.12365587">
<ele>128.71796</ele>
<time>2026-05-08T09:48:53Z</time>
</trkpt>
<trkpt lat="45.51688764" lon="9.12383945">
<ele>128.68625</ele>
<time>2026-05-08T09:48:54Z</time>
</trkpt>
<trkpt lat="45.51703003" lon="9.12403914">
<ele>128.63869</ele>
<time>2026-05-08T09:48:55Z</time>
</trkpt>
<trkpt lat="45.51716338" lon="9.12423624">
<ele>128.63869</ele>
<time>2026-05-08T09:48:56Z</time>
</trkpt>
<trkpt lat="45.51729843" lon="9.12444787">
<ele>128.62283</ele>
<time>2026-05-08T09:48:57Z</time>
</trkpt>
<trkpt lat="45.51743932" lon="9.12467633">
<ele>128.64398</ele>
<time>2026-05-08T09:48:58Z</time>
</trkpt>
<trkpt lat="45.51759458" lon="9.12488975">
<ele>128.75496</ele>
<time>2026-05-08T09:48:59Z</time>
</trkpt>
<trkpt lat="45.51775093" lon="9.12511539">
<ele>128.84479</ele>
<time>2026-05-08T09:49:00Z</time>
</trkpt>
<trkpt lat="45.51790363" lon="9.12533986">
<ele>128.88177</ele>
<time>2026-05-08T09:49:01Z</time>
</trkpt>
<trkpt lat="45.51806776" lon="9.12556621">
<ele>128.9822</ele>
<time>2026-05-08T09:49:02Z</time>
</trkpt>
<trkpt lat="45.51822103" lon="9.12580296">
<ele>129.1143</ele>
<time>2026-05-08T09:49:03Z</time>
</trkpt>
<trkpt lat="45.51838247" lon="9.12604472">
<ele>129.22528</ele>
<time>2026-05-08T09:49:04Z</time>
</trkpt>
<trkpt lat="45.51853121" lon="9.12629849">
<ele>129.25699</ele>
<time>2026-05-08T09:49:05Z</time>
</trkpt>
<trkpt lat="45.51866646" lon="9.12654667">
<ele>129.31512</ele>
<time>2026-05-08T09:49:06Z</time>
</trkpt>
<trkpt lat="45.51880892" lon="9.12680234">
<ele>129.41025</ele>
<time>2026-05-08T09:49:07Z</time>
</trkpt>
<trkpt lat="45.51895921" lon="9.12707536">
<ele>129.51595</ele>
<time>2026-05-08T09:49:08Z</time>
</trkpt>
<trkpt lat="45.51908973" lon="9.12734288">
<ele>129.54765</ele>
<time>2026-05-08T09:49:09Z</time>
</trkpt>
<trkpt lat="45.51922183" lon="9.12761336">
<ele>129.65334</ele>
<time>2026-05-08T09:49:10Z</time>
</trkpt>
<trkpt lat="45.51935456" lon="9.12789445">
<ele>129.81187</ele>
<time>2026-05-08T09:49:11Z</time>
</trkpt>
<trkpt lat="45.51948993" lon="9.1281873">
<ele>130.06554</ele>
<time>2026-05-08T09:49:12Z</time>
</trkpt>
<trkpt lat="45.51961609" lon="9.12846491">
<ele>130.41432</ele>
<time>2026-05-08T09:49:13Z</time>
</trkpt>
<trkpt lat="45.51974618" lon="9.1287409">
<ele>130.78426</ele>
<time>2026-05-08T09:49:14Z</time>
</trkpt>
<trkpt lat="45.51989026" lon="9.12901915">
<ele>131.0749</ele>
<time>2026-05-08T09:49:15Z</time>
</trkpt>
<trkpt lat="45.52002022" lon="9.12929416">
<ele>131.40784</ele>
<time>2026-05-08T09:49:16Z</time>
</trkpt>
<trkpt lat="45.52015532" lon="9.12959036">
<ele>131.79361</ele>
<time>2026-05-08T09:49:17Z</time>
</trkpt>
<trkpt lat="45.52028589" lon="9.12987157">
<ele>131.91516</ele>
<time>2026-05-08T09:49:18Z</time>
</trkpt>
<trkpt lat="45.52042033" lon="9.13014319">
<ele>131.85175</ele>
<time>2026-05-08T09:49:19Z</time>
</trkpt>
<trkpt lat="45.52055775" lon="9.13043176">
<ele>131.84119</ele>
<time>2026-05-08T09:49:20Z</time>
</trkpt>
<trkpt lat="45.52069998" lon="9.13072402">
<ele>131.88875</ele>
<time>2026-05-08T09:49:21Z</time>
</trkpt>
<trkpt lat="45.52084577" lon="9.13102861">
<ele>132.03671</ele>
<time>2026-05-08T09:49:22Z</time>
</trkpt>
<trkpt lat="45.5209977" lon="9.13132733">
<ele>132.23224</ele>
<time>2026-05-08T09:49:23Z</time>
</trkpt>
<trkpt lat="45.52114348" lon="9.13163022">
<ele>132.26923</ele>
<time>2026-05-08T09:49:24Z</time>
</trkpt>
<trkpt lat="45.52129011" lon="9.13192783">
<ele>132.3855</ele>
<time>2026-05-08T09:49:25Z</time>
</trkpt>
<trkpt lat="45.52143056" lon="9.13223159">
<ele>132.66031</ele>
<time>2026-05-08T09:49:26Z</time>
</trkpt>
<trkpt lat="45.52158167" lon="9.13252435">
<ele>132.92453</ele>
<time>2026-05-08T09:49:27Z</time>
</trkpt>
<trkpt lat="45.52173645" lon="9.13282204">
<ele>133.07779</ele>
<time>2026-05-08T09:49:28Z</time>
</trkpt>
<trkpt lat="45.52188144" lon="9.13312215">
<ele>132.99323</ele>
<time>2026-05-08T09:49:29Z</time>
</trkpt>
<trkpt lat="45.52202036" lon="9.13341053">
<ele>133.00908</ele>
<time>2026-05-08T09:49:30Z</time>
</trkpt>
<trkpt lat="45.52214851" lon="9.1336737">
<ele>132.97739</ele>
<time>2026-05-08T09:49:31Z</time>
</trkpt>
<trkpt lat="45.5222869" lon="9.13393749">
<ele>132.95624</ele>
<time>2026-05-08T09:49:32Z</time>
</trkpt>
<trkpt lat="45.52241442" lon="9.13421051">
<ele>132.87697</ele>
<time>2026-05-08T09:49:33Z</time>
</trkpt>
<trkpt lat="45.52255178" lon="9.13448829">
<ele>132.91396</ele>
<time>2026-05-08T09:49:34Z</time>
</trkpt>
<trkpt lat="45.52268415" lon="9.1347507">
<ele>132.90868</ele>
<time>2026-05-08T09:49:35Z</time>
</trkpt>
<trkpt lat="45.52283002" lon="9.13505303">
<ele>132.91396</ele>
<time>2026-05-08T09:49:36Z</time>
</trkpt>
<trkpt lat="45.52296137" lon="9.1353446">
<ele>132.88225</ele>
<time>2026-05-08T09:49:37Z</time>
</trkpt>
<trkpt lat="45.52309654" lon="9.13565245">
<ele>132.91925</ele>
<time>2026-05-08T09:49:38Z</time>
</trkpt>
<trkpt lat="45.52323928" lon="9.13594253">
<ele>133.04608</ele>
<time>2026-05-08T09:49:39Z</time>
</trkpt>
<trkpt lat="45.52338441" lon="9.13625996">
<ele>133.12535</ele>
<time>2026-05-08T09:49:40Z</time>
</trkpt>
<trkpt lat="45.52352619" lon="9.13655358">
<ele>133.25746</ele>
<time>2026-05-08T09:49:41Z</time>
</trkpt>
<trkpt lat="45.52367339" lon="9.13685092">
<ele>133.54813</ele>
<time>2026-05-08T09:49:42Z</time>
</trkpt>
<trkpt lat="45.52382432" lon="9.13714875">
<ele>133.90219</ele>
<time>2026-05-08T09:49:43Z</time>
</trkpt>
<trkpt lat="45.52397093" lon="9.1374487">
<ele>134.22455</ele>
<time>2026-05-08T09:49:44Z</time>
</trkpt>
<trkpt lat="45.52411382" lon="9.13775106">
<ele>134.4835</ele>
<time>2026-05-08T09:49:45Z</time>
</trkpt>
<trkpt lat="45.52424939" lon="9.13803449">
<ele>134.73715</ele>
<time>2026-05-08T09:49:46Z</time>
</trkpt>
<trkpt lat="45.52437104" lon="9.13829326">
<ele>134.98555</ele>
<time>2026-05-08T09:49:47Z</time>
</trkpt>
<trkpt lat="45.52449507" lon="9.13854316">
<ele>135.26562</ele>
<time>2026-05-08T09:49:48Z</time>
</trkpt>
<trkpt lat="45.52461128" lon="9.13878482">
<ele>135.57742</ele>
<time>2026-05-08T09:49:49Z</time>
</trkpt>
<trkpt lat="45.52471923" lon="9.1390117">
<ele>135.93149</ele>
<time>2026-05-08T09:49:50Z</time>
</trkpt>
<trkpt lat="45.5248265" lon="9.13923623">
<ele>136.28555</ele>
<time>2026-05-08T09:49:51Z</time>
</trkpt>
<trkpt lat="45.52493527" lon="9.13946948">
<ele>136.59207</ele>
<time>2026-05-08T09:49:52Z</time>
</trkpt>
<trkpt lat="45.52503832" lon="9.13967912">
<ele>136.87216</ele>
<time>2026-05-08T09:49:53Z</time>
</trkpt>
<trkpt lat="45.5251395" lon="9.13989272">
<ele>137.11525</ele>
<time>2026-05-08T09:49:54Z</time>
</trkpt>
<trkpt lat="45.52523748" lon="9.14009355">
<ele>137.3055</ele>
<time>2026-05-08T09:49:55Z</time>
</trkpt>
<trkpt lat="45.52533547" lon="9.1402958">
<ele>137.53802</ele>
<time>2026-05-08T09:49:56Z</time>
</trkpt>
<trkpt lat="45.52543408" lon="9.14049457">
<ele>137.69656</ele>
<time>2026-05-08T09:49:57Z</time>
</trkpt>
<trkpt lat="45.52553295" lon="9.14069668">
<ele>137.87096</ele>
<time>2026-05-08T09:49:58Z</time>
</trkpt>
<trkpt lat="45.52564751" lon="9.14094342">
<ele>138.01892</ele>
<time>2026-05-08T09:49:59Z</time>
</trkpt>
<trkpt lat="45.52574925" lon="9.14116431">
<ele>138.15103</ele>
<time>2026-05-08T09:50:00Z</time>
</trkpt>
<trkpt lat="45.52585509" lon="9.14138893">
<ele>138.28844</ele>
<time>2026-05-08T09:50:01Z</time>
</trkpt>
<trkpt lat="45.5259695" lon="9.14162172">
<ele>138.35185</ele>
<time>2026-05-08T09:50:02Z</time>
</trkpt>
<trkpt lat="45.52608095" lon="9.14185203">
<ele>138.35715</ele>
<time>2026-05-08T09:50:03Z</time>
</trkpt>
<trkpt lat="45.52619971" lon="9.142085">
<ele>138.39413</ele>
<time>2026-05-08T09:50:04Z</time>
</trkpt>
<trkpt lat="45.52633521" lon="9.14236042">
<ele>138.42584</ele>
<time>2026-05-08T09:50:05Z</time>
</trkpt>
<trkpt lat="45.52646595" lon="9.14263132">
<ele>138.52626</ele>
<time>2026-05-08T09:50:06Z</time>
</trkpt>
<trkpt lat="45.52660727" lon="9.14294067">
<ele>138.50511</ele>
<time>2026-05-08T09:50:07Z</time>
</trkpt>
<trkpt lat="45.52672394" lon="9.1431799">
<ele>138.43112</ele>
<time>2026-05-08T09:50:08Z</time>
</trkpt>
<trkpt lat="45.52686488" lon="9.14346393">
<ele>138.25145</ele>
<time>2026-05-08T09:50:09Z</time>
</trkpt>
<trkpt lat="45.52702471" lon="9.14376811">
<ele>138.1299</ele>
<time>2026-05-08T09:50:10Z</time>
</trkpt>
<trkpt lat="45.5271768" lon="9.14407767">
<ele>137.93965</ele>
<time>2026-05-08T09:50:11Z</time>
</trkpt>
<trkpt lat="45.52732052" lon="9.14437774">
<ele>137.69127</ele>
<time>2026-05-08T09:50:12Z</time>
</trkpt>
<trkpt lat="45.52745498" lon="9.14467353">
<ele>137.27908</ele>
<time>2026-05-08T09:50:13Z</time>
</trkpt>
<trkpt lat="45.52759512" lon="9.1449683">
<ele>136.95671</ele>
<time>2026-05-08T09:50:14Z</time>
</trkpt>
<trkpt lat="45.5277369" lon="9.14525859">
<ele>136.76646</ele>
<time>2026-05-08T09:50:15Z</time>
</trkpt>
<trkpt lat="45.52787922" lon="9.14556619">
<ele>136.67664</ele>
<time>2026-05-08T09:50:16Z</time>
</trkpt>
<trkpt lat="45.5280198" lon="9.14586412">
<ele>136.40182</ele>
<time>2026-05-08T09:50:17Z</time>
</trkpt>
<trkpt lat="45.52815214" lon="9.1461509">
<ele>136.04776</ele>
<time>2026-05-08T09:50:18Z</time>
</trkpt>
<trkpt lat="45.52828147" lon="9.14643571">
<ele>135.6831</ele>
<time>2026-05-08T09:50:19Z</time>
</trkpt>
<trkpt lat="45.5284049" lon="9.14670293">
<ele>135.36075</ele>
<time>2026-05-08T09:50:20Z</time>
</trkpt>
<trkpt lat="45.52851108" lon="9.14692803">
<ele>135.08595</ele>
<time>2026-05-08T09:50:21Z</time>
</trkpt>
<trkpt lat="45.52864575" lon="9.14719232">
<ele>134.84285</ele>
<time>2026-05-08T09:50:22Z</time>
</trkpt>
<trkpt lat="45.52877137" lon="9.14744861">
<ele>134.50993</ele>
<time>2026-05-08T09:50:23Z</time>
</trkpt>
<trkpt lat="45.52889213" lon="9.14769011">
<ele>134.22984</ele>
<time>2026-05-08T09:50:24Z</time>
</trkpt>
<trkpt lat="45.52899779" lon="9.14790745">
<ele>133.94446</ele>
<time>2026-05-08T09:50:25Z</time>
</trkpt>
<trkpt lat="45.52910059" lon="9.14812459">
<ele>133.71722</ele>
<time>2026-05-08T09:50:26Z</time>
</trkpt>
<trkpt lat="45.52920121" lon="9.14833647">
<ele>133.5534</ele>
<time>2026-05-08T09:50:27Z</time>
</trkpt>
<trkpt lat="45.5293016" lon="9.14854999">
<ele>133.37901</ele>
<time>2026-05-08T09:50:28Z</time>
</trkpt>
<trkpt lat="45.52941441" lon="9.14876731">
<ele>133.25746</ele>
<time>2026-05-08T09:50:29Z</time>
</trkpt>
<trkpt lat="45.52951756" lon="9.1489788">
<ele>133.06721</ele>
<time>2026-05-08T09:50:30Z</time>
</trkpt>
<trkpt lat="45.52962919" lon="9.14921821">
<ele>132.82413</ele>
<time>2026-05-08T09:50:31Z</time>
</trkpt>
<trkpt lat="45.52972308" lon="9.14940987">
<ele>132.66031</ele>
<time>2026-05-08T09:50:32Z</time>
</trkpt>
<trkpt lat="45.52983281" lon="9.14963462">
<ele>132.63388</ele>
<time>2026-05-08T09:50:33Z</time>
</trkpt>
<trkpt lat="45.52993528" lon="9.14984582">
<ele>132.6286</ele>
<time>2026-05-08T09:50:34Z</time>
</trkpt>
<trkpt lat="45.5300674" lon="9.15012383">
<ele>132.5916</ele>
<time>2026-05-08T09:50:35Z</time>
</trkpt>
<trkpt lat="45.53019182" lon="9.15038874">
<ele>132.67615</ele>
<time>2026-05-08T09:50:36Z</time>
</trkpt>
<trkpt lat="45.53031756" lon="9.15063963">
<ele>132.91396</ele>
<time>2026-05-08T09:50:37Z</time>
</trkpt>
<trkpt lat="45.53045447" lon="9.15090501">
<ele>133.26804</ele>
<time>2026-05-08T09:50:38Z</time>
</trkpt>
<trkpt lat="45.53057584" lon="9.15114635">
<ele>133.56398</ele>
<time>2026-05-08T09:50:39Z</time>
</trkpt>
<trkpt lat="45.53067407" lon="9.15134253">
<ele>133.65909</ele>
<time>2026-05-08T09:50:40Z</time>
</trkpt>
<trkpt lat="45.53081428" lon="9.15161305">
<ele>133.63795</ele>
<time>2026-05-08T09:50:41Z</time>
</trkpt>
<trkpt lat="45.53093302" lon="9.1518612">
<ele>133.57983</ele>
<time>2026-05-08T09:50:42Z</time>
</trkpt>
<trkpt lat="45.53107036" lon="9.1521344">
<ele>133.44243</ele>
<time>2026-05-08T09:50:43Z</time>
</trkpt>
<trkpt lat="45.5312055" lon="9.15241423">
<ele>133.36844</ele>
<time>2026-05-08T09:50:44Z</time>
</trkpt>
<trkpt lat="45.53134205" lon="9.15269708">
<ele>133.37901</ele>
<time>2026-05-08T09:50:45Z</time>
</trkpt>
<trkpt lat="45.53147969" lon="9.15298497">
<ele>133.4213</ele>
<time>2026-05-08T09:50:46Z</time>
</trkpt>
<trkpt lat="45.53160514" lon="9.15325674">
<ele>133.47414</ele>
<time>2026-05-08T09:50:47Z</time>
</trkpt>
<trkpt lat="45.53174728" lon="9.15352845">
<ele>133.44243</ele>
<time>2026-05-08T09:50:48Z</time>
</trkpt>
<trkpt lat="45.53186783" lon="9.15377339">
<ele>133.41072</ele>
<time>2026-05-08T09:50:49Z</time>
</trkpt>
<trkpt lat="45.53200362" lon="9.1540637">
<ele>133.44243</ele>
<time>2026-05-08T09:50:50Z</time>
</trkpt>
<trkpt lat="45.53213473" lon="9.15434886">
<ele>133.57454</ele>
<time>2026-05-08T09:50:51Z</time>
</trkpt>
<trkpt lat="45.53225316" lon="9.15460106">
<ele>133.79121</ele>
<time>2026-05-08T09:50:52Z</time>
</trkpt>
<trkpt lat="45.53239581" lon="9.15491143">
<ele>133.98146</ele>
<time>2026-05-08T09:50:53Z</time>
</trkpt>
<trkpt lat="45.53252959" lon="9.15519085">
<ele>134.02902</ele>
<time>2026-05-08T09:50:54Z</time>
</trkpt>
<trkpt lat="45.53266577" lon="9.15546529">
<ele>133.97617</ele>
<time>2026-05-08T09:50:55Z</time>
</trkpt>
<trkpt lat="45.53280236" lon="9.15573756">
<ele>134.09244</ele>
<time>2026-05-08T09:50:56Z</time>
</trkpt>
<trkpt lat="45.53291928" lon="9.15598922">
<ele>134.31967</ele>
<time>2026-05-08T09:50:57Z</time>
</trkpt>
<trkpt lat="45.53304515" lon="9.15625291">
<ele>134.46236</ele>
<time>2026-05-08T09:50:58Z</time>
</trkpt>
<trkpt lat="45.53316646" lon="9.15650954">
<ele>134.4518</ele>
<time>2026-05-08T09:50:59Z</time>
</trkpt>
<trkpt lat="45.53328737" lon="9.15676109">
<ele>134.5522</ele>
<time>2026-05-08T09:51:00Z</time>
</trkpt>
<trkpt lat="45.53342045" lon="9.15704448">
<ele>134.74773</ele>
<time>2026-05-08T09:51:01Z</time>
</trkpt>
<trkpt lat="45.5335586" lon="9.15732056">
<ele>135.05423</ele>
<time>2026-05-08T09:51:02Z</time>
</trkpt>
<trkpt lat="45.53369176" lon="9.15759822">
<ele>135.38718</ele>
<time>2026-05-08T09:51:03Z</time>
</trkpt>
<trkpt lat="45.5338321" lon="9.15788427">
<ele>135.74654</ele>
<time>2026-05-08T09:51:04Z</time>
</trkpt>
<trkpt lat="45.53396557" lon="9.15817174">
<ele>136.20102</ele>
<time>2026-05-08T09:51:05Z</time>
</trkpt>
<trkpt lat="45.53410349" lon="9.15846987">
<ele>136.68192</ele>
<time>2026-05-08T09:51:06Z</time>
</trkpt>
<trkpt lat="45.53423658" lon="9.15874879">
<ele>137.1998</ele>
<time>2026-05-08T09:51:07Z</time>
</trkpt>
<trkpt lat="45.53438571" lon="9.15903957">
<ele>137.65956</ele>
<time>2026-05-08T09:51:08Z</time>
</trkpt>
<trkpt lat="45.534525" lon="9.15933234">
<ele>138.18275</ele>
<time>2026-05-08T09:51:09Z</time>
</trkpt>
<trkpt lat="45.53466209" lon="9.15962841">
<ele>138.80634</ele>
<time>2026-05-08T09:51:10Z</time>
</trkpt>
<trkpt lat="45.53481202" lon="9.1599269">
<ele>139.48277</ele>
<time>2026-05-08T09:51:11Z</time>
</trkpt>
<trkpt lat="45.53495251" lon="9.16020813">
<ele>140.10635</ele>
<time>2026-05-08T09:51:12Z</time>
</trkpt>
<trkpt lat="45.53509402" lon="9.16050592">
<ele>140.68239</ele>
<time>2026-05-08T09:51:13Z</time>
</trkpt>
<trkpt lat="45.53524919" lon="9.16080838">
<ele>141.27954</ele>
<time>2026-05-08T09:51:14Z</time>
</trkpt>
<trkpt lat="45.53539778" lon="9.16111746">
<ele>141.79216</ele>
<time>2026-05-08T09:51:15Z</time>
</trkpt>
<trkpt lat="45.53554542" lon="9.16142578">
<ele>142.0511</ele>
<time>2026-05-08T09:51:16Z</time>
</trkpt>
<trkpt lat="45.5356972" lon="9.1617426">
<ele>142.40518</ele>
<time>2026-05-08T09:51:17Z</time>
</trkpt>
<trkpt lat="45.53585127" lon="9.16206726">
<ele>142.74867</ele>
<time>2026-05-08T09:51:18Z</time>
</trkpt>
<trkpt lat="45.53600459" lon="9.16238391">
<ele>142.98648</ele>
<time>2026-05-08T09:51:19Z</time>
</trkpt>
<trkpt lat="45.53615846" lon="9.1626984">
<ele>143.08688</ele>
<time>2026-05-08T09:51:20Z</time>
</trkpt>
<trkpt lat="45.53631224" lon="9.16301245">
<ele>142.99706</ele>
<time>2026-05-08T09:51:21Z</time>
</trkpt>
<trkpt lat="45.53645995" lon="9.16332287">
<ele>142.83324</ele>
<time>2026-05-08T09:51:22Z</time>
</trkpt>
<trkpt lat="45.53662155" lon="9.16366991">
<ele>142.6377</ele>
<time>2026-05-08T09:51:23Z</time>
</trkpt>
<trkpt lat="45.53675941" lon="9.16396297">
<ele>142.3946</ele>
<time>2026-05-08T09:51:24Z</time>
</trkpt>
<trkpt lat="45.53690955" lon="9.16428608">
<ele>142.19379</ele>
<time>2026-05-08T09:51:25Z</time>
</trkpt>
<trkpt lat="45.53706211" lon="9.16459391">
<ele>141.94542</ele>
<time>2026-05-08T09:51:26Z</time>
</trkpt>
<trkpt lat="45.53721275" lon="9.16491394">
<ele>141.66533</ele>
<time>2026-05-08T09:51:27Z</time>
</trkpt>
<trkpt lat="45.53737366" lon="9.16525846">
<ele>141.41165</ele>
<time>2026-05-08T09:51:28Z</time>
</trkpt>
<trkpt lat="45.53752911" lon="9.16557066">
<ele>141.21613</ele>
<time>2026-05-08T09:51:29Z</time>
</trkpt>
<trkpt lat="45.53767813" lon="9.16588495">
<ele>141.17386</ele>
<time>2026-05-08T09:51:30Z</time>
</trkpt>
<trkpt lat="45.53782451" lon="9.16619836">
<ele>141.06816</ele>
<time>2026-05-08T09:51:31Z</time>
</trkpt>
<trkpt lat="45.53798326" lon="9.16653619">
<ele>140.8462</ele>
<time>2026-05-08T09:51:32Z</time>
</trkpt>
<trkpt lat="45.53813931" lon="9.16685775">
<ele>140.74051</ele>
<time>2026-05-08T09:51:33Z</time>
</trkpt>
<trkpt lat="45.53827896" lon="9.16716214">
<ele>140.62425</ele>
<time>2026-05-08T09:51:34Z</time>
</trkpt>
<trkpt lat="45.53844213" lon="9.16749202">
<ele>140.53442</ele>
<time>2026-05-08T09:51:35Z</time>
</trkpt>
<trkpt lat="45.53860449" lon="9.16783978">
<ele>140.46042</ele>
<time>2026-05-08T09:51:36Z</time>
</trkpt>
<trkpt lat="45.53875044" lon="9.16816316">
<ele>140.471</ele>
<time>2026-05-08T09:51:37Z</time>
</trkpt>
<trkpt lat="45.53889622" lon="9.16850208">
<ele>140.35474</ele>
<time>2026-05-08T09:51:38Z</time>
</trkpt>
<trkpt lat="45.53903518" lon="9.16881826">
<ele>140.20148</ele>
<time>2026-05-08T09:51:39Z</time>
</trkpt>
<trkpt lat="45.53916452" lon="9.16913658">
<ele>140.10107</ele>
<time>2026-05-08T09:51:40Z</time>
</trkpt>
<trkpt lat="45.53928852" lon="9.16944381">
<ele>140.07994</ele>
<time>2026-05-08T09:51:41Z</time>
</trkpt>
<trkpt lat="45.5394121" lon="9.16973861">
<ele>140.02708</ele>
<time>2026-05-08T09:51:42Z</time>
</trkpt>
<trkpt lat="45.53953785" lon="9.17004888">
<ele>140.16977</ele>
<time>2026-05-08T09:51:43Z</time>
</trkpt>
<trkpt lat="45.53966563" lon="9.17036869">
<ele>140.39702</ele>
<time>2026-05-08T09:51:44Z</time>
</trkpt>
<trkpt lat="45.53978203" lon="9.17067168">
<ele>140.46571</ele>
<time>2026-05-08T09:51:45Z</time>
</trkpt>
<trkpt lat="45.53990195" lon="9.17097038">
<ele>140.80392</ele>
<time>2026-05-08T09:51:46Z</time>
</trkpt>
<trkpt lat="45.54002045" lon="9.171272">
<ele>141.0893</ele>
<time>2026-05-08T09:51:47Z</time>
</trkpt>
<trkpt lat="45.54013654" lon="9.17158192">
<ele>141.29541</ele>
<time>2026-05-08T09:51:48Z</time>
</trkpt>
<trkpt lat="45.54024472" lon="9.17188066">
<ele>141.66533</ele>
<time>2026-05-08T09:51:49Z</time>
</trkpt>
<trkpt lat="45.54034663" lon="9.17216944">
<ele>141.94542</ele>
<time>2026-05-08T09:51:50Z</time>
</trkpt>
<trkpt lat="45.54044807" lon="9.1724578">
<ele>142.21494</ele>
<time>2026-05-08T09:51:51Z</time>
</trkpt>
<trkpt lat="45.54055836" lon="9.17277727">
<ele>142.53201</ele>
<time>2026-05-08T09:51:52Z</time>
</trkpt>
<trkpt lat="45.54066991" lon="9.17309058">
<ele>142.79623</ele>
<time>2026-05-08T09:51:53Z</time>
</trkpt>
<trkpt lat="45.54078459" lon="9.17340085">
<ele>143.19258</ele>
<time>2026-05-08T09:51:54Z</time>
</trkpt>
<trkpt lat="45.54088672" lon="9.17372795">
<ele>143.6365</ele>
<time>2026-05-08T09:51:55Z</time>
</trkpt>
<trkpt lat="45.54099112" lon="9.17405019">
<ele>143.91658</ele>
<time>2026-05-08T09:51:56Z</time>
</trkpt>
<trkpt lat="45.54108184" lon="9.17438253">
<ele>144.13326</ele>
<time>2026-05-08T09:51:57Z</time>
</trkpt>
<trkpt lat="45.5411778" lon="9.1747125">
<ele>144.27066</ele>
<time>2026-05-08T09:51:58Z</time>
</trkpt>
<trkpt lat="45.54127462" lon="9.17503617">
<ele>144.38692</ele>
<time>2026-05-08T09:51:59Z</time>
</trkpt>
<trkpt lat="45.54137287" lon="9.17538293">
<ele>144.46089</ele>
<time>2026-05-08T09:52:00Z</time>
</trkpt>
<trkpt lat="45.54146041" lon="9.17569812">
<ele>144.37106</ele>
<time>2026-05-08T09:52:01Z</time>
</trkpt>
<trkpt lat="45.54155657" lon="9.1760435">
<ele>144.2548</ele>
<time>2026-05-08T09:52:02Z</time>
</trkpt>
<trkpt lat="45.54164784" lon="9.1763763">
<ele>144.14911</ele>
<time>2026-05-08T09:52:03Z</time>
</trkpt>
<trkpt lat="45.54173794" lon="9.17670706">
<ele>144.0117</ele>
<time>2026-05-08T09:52:04Z</time>
</trkpt>
<trkpt lat="45.54182888" lon="9.17702673">
<ele>143.73691</ele>
<time>2026-05-08T09:52:05Z</time>
</trkpt>
<trkpt lat="45.54191522" lon="9.17735293">
<ele>143.38283</ele>
<time>2026-05-08T09:52:06Z</time>
</trkpt>
<trkpt lat="45.54201892" lon="9.17766221">
<ele>142.96005</ele>
<time>2026-05-08T09:52:07Z</time>
</trkpt>
<trkpt lat="45.54211845" lon="9.17795034">
<ele>142.55315</ele>
<time>2026-05-08T09:52:08Z</time>
</trkpt>
<trkpt lat="45.54220243" lon="9.1782551">
<ele>142.25192</ele>
<time>2026-05-08T09:52:09Z</time>
</trkpt>
<trkpt lat="45.54229257" lon="9.17855704">
<ele>142.02997</ele>
<time>2026-05-08T09:52:10Z</time>
</trkpt>
<trkpt lat="45.54238331" lon="9.1788881">
<ele>141.82387</ele>
<time>2026-05-08T09:52:11Z</time>
</trkpt>
<trkpt lat="45.54247481" lon="9.17919254">
<ele>141.61777</ele>
<time>2026-05-08T09:52:12Z</time>
</trkpt>
<trkpt lat="45.54256573" lon="9.17949962">
<ele>141.33768</ele>
<time>2026-05-08T09:52:13Z</time>
</trkpt>
<trkpt lat="45.54265077" lon="9.1797984">
<ele>141.13158</ele>
<time>2026-05-08T09:52:14Z</time>
</trkpt>
<trkpt lat="45.54273778" lon="9.18010948">
<ele>140.9149</ele>
<time>2026-05-08T09:52:15Z</time>
</trkpt>
<trkpt lat="45.54281903" lon="9.18044303">
<ele>140.69824</ele>
<time>2026-05-08T09:52:16Z</time>
</trkpt>
<trkpt lat="45.54290066" lon="9.18076137">
<ele>140.58727</ele>
<time>2026-05-08T09:52:17Z</time>
</trkpt>
<trkpt lat="45.54297592" lon="9.18107891">
<ele>140.471</ele>
<time>2026-05-08T09:52:18Z</time>
</trkpt>
<trkpt lat="45.54305098" lon="9.18138933">
<ele>140.31245</ele>
<time>2026-05-08T09:52:19Z</time>
</trkpt>
<trkpt lat="45.54312961" lon="9.18172201">
<ele>140.18034</ele>
<time>2026-05-08T09:52:20Z</time>
</trkpt>
<trkpt lat="45.54322173" lon="9.1820771">
<ele>140.12749</ele>
<time>2026-05-08T09:52:21Z</time>
</trkpt>
<trkpt lat="45.54330122" lon="9.1824222">
<ele>140.22263</ele>
<time>2026-05-08T09:52:22Z</time>
</trkpt>
<trkpt lat="45.54338567" lon="9.18277221">
<ele>140.34416</ele>
<time>2026-05-08T09:52:23Z</time>
</trkpt>
<trkpt lat="45.54348424" lon="9.18314187">
<ele>140.41815</ele>
<time>2026-05-08T09:52:24Z</time>
</trkpt>
<trkpt lat="45.54357155" lon="9.18349309">
<ele>140.56612</ele>
<time>2026-05-08T09:52:25Z</time>
</trkpt>
<trkpt lat="45.54365577" lon="9.18381781">
<ele>140.75108</ele>
<time>2026-05-08T09:52:26Z</time>
</trkpt>
<trkpt lat="45.54374987" lon="9.18417222">
<ele>140.99947</ele>
<time>2026-05-08T09:52:27Z</time>
</trkpt>
<trkpt lat="45.5438318" lon="9.18449829">
<ele>141.31654</ele>
<time>2026-05-08T09:52:28Z</time>
</trkpt>
<trkpt lat="45.54390878" lon="9.18481966">
<ele>141.64948</ele>
<time>2026-05-08T09:52:29Z</time>
</trkpt>
<trkpt lat="45.54399496" lon="9.18516434">
<ele>141.98769</ele>
<time>2026-05-08T09:52:30Z</time>
</trkpt>
<trkpt lat="45.5440907" lon="9.18550634">
<ele>142.47388</ele>
<time>2026-05-08T09:52:31Z</time>
</trkpt>
<trkpt lat="45.54417517" lon="9.18585447">
<ele>142.89136</ele>
<time>2026-05-08T09:52:32Z</time>
</trkpt>
<trkpt lat="45.54426544" lon="9.18622235">
<ele>143.37755</ele>
<time>2026-05-08T09:52:33Z</time>
</trkpt>
<trkpt lat="45.54435389" lon="9.18658746">
<ele>143.83203</ele>
<time>2026-05-08T09:52:34Z</time>
</trkpt>
<trkpt lat="45.54445053" lon="9.18696547">
<ele>144.27594</ele>
<time>2026-05-08T09:52:35Z</time>
</trkpt>
<trkpt lat="45.54454274" lon="9.18733883">
<ele>144.67757</ele>
<time>2026-05-08T09:52:36Z</time>
</trkpt>
<trkpt lat="45.5446418" lon="9.18770592">
<ele>144.99994</ele>
<time>2026-05-08T09:52:37Z</time>
</trkpt>
<trkpt lat="45.54474098" lon="9.1880867">
<ele>145.34344</ele>
<time>2026-05-08T09:52:38Z</time>
</trkpt>
<trkpt lat="45.5448391" lon="9.18847552">
<ele>145.71336</ele>
<time>2026-05-08T09:52:39Z</time>
</trkpt>
<trkpt lat="45.54494456" lon="9.1888671">
<ele>146.05685</ele>
<time>2026-05-08T09:52:40Z</time>
</trkpt>
<trkpt lat="45.54505171" lon="9.18925035">
<ele>146.18369</ele>
<time>2026-05-08T09:52:41Z</time>
</trkpt>
<trkpt lat="45.54514735" lon="9.18963919">
<ele>146.25768</ele>
<time>2026-05-08T09:52:42Z</time>
</trkpt>
<trkpt lat="45.54525279" lon="9.1900211">
<ele>146.34752</ele>
<time>2026-05-08T09:52:43Z</time>
</trkpt>
<trkpt lat="45.5453477" lon="9.19041214">
<ele>146.36337</ele>
<time>2026-05-08T09:52:44Z</time>
</trkpt>
<trkpt lat="45.54544527" lon="9.19078679">
<ele>146.16783</ele>
<time>2026-05-08T09:52:45Z</time>
</trkpt>
<trkpt lat="45.54554772" lon="9.19116041">
<ele>145.89832</ele>
<time>2026-05-08T09:52:46Z</time>
</trkpt>
<trkpt lat="45.54564372" lon="9.19154812">
<ele>145.6341</ele>
<time>2026-05-08T09:52:47Z</time>
</trkpt>
<trkpt lat="45.54574901" lon="9.19192304">
<ele>145.29587</ele>
<time>2026-05-08T09:52:48Z</time>
</trkpt>
<trkpt lat="45.54584289" lon="9.1922985">
<ele>144.95766</ele>
<time>2026-05-08T09:52:49Z</time>
</trkpt>
<trkpt lat="45.54593701" lon="9.19267969">
<ele>144.60359</ele>
<time>2026-05-08T09:52:50Z</time>
</trkpt>
<trkpt lat="45.54603377" lon="9.19305262">
<ele>144.24423</ele>
<time>2026-05-08T09:52:51Z</time>
</trkpt>
<trkpt lat="45.54613437" lon="9.19341749">
<ele>143.95886</ele>
<time>2026-05-08T09:52:52Z</time>
</trkpt>
<trkpt lat="45.54622808" lon="9.19378616">
<ele>143.73161</ele>
<time>2026-05-08T09:52:53Z</time>
</trkpt>
<trkpt lat="45.54632256" lon="9.19415076">
<ele>143.47267</ele>
<time>2026-05-08T09:52:54Z</time>
</trkpt>
<trkpt lat="45.54642363" lon="9.1945188">
<ele>143.2877</ele>
<time>2026-05-08T09:52:55Z</time>
</trkpt>
<trkpt lat="45.54651829" lon="9.19488495">
<ele>143.16617</ele>
<time>2026-05-08T09:52:56Z</time>
</trkpt>
<trkpt lat="45.54662501" lon="9.19527384">
<ele>143.07632</ele>
<time>2026-05-08T09:52:57Z</time>
</trkpt>
<trkpt lat="45.54672196" lon="9.19565798">
<ele>143.03934</ele>
<time>2026-05-08T09:52:58Z</time>
</trkpt>
<trkpt lat="45.546819" lon="9.19604612">
<ele>142.99178</ele>
<time>2026-05-08T09:52:59Z</time>
</trkpt>
<trkpt lat="45.54691826" lon="9.19642678">
<ele>142.86494</ele>
<time>2026-05-08T09:53:00Z</time>
</trkpt>
<trkpt lat="45.54701544" lon="9.19680486">
<ele>142.62184</ele>
<time>2026-05-08T09:53:01Z</time>
</trkpt>
<trkpt lat="45.54711055" lon="9.19715799">
<ele>142.3629</ele>
<time>2026-05-08T09:53:02Z</time>
</trkpt>
<trkpt lat="45.5471969" lon="9.19750489">
<ele>142.12509</ele>
<time>2026-05-08T09:53:03Z</time>
</trkpt>
<trkpt lat="45.54730335" lon="9.19789034">
<ele>141.97183</ele>
<time>2026-05-08T09:53:04Z</time>
</trkpt>
<trkpt lat="45.54739902" lon="9.19822543">
<ele>141.82915</ele>
<time>2026-05-08T09:53:05Z</time>
</trkpt>
<trkpt lat="45.54748656" lon="9.1985812">
<ele>141.7076</ele>
<time>2026-05-08T09:53:06Z</time>
</trkpt>
<trkpt lat="45.54756998" lon="9.198923">
<ele>141.63362</ele>
<time>2026-05-08T09:53:07Z</time>
</trkpt>
<trkpt lat="45.54765992" lon="9.19929237">
<ele>141.52264</ele>
<time>2026-05-08T09:53:08Z</time>
</trkpt>
<trkpt lat="45.54773345" lon="9.19963958">
<ele>141.45923</ele>
<time>2026-05-08T09:53:09Z</time>
</trkpt>
<trkpt lat="45.54781466" lon="9.20001302">
<ele>141.43808</ele>
<time>2026-05-08T09:53:10Z</time>
</trkpt>
<trkpt lat="45.54788817" lon="9.20037779">
<ele>141.37996</ele>
<time>2026-05-08T09:53:11Z</time>
</trkpt>
<trkpt lat="45.54795336" lon="9.20075257">
<ele>141.29012</ele>
<time>2026-05-08T09:53:12Z</time>
</trkpt>
<trkpt lat="45.54800836" lon="9.20112036">
<ele>141.23198</ele>
<time>2026-05-08T09:53:13Z</time>
</trkpt>
<trkpt lat="45.54806026" lon="9.20149515">
<ele>141.19499</ele>
<time>2026-05-08T09:53:14Z</time>
</trkpt>
<trkpt lat="45.54810607" lon="9.20186543">
<ele>141.09987</ele>
<time>2026-05-08T09:53:15Z</time>
</trkpt>
<trkpt lat="45.54814429" lon="9.20222199">
<ele>141.04173</ele>
<time>2026-05-08T09:53:16Z</time>
</trkpt>
<trkpt lat="45.548181" lon="9.20258359">
<ele>140.9149</ele>
<time>2026-05-08T09:53:17Z</time>
</trkpt>
<trkpt lat="45.54820982" lon="9.20290116">
<ele>140.7775</ele>
<time>2026-05-08T09:53:18Z</time>
</trkpt>
<trkpt lat="45.54823753" lon="9.2032082">
<ele>140.62425</ele>
<time>2026-05-08T09:53:19Z</time>
</trkpt>
<trkpt lat="45.54826342" lon="9.20353845">
<ele>140.49742</ele>
<time>2026-05-08T09:53:20Z</time>
</trkpt>
<trkpt lat="45.54828825" lon="9.20384516">
<ele>140.37059</ele>
<time>2026-05-08T09:53:21Z</time>
</trkpt>
<trkpt lat="45.54829846" lon="9.20414157">
<ele>140.32831</ele>
<time>2026-05-08T09:53:22Z</time>
</trkpt>
<trkpt lat="45.54831183" lon="9.20445424">
<ele>140.16977</ele>
<time>2026-05-08T09:53:23Z</time>
</trkpt>
<trkpt lat="45.54832399" lon="9.20477301">
<ele>140.01651</ele>
<time>2026-05-08T09:53:24Z</time>
</trkpt>
<trkpt lat="45.54834128" lon="9.20508666">
<ele>139.90025</ele>
<time>2026-05-08T09:53:25Z</time>
</trkpt>
<trkpt lat="45.54835147" lon="9.20541323">
<ele>139.76286</ele>
<time>2026-05-08T09:53:26Z</time>
</trkpt>
<trkpt lat="45.5483597" lon="9.2057417">
<ele>139.76286</ele>
<time>2026-05-08T09:53:27Z</time>
</trkpt>
<trkpt lat="45.54836783" lon="9.20607392">
<ele>139.9161</ele>
<time>2026-05-08T09:53:28Z</time>
</trkpt>
<trkpt lat="45.54837517" lon="9.2064134">
<ele>139.87383</ele>
<time>2026-05-08T09:53:29Z</time>
</trkpt>
<trkpt lat="45.54838367" lon="9.20675272">
<ele>139.83684</ele>
<time>2026-05-08T09:53:30Z</time>
</trkpt>
<trkpt lat="45.54839181" lon="9.20708865">
<ele>139.92668</ele>
<time>2026-05-08T09:53:31Z</time>
</trkpt>
<trkpt lat="45.54841549" lon="9.2074494">
<ele>139.97424</ele>
<time>2026-05-08T09:53:32Z</time>
</trkpt>
<trkpt lat="45.54842377" lon="9.20779791">
<ele>140.02708</ele>
<time>2026-05-08T09:53:33Z</time>
</trkpt>
<trkpt lat="45.54843084" lon="9.20815627">
<ele>140.06409</ele>
<time>2026-05-08T09:53:34Z</time>
</trkpt>
<trkpt lat="45.54843827" lon="9.20851363">
<ele>140.06937</ele>
<time>2026-05-08T09:53:35Z</time>
</trkpt>
<trkpt lat="45.54845056" lon="9.20885668">
<ele>140.03766</ele>
<time>2026-05-08T09:53:36Z</time>
</trkpt>
<trkpt lat="45.54846157" lon="9.20919656">
<ele>140.07994</ele>
<time>2026-05-08T09:53:37Z</time>
</trkpt>
<trkpt lat="45.54846869" lon="9.20955084">
<ele>140.12221</ele>
<time>2026-05-08T09:53:38Z</time>
</trkpt>
<trkpt lat="45.54847601" lon="9.20990906">
<ele>140.18562</ele>
<time>2026-05-08T09:53:39Z</time>
</trkpt>
<trkpt lat="45.54848589" lon="9.21027147">
<ele>140.20148</ele>
<time>2026-05-08T09:53:40Z</time>
</trkpt>
<trkpt lat="45.54850035" lon="9.21062842">
<ele>140.17505</ele>
<time>2026-05-08T09:53:41Z</time>
</trkpt>
<trkpt lat="45.548507" lon="9.21097575">
<ele>140.17505</ele>
<time>2026-05-08T09:53:42Z</time>
</trkpt>
<trkpt lat="45.54851472" lon="9.21133769">
<ele>140.27547</ele>
<time>2026-05-08T09:53:43Z</time>
</trkpt>
<trkpt lat="45.54852431" lon="9.21171183">
<ele>140.35474</ele>
<time>2026-05-08T09:53:44Z</time>
</trkpt>
<trkpt lat="45.54853018" lon="9.21207622">
<ele>140.41815</ele>
<time>2026-05-08T09:53:45Z</time>
</trkpt>
<trkpt lat="45.54854783" lon="9.21244139">
<ele>140.48157</ele>
<time>2026-05-08T09:53:46Z</time>
</trkpt>
<trkpt lat="45.54855578" lon="9.21280557">
<ele>140.59782</ele>
<time>2026-05-08T09:53:47Z</time>
</trkpt>
<trkpt lat="45.54856992" lon="9.21317954">
<ele>140.61896</ele>
<time>2026-05-08T09:53:48Z</time>
</trkpt>
<trkpt lat="45.54858322" lon="9.21354351">
<ele>140.65596</ele>
<time>2026-05-08T09:53:49Z</time>
</trkpt>
<trkpt lat="45.54858954" lon="9.21391493">
<ele>140.66124</ele>
<time>2026-05-08T09:53:50Z</time>
</trkpt>
<trkpt lat="45.54859651" lon="9.21427148">
<ele>140.72466</ele>
<time>2026-05-08T09:53:51Z</time>
</trkpt>
<trkpt lat="45.54860376" lon="9.21463162">
<ele>140.81978</ele>
<time>2026-05-08T09:53:52Z</time>
</trkpt>
<trkpt lat="45.54861003" lon="9.21499861">
<ele>140.92548</ele>
<time>2026-05-08T09:53:53Z</time>
</trkpt>
<trkpt lat="45.54862174" lon="9.2153558">
<ele>141.08401</ele>
<time>2026-05-08T09:53:54Z</time>
</trkpt>
<trkpt lat="45.54862715" lon="9.21570857">
<ele>141.27954</ele>
<time>2026-05-08T09:53:55Z</time>
</trkpt>
<trkpt lat="45.5486318" lon="9.21605071">
<ele>141.52264</ele>
<time>2026-05-08T09:53:56Z</time>
</trkpt>
<trkpt lat="45.54864141" lon="9.2164012">
<ele>141.8133</ele>
<time>2026-05-08T09:53:57Z</time>
</trkpt>
<trkpt lat="45.54865517" lon="9.21674162">
<ele>141.96655</ele>
<time>2026-05-08T09:53:58Z</time>
</trkpt>
<trkpt lat="45.54866528" lon="9.21708311">
<ele>142.31534</ele>
<time>2026-05-08T09:53:59Z</time>
</trkpt>
<trkpt lat="45.54867437" lon="9.21743184">
<ele>142.6377</ele>
<time>2026-05-08T09:54:00Z</time>
</trkpt>
<trkpt lat="45.54868018" lon="9.21778523">
<ele>142.82794</ele>
<time>2026-05-08T09:54:01Z</time>
</trkpt>
<trkpt lat="45.54869727" lon="9.21814269">
<ele>143.04462</ele>
<time>2026-05-08T09:54:02Z</time>
</trkpt>
<trkpt lat="45.54871619" lon="9.21850488">
<ele>143.23486</ele>
<time>2026-05-08T09:54:03Z</time>
</trkpt>
<trkpt lat="45.54873781" lon="9.21885927">
<ele>143.40396</ele>
<time>2026-05-08T09:54:04Z</time>
</trkpt>
<trkpt lat="45.54876717" lon="9.21922823">
<ele>143.6999</ele>
<time>2026-05-08T09:54:05Z</time>
</trkpt>
<trkpt lat="45.54880188" lon="9.2195977">
<ele>144.03284</ele>
<time>2026-05-08T09:54:06Z</time>
</trkpt>
<trkpt lat="45.54883888" lon="9.21995471">
<ele>144.29707</ele>
<time>2026-05-08T09:54:07Z</time>
</trkpt>
<trkpt lat="45.54888705" lon="9.22033311">
<ele>144.47147</ele>
<time>2026-05-08T09:54:08Z</time>
</trkpt>
<trkpt lat="45.54895255" lon="9.22071342">
<ele>144.54546</ele>
<time>2026-05-08T09:54:09Z</time>
</trkpt>
<trkpt lat="45.54899462" lon="9.22108999">
<ele>144.68286</ele>
<time>2026-05-08T09:54:10Z</time>
</trkpt>
<trkpt lat="45.54904279" lon="9.22147073">
<ele>144.79382</ele>
<time>2026-05-08T09:54:11Z</time>
</trkpt>
<trkpt lat="45.54909119" lon="9.22185142">
<ele>145.10562</ele>
<time>2026-05-08T09:54:12Z</time>
</trkpt>
<trkpt lat="45.54914828" lon="9.22223193">
<ele>145.3223</ele>
<time>2026-05-08T09:54:13Z</time>
</trkpt>
<trkpt lat="45.54920422" lon="9.22259136">
<ele>145.67636</ele>
<time>2026-05-08T09:54:14Z</time>
</trkpt>
<trkpt lat="45.54927644" lon="9.22295043">
<ele>145.67636</ele>
<time>2026-05-08T09:54:15Z</time>
</trkpt>
<trkpt lat="45.54932458" lon="9.22328861">
<ele>145.39099</ele>
<time>2026-05-08T09:54:16Z</time>
</trkpt>
<trkpt lat="45.54936513" lon="9.22359351">
<ele>145.03693</ele>
<time>2026-05-08T09:54:17Z</time>
</trkpt>
<trkpt lat="45.54940219" lon="9.22385286">
<ele>144.58774</ele>
<time>2026-05-08T09:54:18Z</time>
</trkpt>
<trkpt lat="45.54943389" lon="9.22406608">
<ele>144.03812</ele>
<time>2026-05-08T09:54:19Z</time>
</trkpt>
<trkpt lat="45.54946062" lon="9.22427147">
<ele>143.48325</ele>
<time>2026-05-08T09:54:20Z</time>
</trkpt>
<trkpt lat="45.54948731" lon="9.22444348">
<ele>142.85437</ele>
<time>2026-05-08T09:54:21Z</time>
</trkpt>
<trkpt lat="45.54952072" lon="9.22463383">
<ele>142.37875</ele>
<time>2026-05-08T09:54:22Z</time>
</trkpt>
<trkpt lat="45.54954995" lon="9.22480244">
<ele>142.00354</ele>
<time>2026-05-08T09:54:23Z</time>
</trkpt>
<trkpt lat="45.54957512" lon="9.22497003">
<ele>141.69174</ele>
<time>2026-05-08T09:54:24Z</time>
</trkpt>
<trkpt lat="45.54958839" lon="9.22507622">
<ele>141.23726</ele>
<time>2026-05-08T09:54:25Z</time>
</trkpt>
<trkpt lat="45.54960388" lon="9.22518348">
<ele>140.74051</ele>
<time>2026-05-08T09:54:26Z</time>
</trkpt>
<trkpt lat="45.54962555" lon="9.22528218">
<ele>140.37587</ele>
<time>2026-05-08T09:54:27Z</time>
</trkpt>
<trkpt lat="45.54963814" lon="9.22536732">
<ele>139.9161</ele>
<time>2026-05-08T09:54:28Z</time>
</trkpt>
<trkpt lat="45.54964499" lon="9.22540708">
<ele>139.51976</ele>
<time>2026-05-08T09:54:29Z</time>
</trkpt>
<trkpt lat="45.54965733" lon="9.22543811">
<ele>139.20796</ele>
<time>2026-05-08T09:54:30Z</time>
</trkpt>
<trkpt lat="45.54966217" lon="9.22546241">
<ele>138.89088</ele>
<time>2026-05-08T09:54:31Z</time>
</trkpt>
<trkpt lat="45.54966946" lon="9.22549699">
<ele>138.61609</ele>
<time>2026-05-08T09:54:32Z</time>
</trkpt>
<trkpt lat="45.54967162" lon="9.22553138">
<ele>138.29901</ele>
<time>2026-05-08T09:54:33Z</time>
</trkpt>
<trkpt lat="45.54967598" lon="9.22558667">
<ele>138.05592</ele>
<time>2026-05-08T09:54:34Z</time>
</trkpt>
<trkpt lat="45.54968128" lon="9.22562585">
<ele>137.8234</ele>
<time>2026-05-08T09:54:35Z</time>
</trkpt>
<trkpt lat="45.54968858" lon="9.22565665">
<ele>137.63843</ele>
<time>2026-05-08T09:54:36Z</time>
</trkpt>
<trkpt lat="45.54969533" lon="9.22571276">
<ele>137.4429</ele>
<time>2026-05-08T09:54:37Z</time>
</trkpt>
<trkpt lat="45.54970103" lon="9.22580004">
<ele>137.26851</ele>
<time>2026-05-08T09:54:38Z</time>
</trkpt>
<trkpt lat="45.54971415" lon="9.22588658">
<ele>137.11525</ele>
<time>2026-05-08T09:54:39Z</time>
</trkpt>
<trkpt lat="45.54972722" lon="9.22597547">
<ele>136.962</ele>
<time>2026-05-08T09:54:40Z</time>
</trkpt>
<trkpt lat="45.54974461" lon="9.22608312">
<ele>136.85631</ele>
<time>2026-05-08T09:54:41Z</time>
</trkpt>
<trkpt lat="45.54976439" lon="9.22620749">
<ele>136.71362</ele>
<time>2026-05-08T09:54:42Z</time>
</trkpt>
<trkpt lat="45.54977989" lon="9.22634554">
<ele>136.59735</ele>
<time>2026-05-08T09:54:43Z</time>
</trkpt>
<trkpt lat="45.54980742" lon="9.226481">
<ele>136.46524</ele>
<time>2026-05-08T09:54:44Z</time>
</trkpt>
<trkpt lat="45.54982815" lon="9.22661532">
<ele>136.35426</ele>
<time>2026-05-08T09:54:45Z</time>
</trkpt>
<trkpt lat="45.54984728" lon="9.22673344">
<ele>136.238</ele>
<time>2026-05-08T09:54:46Z</time>
</trkpt>
<trkpt lat="45.54986288" lon="9.22685794">
<ele>136.12173</ele>
<time>2026-05-08T09:54:47Z</time>
</trkpt>
<trkpt lat="45.54988878" lon="9.22701005">
<ele>136.06361</ele>
<time>2026-05-08T09:54:48Z</time>
</trkpt>
<trkpt lat="45.54990813" lon="9.22715923">
<ele>136.01605</ele>
<time>2026-05-08T09:54:49Z</time>
</trkpt>
<trkpt lat="45.54992803" lon="9.22728986">
<ele>135.95792</ele>
<time>2026-05-08T09:54:50Z</time>
</trkpt>
<trkpt lat="45.54995401" lon="9.22745766">
<ele>135.92621</ele>
<time>2026-05-08T09:54:51Z</time>
</trkpt>
<trkpt lat="45.54997865" lon="9.22760523">
<ele>135.8945</ele>
<time>2026-05-08T09:54:52Z</time>
</trkpt>
<trkpt lat="45.55000064" lon="9.22776043">
<ele>135.87337</ele>
<time>2026-05-08T09:54:53Z</time>
</trkpt>
<trkpt lat="45.55002529" lon="9.22792914">
<ele>135.8628</ele>
<time>2026-05-08T09:54:54Z</time>
</trkpt>
<trkpt lat="45.55005167" lon="9.22810406">
<ele>135.89978</ele>
<time>2026-05-08T09:54:55Z</time>
</trkpt>
<trkpt lat="45.55007869" lon="9.22828747">
<ele>135.95262</ele>
<time>2026-05-08T09:54:56Z</time>
</trkpt>
<trkpt lat="45.55010413" lon="9.22848644">
<ele>135.93149</ele>
<time>2026-05-08T09:54:57Z</time>
</trkpt>
<trkpt lat="45.55015022" lon="9.2286972">
<ele>135.94734</ele>
<time>2026-05-08T09:54:58Z</time>
</trkpt>
<trkpt lat="45.55019508" lon="9.22893264">
<ele>136.0319</ele>
<time>2026-05-08T09:54:59Z</time>
</trkpt>
<trkpt lat="45.55023414" lon="9.22915642">
<ele>136.09532</ele>
<time>2026-05-08T09:55:00Z</time>
</trkpt>
<trkpt lat="45.55027333" lon="9.2293939">
<ele>136.13759</ele>
<time>2026-05-08T09:55:01Z</time>
</trkpt>
<trkpt lat="45.55031761" lon="9.22967336">
<ele>136.2063</ele>
<time>2026-05-08T09:55:02Z</time>
</trkpt>
<trkpt lat="45.55035281" lon="9.2299256">
<ele>136.34898</ele>
<time>2026-05-08T09:55:03Z</time>
</trkpt>
<trkpt lat="45.55039116" lon="9.23018191">
<ele>136.45995</ele>
<time>2026-05-08T09:55:04Z</time>
</trkpt>
<trkpt lat="45.55043407" lon="9.23045581">
<ele>136.50752</ele>
<time>2026-05-08T09:55:05Z</time>
</trkpt>
<trkpt lat="45.5504903" lon="9.23073369">
<ele>136.60263</ele>
<time>2026-05-08T09:55:06Z</time>
</trkpt>
<trkpt lat="45.55053472" lon="9.23101004">
<ele>136.87216</ele>
<time>2026-05-08T09:55:07Z</time>
</trkpt>
<trkpt lat="45.55057868" lon="9.23129345">
<ele>136.98314</ele>
<time>2026-05-08T09:55:08Z</time>
</trkpt>
<trkpt lat="45.55160132" lon="9.23868295">
<ele>133.75423</ele>
<time>2026-05-08T09:55:35Z</time>
</trkpt>
<trkpt lat="45.55161857" lon="9.23891132">
<ele>133.59569</ele>
<time>2026-05-08T09:55:36Z</time>
</trkpt>
<trkpt lat="45.55166433" lon="9.23919331">
<ele>133.53226</ele>
<time>2026-05-08T09:55:37Z</time>
</trkpt>
<trkpt lat="45.55173651" lon="9.23947936">
<ele>133.58511</ele>
<time>2026-05-08T09:55:38Z</time>
</trkpt>
<trkpt lat="45.55176393" lon="9.23980322">
<ele>133.7965</ele>
<time>2026-05-08T09:55:39Z</time>
</trkpt>
<trkpt lat="45.55181489" lon="9.24014278">
<ele>134.14528</ele>
<time>2026-05-08T09:55:40Z</time>
</trkpt>
<trkpt lat="45.55186158" lon="9.24046338">
<ele>134.56277</ele>
<time>2026-05-08T09:55:41Z</time>
</trkpt>
<trkpt lat="45.55190381" lon="9.24077096">
<ele>135.01724</ele>
<time>2026-05-08T09:55:42Z</time>
</trkpt>
<trkpt lat="45.55193539" lon="9.24108385">
<ele>135.54042</ele>
<time>2026-05-08T09:55:43Z</time>
</trkpt>
<trkpt lat="45.55198379" lon="9.24137702">
<ele>135.6884</ele>
<time>2026-05-08T09:55:44Z</time>
</trkpt>
<trkpt lat="45.55203512" lon="9.24166949">
<ele>135.84694</ele>
<time>2026-05-08T09:55:45Z</time>
</trkpt>
<trkpt lat="45.55208543" lon="9.24195032">
<ele>136.14287</ele>
<time>2026-05-08T09:55:46Z</time>
</trkpt>
<trkpt lat="45.55212315" lon="9.24219829">
<ele>136.25386</ele>
<time>2026-05-08T09:55:47Z</time>
</trkpt>
<trkpt lat="45.55215929" lon="9.24244272">
<ele>136.15872</ele>
<time>2026-05-08T09:55:48Z</time>
</trkpt>
<trkpt lat="45.55220241" lon="9.2426656">
<ele>136.00548</ele>
<time>2026-05-08T09:55:49Z</time>
</trkpt>
<trkpt lat="45.55222567" lon="9.24284319">
<ele>135.87865</ele>
<time>2026-05-08T09:55:50Z</time>
</trkpt>
<trkpt lat="45.55222668" lon="9.24287007">
<ele>135.86807</ele>
<time>2026-05-08T09:55:51Z</time>
</trkpt>
<trkpt lat="45.55219943" lon="9.24283979">
<ele>135.79938</ele>
<time>2026-05-08T09:55:53Z</time>
</trkpt>
<trkpt lat="45.55220854" lon="9.24289447">
<ele>135.69896</ele>
<time>2026-05-08T09:55:54Z</time>
</trkpt>
<trkpt lat="45.55221894" lon="9.24295769">
<ele>135.63554</ele>
<time>2026-05-08T09:55:55Z</time>
</trkpt>
<trkpt lat="45.5522212" lon="9.24300142">
<ele>135.64084</ele>
<time>2026-05-08T09:55:56Z</time>
</trkpt>
<trkpt lat="45.5522258" lon="9.24305467">
<ele>135.59856</ele>
<time>2026-05-08T09:55:57Z</time>
</trkpt>
<trkpt lat="45.55223195" lon="9.24309356">
<ele>135.60913</ele>
<time>2026-05-08T09:55:58Z</time>
</trkpt>
<trkpt lat="45.55223853" lon="9.24314974">
<ele>135.59856</ele>
<time>2026-05-08T09:55:59Z</time>
</trkpt>
<trkpt lat="45.55224728" lon="9.24320318">
<ele>135.588</ele>
<time>2026-05-08T09:56:00Z</time>
</trkpt>
<trkpt lat="45.5522542" lon="9.24325762">
<ele>135.57742</ele>
<time>2026-05-08T09:56:01Z</time>
</trkpt>
<trkpt lat="45.55226032" lon="9.24330505">
<ele>135.54572</ele>
<time>2026-05-08T09:56:02Z</time>
</trkpt>
<trkpt lat="45.55226675" lon="9.24334285">
<ele>135.50871</ele>
<time>2026-05-08T09:56:03Z</time>
</trkpt>
<trkpt lat="45.55227077" lon="9.24335805">
<ele>135.477</ele>
<time>2026-05-08T09:56:04Z</time>
</trkpt>
<trkpt lat="45.55227528" lon="9.2433663">
<ele>135.45059</ele>
<time>2026-05-08T09:56:05Z</time>
</trkpt>
<trkpt lat="45.55227837" lon="9.24337099">
<ele>135.43474</ele>
<time>2026-05-08T09:56:06Z</time>
</trkpt>
<trkpt lat="45.55228293" lon="9.24338435">
<ele>135.41888</ele>
<time>2026-05-08T09:56:07Z</time>
</trkpt>
<trkpt lat="45.55228522" lon="9.24339">
<ele>135.42416</ele>
<time>2026-05-08T09:56:08Z</time>
</trkpt>
<trkpt lat="45.55228862" lon="9.24339594">
<ele>135.42946</ele>
<time>2026-05-08T09:56:09Z</time>
</trkpt>
<trkpt lat="45.55229261" lon="9.24341036">
<ele>135.42416</ele>
<time>2026-05-08T09:56:10Z</time>
</trkpt>
<trkpt lat="45.55229565" lon="9.24342995">
<ele>135.40831</ele>
<time>2026-05-08T09:56:11Z</time>
</trkpt>
<trkpt lat="45.5522987" lon="9.24345192">
<ele>135.40303</ele>
<time>2026-05-08T09:56:12Z</time>
</trkpt>
<trkpt lat="45.5523021" lon="9.24348136">
<ele>135.36603</ele>
<time>2026-05-08T09:56:13Z</time>
</trkpt>
<trkpt lat="45.55230686" lon="9.24351946">
<ele>135.3449</ele>
<time>2026-05-08T09:56:14Z</time>
</trkpt>
<trkpt lat="45.55231221" lon="9.24354968">
<ele>135.32904</ele>
<time>2026-05-08T09:56:15Z</time>
</trkpt>
<trkpt lat="45.55232411" lon="9.24361948">
<ele>135.32376</ele>
<time>2026-05-08T09:56:16Z</time>
</trkpt>
<trkpt lat="45.5523331" lon="9.24366981">
<ele>135.33432</ele>
<time>2026-05-08T09:56:17Z</time>
</trkpt>
<trkpt lat="45.55234537" lon="9.2437355">
<ele>135.35017</ele>
<time>2026-05-08T09:56:18Z</time>
</trkpt>
<trkpt lat="45.55235783" lon="9.24379462">
<ele>135.3766</ele>
<time>2026-05-08T09:56:19Z</time>
</trkpt>
<trkpt lat="45.55236385" lon="9.243857">
<ele>135.40303</ele>
<time>2026-05-08T09:56:20Z</time>
</trkpt>
<trkpt lat="45.55236956" lon="9.24391902">
<ele>135.44002</ele>
<time>2026-05-08T09:56:21Z</time>
</trkpt>
<trkpt lat="45.55238491" lon="9.24402542">
<ele>135.477</ele>
<time>2026-05-08T09:56:22Z</time>
</trkpt>
<trkpt lat="45.55240489" lon="9.24411995">
<ele>135.50343</ele>
<time>2026-05-08T09:56:23Z</time>
</trkpt>
<trkpt lat="45.55243901" lon="9.24423853">
<ele>135.52457</ele>
<time>2026-05-08T09:56:24Z</time>
</trkpt>
<trkpt lat="45.5524709" lon="9.24436831">
<ele>135.56157</ele>
<time>2026-05-08T09:56:25Z</time>
</trkpt>
<trkpt lat="45.55244724" lon="9.24445346">
<ele>135.59328</ele>
<time>2026-05-08T09:56:26Z</time>
</trkpt>
<trkpt lat="45.55243527" lon="9.24459711">
<ele>135.6197</ele>
<time>2026-05-08T09:56:27Z</time>
</trkpt>
<trkpt lat="45.55244801" lon="9.24468679">
<ele>135.66197</ele>
<time>2026-05-08T09:56:28Z</time>
</trkpt>
<trkpt lat="45.55246281" lon="9.24480397">
<ele>135.73068</ele>
<time>2026-05-08T09:56:29Z</time>
</trkpt>
<trkpt lat="45.55247951" lon="9.24492382">
<ele>135.81523</ele>
<time>2026-05-08T09:56:30Z</time>
</trkpt>
<trkpt lat="45.55251077" lon="9.24504766">
<ele>135.88393</ele>
<time>2026-05-08T09:56:31Z</time>
</trkpt>
<trkpt lat="45.55254781" lon="9.24518804">
<ele>135.95792</ele>
<time>2026-05-08T09:56:32Z</time>
</trkpt>
<trkpt lat="45.55257278" lon="9.24530386">
<ele>136.05832</ele>
<time>2026-05-08T09:56:33Z</time>
</trkpt>
<trkpt lat="45.55260278" lon="9.24544631">
<ele>136.2063</ele>
<time>2026-05-08T09:56:34Z</time>
</trkpt>
<trkpt lat="45.55264078" lon="9.24568171">
<ele>136.34898</ele>
<time>2026-05-08T09:56:35Z</time>
</trkpt>
<trkpt lat="45.552682" lon="9.24586854">
<ele>136.50224</ele>
<time>2026-05-08T09:56:36Z</time>
</trkpt>
<trkpt lat="45.55270756" lon="9.24606611">
<ele>136.65549</ele>
<time>2026-05-08T09:56:37Z</time>
</trkpt>
<trkpt lat="45.55272842" lon="9.24621527">
<ele>136.8246</ele>
<time>2026-05-08T09:56:38Z</time>
</trkpt>
<trkpt lat="45.55275135" lon="9.24636574">
<ele>136.999</ele>
<time>2026-05-08T09:56:39Z</time>
</trkpt>
<trkpt lat="45.55278176" lon="9.24655076">
<ele>137.2051</ele>
<time>2026-05-08T09:56:40Z</time>
</trkpt>
<trkpt lat="45.55280902" lon="9.24670376">
<ele>137.41647</ele>
<time>2026-05-08T09:56:41Z</time>
</trkpt>
<trkpt lat="45.55283711" lon="9.24685503">
<ele>137.66486</ele>
<time>2026-05-08T09:56:42Z</time>
</trkpt>
<trkpt lat="45.55285323" lon="9.24701079">
<ele>137.97664</ele>
<time>2026-05-08T09:56:43Z</time>
</trkpt>
<trkpt lat="45.55287549" lon="9.24718706">
<ele>138.32014</ele>
<time>2026-05-08T09:56:44Z</time>
</trkpt>
<trkpt lat="45.55290931" lon="9.24741379">
<ele>138.71649</ele>
<time>2026-05-08T09:56:45Z</time>
</trkpt>
<trkpt lat="45.55294248" lon="9.24763425">
<ele>139.08641</ele>
<time>2026-05-08T09:56:46Z</time>
</trkpt>
<trkpt lat="45.55297506" lon="9.24784439">
<ele>139.42464</ele>
<time>2026-05-08T09:56:47Z</time>
</trkpt>
<trkpt lat="45.55301066" lon="9.24806744">
<ele>139.79457</ele>
<time>2026-05-08T09:56:48Z</time>
</trkpt>
<trkpt lat="45.55304598" lon="9.24828917">
<ele>140.13806</ele>
<time>2026-05-08T09:56:49Z</time>
</trkpt>
<trkpt lat="45.55307594" lon="9.24850962">
<ele>140.471</ele>
<time>2026-05-08T09:56:50Z</time>
</trkpt>
<trkpt lat="45.55310207" lon="9.24870001">
<ele>140.79335</ele>
<time>2026-05-08T09:56:51Z</time>
</trkpt>
<trkpt lat="45.55312618" lon="9.24890177">
<ele>141.09457</ele>
<time>2026-05-08T09:56:52Z</time>
</trkpt>
<trkpt lat="45.55315026" lon="9.24909639">
<ele>141.3641</ele>
<time>2026-05-08T09:56:53Z</time>
</trkpt>
<trkpt lat="45.55317747" lon="9.2493118">
<ele>141.59662</ele>
<time>2026-05-08T09:56:54Z</time>
</trkpt>
<trkpt lat="45.55320502" lon="9.24951495">
<ele>141.80273</ele>
<time>2026-05-08T09:56:55Z</time>
</trkpt>
<trkpt lat="45.5532321" lon="9.24970219">
<ele>141.98769</ele>
<time>2026-05-08T09:56:56Z</time>
</trkpt>
<trkpt lat="45.55327001" lon="9.24989661">
<ele>142.18321</ele>
<time>2026-05-08T09:56:57Z</time>
</trkpt>
<trkpt lat="45.55329335" lon="9.25005813">
<ele>142.33647</ele>
<time>2026-05-08T09:56:58Z</time>
</trkpt>
<trkpt lat="45.55332639" lon="9.25024181">
<ele>142.4316</ele>
<time>2026-05-08T09:56:59Z</time>
</trkpt>
<trkpt lat="45.55335078" lon="9.2503935">
<ele>142.55843</ele>
<time>2026-05-08T09:57:00Z</time>
</trkpt>
<trkpt lat="45.55336785" lon="9.25053802">
<ele>142.64297</ele>
<time>2026-05-08T09:57:01Z</time>
</trkpt>
<trkpt lat="45.55339621" lon="9.25068941">
<ele>142.71169</ele>
<time>2026-05-08T09:57:02Z</time>
</trkpt>
<trkpt lat="45.5534113" lon="9.250824">
<ele>142.7751</ele>
<time>2026-05-08T09:57:03Z</time>
</trkpt>
<trkpt lat="45.55343438" lon="9.25096849">
<ele>142.81209</ele>
<time>2026-05-08T09:57:04Z</time>
</trkpt>
<trkpt lat="45.55345077" lon="9.25107925">
<ele>142.84909</ele>
<time>2026-05-08T09:57:05Z</time>
</trkpt>
<trkpt lat="45.55346244" lon="9.25121803">
<ele>142.8808</ele>
<time>2026-05-08T09:57:06Z</time>
</trkpt>
<trkpt lat="45.5534752" lon="9.25135042">
<ele>142.89665</ele>
<time>2026-05-08T09:57:07Z</time>
</trkpt>
<trkpt lat="45.55349202" lon="9.25148571">
<ele>142.92307</ele>
<time>2026-05-08T09:57:08Z</time>
</trkpt>
<trkpt lat="45.55350272" lon="9.25159268">
<ele>142.97592</ele>
<time>2026-05-08T09:57:09Z</time>
</trkpt>
<trkpt lat="45.55352954" lon="9.25178353">
<ele>142.98648</ele>
<time>2026-05-08T09:57:10Z</time>
</trkpt>
<trkpt lat="45.5535372" lon="9.25182847">
<ele>142.97063</ele>
<time>2026-05-08T09:57:11Z</time>
</trkpt>
<trkpt lat="45.55356759" lon="9.25196375">
<ele>142.9495</ele>
<time>2026-05-08T09:57:12Z</time>
</trkpt>
<trkpt lat="45.55359828" lon="9.25206774">
<ele>142.92834</ele>
<time>2026-05-08T09:57:13Z</time>
</trkpt>
<trkpt lat="45.55361053" lon="9.25217832">
<ele>142.92834</ele>
<time>2026-05-08T09:57:14Z</time>
</trkpt>
<trkpt lat="45.55362616" lon="9.25225913">
<ele>142.92834</ele>
<time>2026-05-08T09:57:15Z</time>
</trkpt>
<trkpt lat="45.55364235" lon="9.25239974">
<ele>142.9442</ele>
<time>2026-05-08T09:57:16Z</time>
</trkpt>
<trkpt lat="45.55365453" lon="9.25252015">
<ele>142.95477</ele>
<time>2026-05-08T09:57:17Z</time>
</trkpt>
<trkpt lat="45.55367644" lon="9.2526568">
<ele>142.96535</ele>
<time>2026-05-08T09:57:18Z</time>
</trkpt>
<trkpt lat="45.55369795" lon="9.25280012">
<ele>142.96005</ele>
<time>2026-05-08T09:57:19Z</time>
</trkpt>
<trkpt lat="45.55372383" lon="9.252955">
<ele>142.96005</ele>
<time>2026-05-08T09:57:20Z</time>
</trkpt>
<trkpt lat="45.55374729" lon="9.25310846">
<ele>142.9812</ele>
<time>2026-05-08T09:57:21Z</time>
</trkpt>
<trkpt lat="45.55376683" lon="9.25324425">
<ele>142.99178</ele>
<time>2026-05-08T09:57:22Z</time>
</trkpt>
<trkpt lat="45.55380118" lon="9.25346027">
<ele>143.02348</ele>
<time>2026-05-08T09:57:23Z</time>
</trkpt>
<trkpt lat="45.5538302" lon="9.25365707">
<ele>143.06047</ele>
<time>2026-05-08T09:57:24Z</time>
</trkpt>
<trkpt lat="45.5538588" lon="9.25386403">
<ele>143.09746</ele>
<time>2026-05-08T09:57:25Z</time>
</trkpt>
<trkpt lat="45.55388877" lon="9.25408525">
<ele>143.13446</ele>
<time>2026-05-08T09:57:26Z</time>
</trkpt>
<trkpt lat="45.55392686" lon="9.25431783">
<ele>143.16089</ele>
<time>2026-05-08T09:57:27Z</time>
</trkpt>
<trkpt lat="45.55395818" lon="9.25454882">
<ele>143.13446</ele>
<time>2026-05-08T09:57:28Z</time>
</trkpt>
<trkpt lat="45.55398816" lon="9.25475767">
<ele>143.04462</ele>
<time>2026-05-08T09:57:29Z</time>
</trkpt>
<trkpt lat="45.55402478" lon="9.25497894">
<ele>142.97592</ele>
<time>2026-05-08T09:57:30Z</time>
</trkpt>
<trkpt lat="45.55406424" lon="9.2552079">
<ele>142.8755</ele>
<time>2026-05-08T09:57:31Z</time>
</trkpt>
<trkpt lat="45.55409982" lon="9.25545695">
<ele>142.73811</ele>
<time>2026-05-08T09:57:32Z</time>
</trkpt>
<trkpt lat="45.55412905" lon="9.25568951">
<ele>142.56372</ele>
<time>2026-05-08T09:57:33Z</time>
</trkpt>
<trkpt lat="45.55417621" lon="9.25593439">
<ele>142.37347</ele>
<time>2026-05-08T09:57:34Z</time>
</trkpt>
<trkpt lat="45.55421256" lon="9.25618815">
<ele>142.13565</ele>
<time>2026-05-08T09:57:35Z</time>
</trkpt>
<trkpt lat="45.55425475" lon="9.25644598">
<ele>141.87143</ele>
<time>2026-05-08T09:57:36Z</time>
</trkpt>
<trkpt lat="45.55428773" lon="9.25670302">
<ele>141.5702</ele>
<time>2026-05-08T09:57:37Z</time>
</trkpt>
<trkpt lat="45.5543211" lon="9.25695839">
<ele>141.24783</ele>
<time>2026-05-08T09:57:38Z</time>
</trkpt>
<trkpt lat="45.55435922" lon="9.25721401">
<ele>140.87791</ele>
<time>2026-05-08T09:57:39Z</time>
</trkpt>
<trkpt lat="45.55439705" lon="9.25746311">
<ele>140.46571</ele>
<time>2026-05-08T09:57:40Z</time>
</trkpt>
<trkpt lat="45.5544339" lon="9.25768076">
<ele>140.04823</ele>
<time>2026-05-08T09:57:41Z</time>
</trkpt>
<trkpt lat="45.55448079" lon="9.25796573">
<ele>139.65187</ele>
<time>2026-05-08T09:57:42Z</time>
</trkpt>
<trkpt lat="45.55451601" lon="9.25821352">
<ele>139.27138</ele>
<time>2026-05-08T09:57:43Z</time>
</trkpt>
<trkpt lat="45.55455794" lon="9.25849076">
<ele>138.93845</ele>
<time>2026-05-08T09:57:44Z</time>
</trkpt>
<trkpt lat="45.55458347" lon="9.25868061">
<ele>138.58438</ele>
<time>2026-05-08T09:57:45Z</time>
</trkpt>
<trkpt lat="45.55462694" lon="9.25895668">
<ele>138.28844</ele>
<time>2026-05-08T09:57:46Z</time>
</trkpt>
<trkpt lat="45.55466293" lon="9.25919831">
<ele>137.9555</ele>
<time>2026-05-08T09:57:47Z</time>
</trkpt>
<trkpt lat="45.5546902" lon="9.25941188">
<ele>137.66486</ele>
<time>2026-05-08T09:57:48Z</time>
</trkpt>
<trkpt lat="45.55472831" lon="9.25969881">
<ele>137.43233</ele>
<time>2026-05-08T09:57:49Z</time>
</trkpt>
<trkpt lat="45.55477194" lon="9.25992699">
<ele>137.15225</ele>
<time>2026-05-08T09:57:50Z</time>
</trkpt>
<trkpt lat="45.55481265" lon="9.26015347">
<ele>136.85101</ele>
<time>2026-05-08T09:57:51Z</time>
</trkpt>
<trkpt lat="45.55485037" lon="9.26040909">
<ele>136.5815</ele>
<time>2026-05-08T09:57:52Z</time>
</trkpt>
<trkpt lat="45.55487434" lon="9.26064494">
<ele>136.35956</ele>
<time>2026-05-08T09:57:53Z</time>
</trkpt>
<trkpt lat="45.55491305" lon="9.260893">
<ele>136.15344</ele>
<time>2026-05-08T09:57:54Z</time>
</trkpt>
<trkpt lat="45.55495202" lon="9.26115098">
<ele>135.95262</ele>
<time>2026-05-08T09:57:55Z</time>
</trkpt>
<trkpt lat="45.55498991" lon="9.26134919">
<ele>135.67255</ele>
<time>2026-05-08T09:57:56Z</time>
</trkpt>
<trkpt lat="45.55500013" lon="9.26150743">
<ele>135.35017</ele>
<time>2026-05-08T09:57:57Z</time>
</trkpt>
<trkpt lat="45.5550305" lon="9.26169501">
<ele>135.0648</ele>
<time>2026-05-08T09:57:58Z</time>
</trkpt>
<trkpt lat="45.55505353" lon="9.26185932">
<ele>134.80586</ele>
<time>2026-05-08T09:57:59Z</time>
</trkpt>
<trkpt lat="45.55507546" lon="9.26201464">
<ele>134.56277</ele>
<time>2026-05-08T09:58:00Z</time>
</trkpt>
<trkpt lat="45.55511588" lon="9.26219395">
<ele>134.32497</ele>
<time>2026-05-08T09:58:01Z</time>
</trkpt>
<trkpt lat="45.55514372" lon="9.2623597">
<ele>134.15585</ele>
<time>2026-05-08T09:58:02Z</time>
</trkpt>
<trkpt lat="45.55518968" lon="9.26261657">
<ele>133.98674</ele>
<time>2026-05-08T09:58:03Z</time>
</trkpt>
<trkpt lat="45.55520806" lon="9.26271909">
<ele>133.7965</ele>
<time>2026-05-08T09:58:04Z</time>
</trkpt>
<trkpt lat="45.55522177" lon="9.2628437">
<ele>133.6221</ele>
<time>2026-05-08T09:58:05Z</time>
</trkpt>
<trkpt lat="45.5552551" lon="9.26302762">
<ele>133.56398</ele>
<time>2026-05-08T09:58:06Z</time>
</trkpt>
<trkpt lat="45.55527567" lon="9.26320165">
<ele>133.47942</ele>
<time>2026-05-08T09:58:07Z</time>
</trkpt>
<trkpt lat="45.55530364" lon="9.26338346">
<ele>133.35258</ele>
<time>2026-05-08T09:58:08Z</time>
</trkpt>
<trkpt lat="45.55532375" lon="9.26355518">
<ele>133.2469</ele>
<time>2026-05-08T09:58:09Z</time>
</trkpt>
<trkpt lat="45.55534224" lon="9.26374566">
<ele>133.19405</ele>
<time>2026-05-08T09:58:10Z</time>
</trkpt>
<trkpt lat="45.55537833" lon="9.26394824">
<ele>133.13063</ele>
<time>2026-05-08T09:58:11Z</time>
</trkpt>
<trkpt lat="45.5554184" lon="9.26416721">
<ele>133.08307</ele>
<time>2026-05-08T09:58:12Z</time>
</trkpt>
<trkpt lat="45.55544236" lon="9.26436359">
<ele>133.0355</ele>
<time>2026-05-08T09:58:13Z</time>
</trkpt>
<trkpt lat="45.55547809" lon="9.26454364">
<ele>132.98267</ele>
<time>2026-05-08T09:58:14Z</time>
</trkpt>
<trkpt lat="45.55550309" lon="9.26472755">
<ele>132.9351</ele>
<time>2026-05-08T09:58:15Z</time>
</trkpt>
<trkpt lat="45.55551684" lon="9.26487506">
<ele>132.86111</ele>
<time>2026-05-08T09:58:16Z</time>
</trkpt>
<trkpt lat="45.55553164" lon="9.2649891">
<ele>132.77127</ele>
<time>2026-05-08T09:58:17Z</time>
</trkpt>
<trkpt lat="45.55555133" lon="9.26507718">
<ele>132.67087</ele>
<time>2026-05-08T09:58:18Z</time>
</trkpt>
<trkpt lat="45.55556458" lon="9.26522">
<ele>132.58102</ele>
<time>2026-05-08T09:58:19Z</time>
</trkpt>
<trkpt lat="45.55558085" lon="9.26538422">
<ele>132.53876</ele>
<time>2026-05-08T09:58:20Z</time>
</trkpt>
<trkpt lat="45.55559852" lon="9.26554862">
<ele>132.53346</ele>
<time>2026-05-08T09:58:21Z</time>
</trkpt>
<trkpt lat="45.5556142" lon="9.26570369">
<ele>132.53346</ele>
<time>2026-05-08T09:58:22Z</time>
</trkpt>
<trkpt lat="45.55562822" lon="9.26586024">
<ele>132.56517</ele>
<time>2026-05-08T09:58:23Z</time>
</trkpt>
<trkpt lat="45.5556403" lon="9.26602695">
<ele>132.63388</ele>
<time>2026-05-08T09:58:24Z</time>
</trkpt>
<trkpt lat="45.55564826" lon="9.26619277">
<ele>132.68672</ele>
<time>2026-05-08T09:58:25Z</time>
</trkpt>
<trkpt lat="45.55565183" lon="9.26638663">
<ele>132.78185</ele>
<time>2026-05-08T09:58:26Z</time>
</trkpt>
<trkpt lat="45.55565804" lon="9.26663486">
<ele>132.9034</ele>
<time>2026-05-08T09:58:27Z</time>
</trkpt>
<trkpt lat="45.5556592" lon="9.26682308">
<ele>133.01965</ele>
<time>2026-05-08T09:58:28Z</time>
</trkpt>
<trkpt lat="45.55565227" lon="9.26707178">
<ele>133.14648</ele>
<time>2026-05-08T09:58:29Z</time>
</trkpt>
<trkpt lat="45.55564867" lon="9.26730602">
<ele>133.28917</ele>
<time>2026-05-08T09:58:30Z</time>
</trkpt>
<trkpt lat="45.55564915" lon="9.26753414">
<ele>133.41072</ele>
<time>2026-05-08T09:58:31Z</time>
</trkpt>
<trkpt lat="45.55565664" lon="9.26774393">
<ele>133.5164</ele>
<time>2026-05-08T09:58:32Z</time>
</trkpt>
<trkpt lat="45.55566704" lon="9.2678933">
<ele>133.59569</ele>
<time>2026-05-08T09:58:33Z</time>
</trkpt>
<trkpt lat="45.55568322" lon="9.268055">
<ele>133.63795</ele>
<time>2026-05-08T09:58:34Z</time>
</trkpt>
<trkpt lat="45.55570375" lon="9.26822131">
<ele>133.98674</ele>
<time>2026-05-08T09:58:35Z</time>
</trkpt>
<trkpt lat="45.5557277" lon="9.26839388">
<ele>134.28796</ele>
<time>2026-05-08T09:58:36Z</time>
</trkpt>
<trkpt lat="45.55572996" lon="9.2684562">
<ele>134.5205</ele>
<time>2026-05-08T09:58:37Z</time>
</trkpt>
<trkpt lat="45.55573142" lon="9.26850954">
<ele>134.70546</ele>
<time>2026-05-08T09:58:38Z</time>
</trkpt>
<trkpt lat="45.55574406" lon="9.26856227">
<ele>134.98026</ele>
<time>2026-05-08T09:58:40Z</time>
</trkpt>
<trkpt lat="45.55573169" lon="9.26844224">
<ele>135.09123</ele>
<time>2026-05-08T09:58:41Z</time>
</trkpt>
<trkpt lat="45.55573543" lon="9.26844233">
<ele>135.19693</ele>
<time>2026-05-08T09:58:42Z</time>
</trkpt>
<trkpt lat="45.55574285" lon="9.26844019">
<ele>135.29733</ele>
<time>2026-05-08T09:58:43Z</time>
</trkpt>
<trkpt lat="45.55574309" lon="9.26845778">
<ele>135.38718</ele>
<time>2026-05-08T09:58:44Z</time>
</trkpt>
<trkpt lat="45.55574057" lon="9.2684589">
<ele>135.47173</ele>
<time>2026-05-08T09:58:45Z</time>
</trkpt>
<trkpt lat="45.55585664" lon="9.26921828">
<ele>136.42824</ele>
<time>2026-05-08T09:59:04Z</time>
</trkpt>
<trkpt lat="45.55592101" lon="9.26939599">
<ele>136.22743</ele>
<time>2026-05-08T09:59:05Z</time>
</trkpt>
<trkpt lat="45.55596268" lon="9.26954675">
<ele>136.01076</ele>
<time>2026-05-08T09:59:06Z</time>
</trkpt>
<trkpt lat="45.55599788" lon="9.26966162">
<ele>135.76239</ele>
<time>2026-05-08T09:59:07Z</time>
</trkpt>
<trkpt lat="45.55605299" lon="9.26979945">
<ele>135.52457</ele>
<time>2026-05-08T09:59:08Z</time>
</trkpt>
<trkpt lat="45.55609279" lon="9.26992023">
<ele>135.31847</ele>
<time>2026-05-08T09:59:09Z</time>
</trkpt>
<trkpt lat="45.55613253" lon="9.27001444">
<ele>135.11766</ele>
<time>2026-05-08T09:59:10Z</time>
</trkpt>
<trkpt lat="45.55617331" lon="9.27010481">
<ele>134.93797</ele>
<time>2026-05-08T09:59:11Z</time>
</trkpt>
<trkpt lat="45.55621094" lon="9.27020518">
<ele>134.79001</ele>
<time>2026-05-08T09:59:12Z</time>
</trkpt>
<trkpt lat="45.55625751" lon="9.27033717">
<ele>134.66318</ele>
<time>2026-05-08T09:59:13Z</time>
</trkpt>
<trkpt lat="45.55627614" lon="9.27042609">
<ele>134.4835</ele>
<time>2026-05-08T09:59:14Z</time>
</trkpt>
<trkpt lat="45.55629006" lon="9.27048337">
<ele>134.3514</ele>
<time>2026-05-08T09:59:15Z</time>
</trkpt>
<trkpt lat="45.55631977" lon="9.27055616">
<ele>134.27211</ele>
<time>2026-05-08T09:59:16Z</time>
</trkpt>
<trkpt lat="45.55635429" lon="9.27065842">
<ele>134.2404</ele>
<time>2026-05-08T09:59:17Z</time>
</trkpt>
<trkpt lat="45.55639726" lon="9.27079253">
<ele>134.26683</ele>
<time>2026-05-08T09:59:18Z</time>
</trkpt>
<trkpt lat="45.55644167" lon="9.27096711">
<ele>134.31967</ele>
<time>2026-05-08T09:59:19Z</time>
</trkpt>
<trkpt lat="45.55648609" lon="9.27114751">
<ele>134.36195</ele>
<time>2026-05-08T09:59:20Z</time>
</trkpt>
<trkpt lat="45.55651894" lon="9.2713563">
<ele>134.44122</ele>
<time>2026-05-08T09:59:21Z</time>
</trkpt>
<trkpt lat="45.55655271" lon="9.27157358">
<ele>134.5522</ele>
<time>2026-05-08T09:59:22Z</time>
</trkpt>
<trkpt lat="45.55657736" lon="9.27178753">
<ele>134.63676</ele>
<time>2026-05-08T09:59:23Z</time>
</trkpt>
<trkpt lat="45.55661424" lon="9.27203691">
<ele>134.76888</ele>
<time>2026-05-08T09:59:24Z</time>
</trkpt>
<trkpt lat="45.55664868" lon="9.27231307">
<ele>134.94855</ele>
<time>2026-05-08T09:59:25Z</time>
</trkpt>
<trkpt lat="45.55668416" lon="9.27256565">
<ele>135.12294</ele>
<time>2026-05-08T09:59:26Z</time>
</trkpt>
<trkpt lat="45.55671318" lon="9.27280453">
<ele>135.29205</ele>
<time>2026-05-08T09:59:27Z</time>
</trkpt>
<trkpt lat="45.55674878" lon="9.27306163">
<ele>135.52457</ele>
<time>2026-05-08T09:59:28Z</time>
</trkpt>
<trkpt lat="45.55680846" lon="9.27349586">
<ele>135.84694</ele>
<time>2026-05-08T09:59:29Z</time>
</trkpt>
<trkpt lat="45.5568485" lon="9.2738448">
<ele>136.01076</ele>
<time>2026-05-08T09:59:31Z</time>
</trkpt>
<trkpt lat="45.55688523" lon="9.27416971">
<ele>136.2063</ele>
<time>2026-05-08T09:59:32Z</time>
</trkpt>
<trkpt lat="45.5569436" lon="9.27449611">
<ele>136.4124</ele>
<time>2026-05-08T09:59:33Z</time>
</trkpt>
<trkpt lat="45.55699102" lon="9.27481589">
<ele>136.57094</ele>
<time>2026-05-08T09:59:34Z</time>
</trkpt>
<trkpt lat="45.55703933" lon="9.27515871">
<ele>136.67134</ele>
<time>2026-05-08T09:59:35Z</time>
</trkpt>
<trkpt lat="45.55709267" lon="9.27552858">
<ele>136.7876</ele>
<time>2026-05-08T09:59:36Z</time>
</trkpt>
<trkpt lat="45.55714056" lon="9.27590961">
<ele>136.962</ele>
<time>2026-05-08T09:59:37Z</time>
</trkpt>
<trkpt lat="45.55718266" lon="9.27626383">
<ele>137.11525</ele>
<time>2026-05-08T09:59:38Z</time>
</trkpt>
<trkpt lat="45.55723532" lon="9.27663755">
<ele>137.17867</ele>
<time>2026-05-08T09:59:39Z</time>
</trkpt>
<trkpt lat="45.55728692" lon="9.27701029">
<ele>137.26323</ele>
<time>2026-05-08T09:59:40Z</time>
</trkpt>
<trkpt lat="45.55734115" lon="9.27739333">
<ele>137.43233</ele>
<time>2026-05-08T09:59:41Z</time>
</trkpt>
<trkpt lat="45.55740266" lon="9.27778853">
<ele>137.5433</ele>
<time>2026-05-08T09:59:42Z</time>
</trkpt>
<trkpt lat="45.55745674" lon="9.27816055">
<ele>137.53802</ele>
<time>2026-05-08T09:59:43Z</time>
</trkpt>
<trkpt lat="45.55751097" lon="9.27854901">
<ele>137.55916</ele>
<time>2026-05-08T09:59:44Z</time>
</trkpt>
<trkpt lat="45.55757229" lon="9.27892845">
<ele>137.57501</ele>
<time>2026-05-08T09:59:45Z</time>
</trkpt>
<trkpt lat="45.55762831" lon="9.27931602">
<ele>137.65428</ele>
<time>2026-05-08T09:59:46Z</time>
</trkpt>
<trkpt lat="45.55768787" lon="9.27968632">
<ele>137.81282</ele>
<time>2026-05-08T09:59:47Z</time>
</trkpt>
<trkpt lat="45.55776027" lon="9.28009715">
<ele>138.07178</ele>
<time>2026-05-08T09:59:48Z</time>
</trkpt>
<trkpt lat="45.5578222" lon="9.28048585">
<ele>138.16689</ele>
<time>2026-05-08T09:59:49Z</time>
</trkpt>
<trkpt lat="45.55787868" lon="9.28087032">
<ele>138.30957</ele>
<time>2026-05-08T09:59:50Z</time>
</trkpt>
<trkpt lat="45.55793967" lon="9.28126677">
<ele>138.42584</ele>
<time>2026-05-08T09:59:51Z</time>
</trkpt>
<trkpt lat="45.5579994" lon="9.2816497">
<ele>138.56325</ele>
<time>2026-05-08T09:59:52Z</time>
</trkpt>
<trkpt lat="45.55806301" lon="9.28206839">
<ele>138.67422</ele>
<time>2026-05-08T09:59:53Z</time>
</trkpt>
<trkpt lat="45.55813486" lon="9.2824946">
<ele>138.82748</ele>
<time>2026-05-08T09:59:54Z</time>
</trkpt>
<trkpt lat="45.55819204" lon="9.28289382">
<ele>138.91731</ele>
<time>2026-05-08T09:59:55Z</time>
</trkpt>
<trkpt lat="45.55825333" lon="9.28331097">
<ele>139.17625</ele>
<time>2026-05-08T09:59:56Z</time>
</trkpt>
<trkpt lat="45.55831115" lon="9.28370512">
<ele>139.21854</ele>
<time>2026-05-08T09:59:57Z</time>
</trkpt>
<trkpt lat="45.55837158" lon="9.28411677">
<ele>139.35065</ele>
<time>2026-05-08T09:59:58Z</time>
</trkpt>
<trkpt lat="45.55843224" lon="9.28452512">
<ele>139.46692</ele>
<time>2026-05-08T09:59:59Z</time>
</trkpt>
<trkpt lat="45.55849715" lon="9.28495361">
<ele>139.63074</ele>
<time>2026-05-08T10:00:00Z</time>
</trkpt>
<trkpt lat="45.55856348" lon="9.28537582">
<ele>140.00595</ele>
<time>2026-05-08T10:00:01Z</time>
</trkpt>
<trkpt lat="45.5586271" lon="9.285814">
<ele>140.12221</ele>
<time>2026-05-08T10:00:02Z</time>
</trkpt>
<trkpt lat="45.5586808" lon="9.28622423">
<ele>140.22263</ele>
<time>2026-05-08T10:00:03Z</time>
</trkpt>
<trkpt lat="45.5587364" lon="9.2866229">
<ele>140.25961</ele>
<time>2026-05-08T10:00:04Z</time>
</trkpt>
<trkpt lat="45.55878852" lon="9.28703278">
<ele>140.22263</ele>
<time>2026-05-08T10:00:05Z</time>
</trkpt>
<trkpt lat="45.55884454" lon="9.28743389">
<ele>140.20148</ele>
<time>2026-05-08T10:00:06Z</time>
</trkpt>
<trkpt lat="45.55889759" lon="9.28782511">
<ele>140.25433</ele>
<time>2026-05-08T10:00:07Z</time>
</trkpt>
<trkpt lat="45.55896388" lon="9.2882517">
<ele>140.32831</ele>
<time>2026-05-08T10:00:08Z</time>
</trkpt>
<trkpt lat="45.55903649" lon="9.28868343">
<ele>140.47627</ele>
<time>2026-05-08T10:00:09Z</time>
</trkpt>
<trkpt lat="45.55910512" lon="9.28911496">
<ele>140.54498</ele>
<time>2026-05-08T10:00:10Z</time>
</trkpt>
<trkpt lat="45.5591672" lon="9.28954913">
<ele>140.6771</ele>
<time>2026-05-08T10:00:11Z</time>
</trkpt>
<trkpt lat="45.55922987" lon="9.28999856">
<ele>140.75636</ele>
<time>2026-05-08T10:00:12Z</time>
</trkpt>
<trkpt lat="45.55928041" lon="9.29040814">
<ele>140.85678</ele>
<time>2026-05-08T10:00:13Z</time>
</trkpt>
<trkpt lat="45.55934704" lon="9.29081822">
<ele>141.00475</ele>
<time>2026-05-08T10:00:14Z</time>
</trkpt>
<trkpt lat="45.55942124" lon="9.29128478">
<ele>141.16858</ele>
<time>2026-05-08T10:00:15Z</time>
</trkpt>
<trkpt lat="45.55949053" lon="9.29173563">
<ele>141.32712</ele>
<time>2026-05-08T10:00:16Z</time>
</trkpt>
<trkpt lat="45.55957836" lon="9.29220626">
<ele>141.55963</ele>
<time>2026-05-08T10:00:17Z</time>
</trkpt>
<trkpt lat="45.55966151" lon="9.29271481">
<ele>141.85558</ele>
<time>2026-05-08T10:00:18Z</time>
</trkpt>
<trkpt lat="45.55973297" lon="9.29321324">
<ele>142.17265</ele>
<time>2026-05-08T10:00:19Z</time>
</trkpt>
<trkpt lat="45.55981471" lon="9.29368888">
<ele>142.4633</ele>
<time>2026-05-08T10:00:20Z</time>
</trkpt>
<trkpt lat="45.55988871" lon="9.29419189">
<ele>142.68526</ele>
<time>2026-05-08T10:00:21Z</time>
</trkpt>
<trkpt lat="45.55996115" lon="9.29467788">
<ele>142.88608</ele>
<time>2026-05-08T10:00:22Z</time>
</trkpt>
<trkpt lat="45.56003283" lon="9.29514373">
<ele>143.03934</ele>
<time>2026-05-08T10:00:23Z</time>
</trkpt>
<trkpt lat="45.56010302" lon="9.29564348">
<ele>143.21901</ele>
<time>2026-05-08T10:00:24Z</time>
</trkpt>
<trkpt lat="45.56017201" lon="9.29610463">
<ele>143.293</ele>
<time>2026-05-08T10:00:25Z</time>
</trkpt>
<trkpt lat="45.56023041" lon="9.29656122">
<ele>143.40926</ele>
<time>2026-05-08T10:00:26Z</time>
</trkpt>
<trkpt lat="45.56030306" lon="9.29700299">
<ele>143.44624</ele>
<time>2026-05-08T10:00:27Z</time>
</trkpt>
<trkpt lat="45.560369" lon="9.29745037">
<ele>143.45682</ele>
<time>2026-05-08T10:00:28Z</time>
</trkpt>
<trkpt lat="45.56043329" lon="9.29787635">
<ele>143.48325</ele>
<time>2026-05-08T10:00:29Z</time>
</trkpt>
<trkpt lat="45.56049877" lon="9.29830532">
<ele>143.54666</ele>
<time>2026-05-08T10:00:30Z</time>
</trkpt>
<trkpt lat="45.56057377" lon="9.29875064">
<ele>143.72104</ele>
<time>2026-05-08T10:00:31Z</time>
</trkpt>
<trkpt lat="45.56064767" lon="9.29919389">
<ele>144.08041</ele>
<time>2026-05-08T10:00:32Z</time>
</trkpt>
<trkpt lat="45.56071901" lon="9.29963211">
<ele>144.41862</ele>
<time>2026-05-08T10:00:33Z</time>
</trkpt>
<trkpt lat="45.56079092" lon="9.30006049">
<ele>144.74098</ele>
<time>2026-05-08T10:00:34Z</time>
</trkpt>
<trkpt lat="45.56087322" lon="9.3005371">
<ele>145.10562</ele>
<time>2026-05-08T10:00:35Z</time>
</trkpt>
<trkpt lat="45.56094334" lon="9.30097371">
<ele>145.58652</ele>
<time>2026-05-08T10:00:36Z</time>
</trkpt>
<trkpt lat="45.5610192" lon="9.30141134">
<ele>145.99873</ele>
<time>2026-05-08T10:00:37Z</time>
</trkpt>
<trkpt lat="45.561082" lon="9.30184705">
<ele>146.47435</ele>
<time>2026-05-08T10:00:38Z</time>
</trkpt>
<trkpt lat="45.5611515" lon="9.3022957">
<ele>146.9024</ele>
<time>2026-05-08T10:00:39Z</time>
</trkpt>
<trkpt lat="45.56122241" lon="9.30274292">
<ele>147.2829</ele>
<time>2026-05-08T10:00:40Z</time>
</trkpt>
<trkpt lat="45.56128954" lon="9.30318505">
<ele>147.77437</ele>
<time>2026-05-08T10:00:41Z</time>
</trkpt>
<trkpt lat="45.56135574" lon="9.30362893">
<ele>148.19185</ele>
<time>2026-05-08T10:00:42Z</time>
</trkpt>
<trkpt lat="45.56142828" lon="9.30409737">
<ele>148.57236</ele>
<time>2026-05-08T10:00:43Z</time>
</trkpt>
<trkpt lat="45.56149281" lon="9.30453812">
<ele>148.937</ele>
<time>2026-05-08T10:00:44Z</time>
</trkpt>
<trkpt lat="45.56155628" lon="9.30499975">
<ele>149.20651</ele>
<time>2026-05-08T10:00:45Z</time>
</trkpt>
<trkpt lat="45.56160894" lon="9.30542494">
<ele>149.3439</ele>
<time>2026-05-08T10:00:46Z</time>
</trkpt>
<trkpt lat="45.56165893" lon="9.30586626">
<ele>149.29634</ele>
<time>2026-05-08T10:00:47Z</time>
</trkpt>
<trkpt lat="45.56171655" lon="9.30628089">
<ele>149.23293</ele>
<time>2026-05-08T10:00:48Z</time>
</trkpt>
<trkpt lat="45.56178628" lon="9.3067249">
<ele>149.19066</ele>
<time>2026-05-08T10:00:49Z</time>
</trkpt>
<trkpt lat="45.56185244" lon="9.30716416">
<ele>149.11667</ele>
<time>2026-05-08T10:00:50Z</time>
</trkpt>
<trkpt lat="45.56191647" lon="9.3076102">
<ele>148.85771</ele>
<time>2026-05-08T10:00:51Z</time>
</trkpt>
<trkpt lat="45.56198026" lon="9.30805129">
<ele>148.55649</ele>
<time>2026-05-08T10:00:52Z</time>
</trkpt>
<trkpt lat="45.56204324" lon="9.30848328">
<ele>148.37152</ele>
<time>2026-05-08T10:00:53Z</time>
</trkpt>
<trkpt lat="45.5621075" lon="9.30891963">
<ele>148.13373</ele>
<time>2026-05-08T10:00:54Z</time>
</trkpt>
<trkpt lat="45.56217975" lon="9.30937298">
<ele>147.81665</ele>
<time>2026-05-08T10:00:55Z</time>
</trkpt>
<trkpt lat="45.56225316" lon="9.309836">
<ele>147.49428</ele>
<time>2026-05-08T10:00:56Z</time>
</trkpt>
<trkpt lat="45.56231297" lon="9.31027265">
<ele>147.35161</ele>
<time>2026-05-08T10:00:57Z</time>
</trkpt>
<trkpt lat="45.56239862" lon="9.31076245">
<ele>147.1825</ele>
<time>2026-05-08T10:00:58Z</time>
</trkpt>
<trkpt lat="45.56246452" lon="9.31119755">
<ele>147.13492</ele>
<time>2026-05-08T10:00:59Z</time>
</trkpt>
<trkpt lat="45.56252659" lon="9.31163785">
<ele>146.98167</ele>
<time>2026-05-08T10:01:00Z</time>
</trkpt>
<trkpt lat="45.56258301" lon="9.31205573">
<ele>146.97638</ele>
<time>2026-05-08T10:01:01Z</time>
</trkpt>
<trkpt lat="45.56264579" lon="9.31250107">
<ele>146.86012</ele>
<time>2026-05-08T10:01:02Z</time>
</trkpt>
<trkpt lat="45.56271072" lon="9.31294413">
<ele>146.75444</ele>
<time>2026-05-08T10:01:03Z</time>
</trkpt>
<trkpt lat="45.56277873" lon="9.31338699">
<ele>146.65402</ele>
<time>2026-05-08T10:01:04Z</time>
</trkpt>
<trkpt lat="45.56284441" lon="9.31383557">
<ele>146.57475</ele>
<time>2026-05-08T10:01:05Z</time>
</trkpt>
<trkpt lat="45.56290947" lon="9.31427178">
<ele>146.53247</ele>
<time>2026-05-08T10:01:06Z</time>
</trkpt>
<trkpt lat="45.56296454" lon="9.31470132">
<ele>146.53247</ele>
<time>2026-05-08T10:01:07Z</time>
</trkpt>
<trkpt lat="45.56302463" lon="9.31514927">
<ele>146.51662</ele>
<time>2026-05-08T10:01:08Z</time>
</trkpt>
<trkpt lat="45.56309195" lon="9.31560558">
<ele>146.41621</ele>
<time>2026-05-08T10:01:09Z</time>
</trkpt>
<trkpt lat="45.563153" lon="9.31606176">
<ele>146.40036</ele>
<time>2026-05-08T10:01:10Z</time>
</trkpt>
<trkpt lat="45.56321738" lon="9.31651181">
<ele>146.35808</ele>
<time>2026-05-08T10:01:11Z</time>
</trkpt>
<trkpt lat="45.56328461" lon="9.31697277">
<ele>146.42151</ele>
<time>2026-05-08T10:01:12Z</time>
</trkpt>
<trkpt lat="45.56334837" lon="9.31741241">
<ele>146.48491</ele>
<time>2026-05-08T10:01:13Z</time>
</trkpt>
<trkpt lat="45.56340609" lon="9.317853">
<ele>146.55362</ele>
<time>2026-05-08T10:01:14Z</time>
</trkpt>
<trkpt lat="45.56347079" lon="9.31829581">
<ele>146.82314</ele>
<time>2026-05-08T10:01:15Z</time>
</trkpt>
<trkpt lat="45.5635356" lon="9.31871975">
<ele>146.91826</ele>
<time>2026-05-08T10:01:16Z</time>
</trkpt>
<trkpt lat="45.56359933" lon="9.31917273">
<ele>146.85484</ele>
<time>2026-05-08T10:01:17Z</time>
</trkpt>
<trkpt lat="45.56366193" lon="9.31960101">
<ele>146.91298</ele>
<time>2026-05-08T10:01:18Z</time>
</trkpt>
<trkpt lat="45.56372482" lon="9.32007446">
<ele>146.82314</ele>
<time>2026-05-08T10:01:19Z</time>
</trkpt>
<trkpt lat="45.56379454" lon="9.32050525">
<ele>146.75444</ele>
<time>2026-05-08T10:01:20Z</time>
</trkpt>
<trkpt lat="45.56385477" lon="9.32094241">
<ele>146.71744</ele>
<time>2026-05-08T10:01:21Z</time>
</trkpt>
<trkpt lat="45.56392262" lon="9.32140088">
<ele>146.68573</ele>
<time>2026-05-08T10:01:22Z</time>
</trkpt>
<trkpt lat="45.56398751" lon="9.32183302">
<ele>146.74387</ele>
<time>2026-05-08T10:01:23Z</time>
</trkpt>
<trkpt lat="45.56406331" lon="9.32228412">
<ele>146.82841</ele>
<time>2026-05-08T10:01:24Z</time>
</trkpt>
<trkpt lat="45.56413109" lon="9.32272911">
<ele>146.7967</ele>
<time>2026-05-08T10:01:25Z</time>
</trkpt>
<trkpt lat="45.56419109" lon="9.32315524">
<ele>146.74387</ele>
<time>2026-05-08T10:01:26Z</time>
</trkpt>
<trkpt lat="45.56425331" lon="9.32361348">
<ele>146.72273</ele>
<time>2026-05-08T10:01:27Z</time>
</trkpt>
<trkpt lat="45.56431839" lon="9.32405001">
<ele>146.75444</ele>
<time>2026-05-08T10:01:28Z</time>
</trkpt>
<trkpt lat="45.56438482" lon="9.32446843">
<ele>146.89713</ele>
<time>2026-05-08T10:01:29Z</time>
</trkpt>
<trkpt lat="45.56444406" lon="9.3249035">
<ele>146.93411</ele>
<time>2026-05-08T10:01:30Z</time>
</trkpt>
<trkpt lat="45.56451136" lon="9.32533808">
<ele>146.95525</ele>
<time>2026-05-08T10:01:31Z</time>
</trkpt>
<trkpt lat="45.56457254" lon="9.3257628">
<ele>147.0081</ele>
<time>2026-05-08T10:01:32Z</time>
</trkpt>
<trkpt lat="45.56463242" lon="9.32619808">
<ele>147.08737</ele>
<time>2026-05-08T10:01:33Z</time>
</trkpt>
<trkpt lat="45.56469704" lon="9.32661946">
<ele>147.15607</ele>
<time>2026-05-08T10:01:34Z</time>
</trkpt>
<trkpt lat="45.5647569" lon="9.32703589">
<ele>147.19835</ele>
<time>2026-05-08T10:01:35Z</time>
</trkpt>
<trkpt lat="45.56482207" lon="9.32748076">
<ele>147.22476</ele>
<time>2026-05-08T10:01:36Z</time>
</trkpt>
<trkpt lat="45.56487999" lon="9.3278885">
<ele>147.21948</ele>
<time>2026-05-08T10:01:37Z</time>
</trkpt>
<trkpt lat="45.5649439" lon="9.32831439">
<ele>147.41501</ele>
<time>2026-05-08T10:01:38Z</time>
</trkpt>
<trkpt lat="45.56501179" lon="9.3286994">
<ele>147.43086</ele>
<time>2026-05-08T10:01:39Z</time>
</trkpt>
<trkpt lat="45.56506619" lon="9.32908561">
<ele>147.49428</ele>
<time>2026-05-08T10:01:40Z</time>
</trkpt>
<trkpt lat="45.56513249" lon="9.32956736">
<ele>147.53128</ele>
<time>2026-05-08T10:01:41Z</time>
</trkpt>
<trkpt lat="45.56518233" lon="9.32996126">
<ele>147.57883</ele>
<time>2026-05-08T10:01:42Z</time>
</trkpt>
<trkpt lat="45.56523935" lon="9.33037953">
<ele>147.62111</ele>
<time>2026-05-08T10:01:43Z</time>
</trkpt>
<trkpt lat="45.5652975" lon="9.33078745">
<ele>147.74794</ele>
<time>2026-05-08T10:01:44Z</time>
</trkpt>
<trkpt lat="45.56535385" lon="9.33121819">
<ele>147.91705</ele>
<time>2026-05-08T10:01:45Z</time>
</trkpt>
<trkpt lat="45.56540794" lon="9.3316313">
<ele>148.0386</ele>
<time>2026-05-08T10:01:46Z</time>
</trkpt>
<trkpt lat="45.56547508" lon="9.332046">
<ele>148.16544</ele>
<time>2026-05-08T10:01:47Z</time>
</trkpt>
<trkpt lat="45.56553904" lon="9.33251136">
<ele>148.25526</ele>
<time>2026-05-08T10:01:48Z</time>
</trkpt>
<trkpt lat="45.56560106" lon="9.33290379">
<ele>148.2817</ele>
<time>2026-05-08T10:01:49Z</time>
</trkpt>
<trkpt lat="45.56566121" lon="9.33330578">
<ele>148.43495</ele>
<time>2026-05-08T10:01:50Z</time>
</trkpt>
<trkpt lat="45.56572279" lon="9.333716">
<ele>148.54063</ele>
<time>2026-05-08T10:01:51Z</time>
</trkpt>
<trkpt lat="45.5657826" lon="9.33411855">
<ele>148.58292</ele>
<time>2026-05-08T10:01:52Z</time>
</trkpt>
<trkpt lat="45.5658448" lon="9.33451919">
<ele>148.68861</ele>
<time>2026-05-08T10:01:53Z</time>
</trkpt>
<trkpt lat="45.56589944" lon="9.33489623">
<ele>148.6569</ele>
<time>2026-05-08T10:01:54Z</time>
</trkpt>
<trkpt lat="45.56594792" lon="9.33527197">
<ele>148.59349</ele>
<time>2026-05-08T10:01:55Z</time>
</trkpt>
<trkpt lat="45.56599924" lon="9.33563564">
<ele>148.53008</ele>
<time>2026-05-08T10:01:56Z</time>
</trkpt>
<trkpt lat="45.56605491" lon="9.33601371">
<ele>148.47722</ele>
<time>2026-05-08T10:01:57Z</time>
</trkpt>
<trkpt lat="45.56611085" lon="9.33639215">
<ele>148.39795</ele>
<time>2026-05-08T10:01:58Z</time>
</trkpt>
<trkpt lat="45.56615905" lon="9.33676166">
<ele>148.2817</ele>
<time>2026-05-08T10:01:59Z</time>
</trkpt>
<trkpt lat="45.56621823" lon="9.33716993">
<ele>148.19185</ele>
<time>2026-05-08T10:02:00Z</time>
</trkpt>
<trkpt lat="45.5662703" lon="9.33752434">
<ele>148.08087</ele>
<time>2026-05-08T10:02:01Z</time>
</trkpt>
<trkpt lat="45.56632991" lon="9.33792438">
<ele>148.01218</ele>
<time>2026-05-08T10:02:02Z</time>
</trkpt>
<trkpt lat="45.56637418" lon="9.33823563">
<ele>147.88007</ele>
<time>2026-05-08T10:02:03Z</time>
</trkpt>
<trkpt lat="45.56643351" lon="9.33860401">
<ele>147.73737</ele>
<time>2026-05-08T10:02:04Z</time>
</trkpt>
<trkpt lat="45.56648007" lon="9.33893083">
<ele>147.59468</ele>
<time>2026-05-08T10:02:05Z</time>
</trkpt>
<trkpt lat="45.56652792" lon="9.33929045">
<ele>147.53128</ele>
<time>2026-05-08T10:02:06Z</time>
</trkpt>
<trkpt lat="45.56658801" lon="9.33966622">
<ele>147.48372</ele>
<time>2026-05-08T10:02:07Z</time>
</trkpt>
<trkpt lat="45.56664052" lon="9.34001256">
<ele>147.39388</ele>
<time>2026-05-08T10:02:08Z</time>
</trkpt>
<trkpt lat="45.56668924" lon="9.34037591">
<ele>147.3833</ele>
<time>2026-05-08T10:02:09Z</time>
</trkpt>
<trkpt lat="45.5667449" lon="9.34072752">
<ele>147.36745</ele>
<time>2026-05-08T10:02:10Z</time>
</trkpt>
<trkpt lat="45.56679566" lon="9.3410767">
<ele>147.28818</ele>
<time>2026-05-08T10:02:11Z</time>
</trkpt>
<trkpt lat="45.56684502" lon="9.34143431">
<ele>147.29875</ele>
<time>2026-05-08T10:02:12Z</time>
</trkpt>
<trkpt lat="45.56689699" lon="9.34179184">
<ele>147.54184</ele>
<time>2026-05-08T10:02:13Z</time>
</trkpt>
<trkpt lat="45.56694889" lon="9.34214999">
<ele>147.85364</ele>
<time>2026-05-08T10:02:14Z</time>
</trkpt>
<trkpt lat="45.56699724" lon="9.34249952">
<ele>147.82193</ele>
<time>2026-05-08T10:02:15Z</time>
</trkpt>
<trkpt lat="45.56704694" lon="9.34284267">
<ele>147.74266</ele>
<time>2026-05-08T10:02:16Z</time>
</trkpt>
<trkpt lat="45.56709585" lon="9.34318867">
<ele>147.61053</ele>
<time>2026-05-08T10:02:17Z</time>
</trkpt>
<trkpt lat="45.5671476" lon="9.34351642">
<ele>147.49428</ele>
<time>2026-05-08T10:02:18Z</time>
</trkpt>
<trkpt lat="45.56719405" lon="9.3438431">
<ele>147.36745</ele>
<time>2026-05-08T10:02:19Z</time>
</trkpt>
<trkpt lat="45.56723767" lon="9.34413694">
<ele>147.28818</ele>
<time>2026-05-08T10:02:20Z</time>
</trkpt>
<trkpt lat="45.56728577" lon="9.34444552">
<ele>147.23534</ele>
<time>2026-05-08T10:02:21Z</time>
</trkpt>
<trkpt lat="45.56733452" lon="9.34478558">
<ele>147.19307</ele>
<time>2026-05-08T10:02:22Z</time>
</trkpt>
<trkpt lat="45.56739142" lon="9.3451347">
<ele>147.20363</ele>
<time>2026-05-08T10:02:23Z</time>
</trkpt>
<trkpt lat="45.56744343" lon="9.34547433">
<ele>147.25647</ele>
<time>2026-05-08T10:02:24Z</time>
</trkpt>
<trkpt lat="45.56748798" lon="9.34580176">
<ele>147.2829</ele>
<time>2026-05-08T10:02:25Z</time>
</trkpt>
<trkpt lat="45.56752092" lon="9.34611965">
<ele>147.28818</ele>
<time>2026-05-08T10:02:26Z</time>
</trkpt>
<trkpt lat="45.56756892" lon="9.34644327">
<ele>147.18777</ele>
<time>2026-05-08T10:02:27Z</time>
</trkpt>
<trkpt lat="45.56761898" lon="9.34674601">
<ele>147.10321</ele>
<time>2026-05-08T10:02:28Z</time>
</trkpt>
<trkpt lat="45.56766724" lon="9.34706113">
<ele>147.0028</ele>
<time>2026-05-08T10:02:29Z</time>
</trkpt>
<trkpt lat="45.56770609" lon="9.34735738">
<ele>146.95525</ele>
<time>2026-05-08T10:02:30Z</time>
</trkpt>
<trkpt lat="45.56774274" lon="9.3476513">
<ele>146.93411</ele>
<time>2026-05-08T10:02:31Z</time>
</trkpt>
<trkpt lat="45.56777648" lon="9.34795262">
<ele>146.89183</ele>
<time>2026-05-08T10:02:32Z</time>
</trkpt>
<trkpt lat="45.56780434" lon="9.34824783">
<ele>146.8707</ele>
<time>2026-05-08T10:02:33Z</time>
</trkpt>
<trkpt lat="45.56783399" lon="9.34852738">
<ele>146.80199</ele>
<time>2026-05-08T10:02:34Z</time>
</trkpt>
<trkpt lat="45.56786299" lon="9.34881826">
<ele>146.75972</ele>
<time>2026-05-08T10:02:35Z</time>
</trkpt>
<trkpt lat="45.56789641" lon="9.34910452">
<ele>146.6963</ele>
<time>2026-05-08T10:02:36Z</time>
</trkpt>
<trkpt lat="45.56792561" lon="9.34935011">
<ele>146.7703</ele>
<time>2026-05-08T10:02:37Z</time>
</trkpt>
<trkpt lat="45.56795578" lon="9.34962029">
<ele>146.72801</ele>
<time>2026-05-08T10:02:38Z</time>
</trkpt>
<trkpt lat="45.56799606" lon="9.34985527">
<ele>146.66988</ele>
<time>2026-05-08T10:02:39Z</time>
</trkpt>
<trkpt lat="45.56802857" lon="9.35009947">
<ele>146.63817</ele>
<time>2026-05-08T10:02:40Z</time>
</trkpt>
<trkpt lat="45.56806448" lon="9.35035275">
<ele>146.60646</ele>
<time>2026-05-08T10:02:41Z</time>
</trkpt>
<trkpt lat="45.56809402" lon="9.35060285">
<ele>146.56947</ele>
<time>2026-05-08T10:02:42Z</time>
</trkpt>
<trkpt lat="45.56813562" lon="9.35084994">
<ele>146.5642</ele>
<time>2026-05-08T10:02:43Z</time>
</trkpt>
<trkpt lat="45.56816836" lon="9.35109698">
<ele>146.5906</ele>
<time>2026-05-08T10:02:44Z</time>
</trkpt>
<trkpt lat="45.56820853" lon="9.3513525">
<ele>146.60118</ele>
<time>2026-05-08T10:02:45Z</time>
</trkpt>
<trkpt lat="45.56825009" lon="9.35161322">
<ele>146.70688</ele>
<time>2026-05-08T10:02:46Z</time>
</trkpt>
<trkpt lat="45.56828788" lon="9.35186068">
<ele>146.80728</ele>
<time>2026-05-08T10:02:47Z</time>
</trkpt>
<trkpt lat="45.56832871" lon="9.35212035">
<ele>146.8337</ele>
<time>2026-05-08T10:02:48Z</time>
</trkpt>
<trkpt lat="45.56835875" lon="9.35238336">
<ele>146.84427</ele>
<time>2026-05-08T10:02:49Z</time>
</trkpt>
<trkpt lat="45.56840123" lon="9.35267674">
<ele>146.83899</ele>
<time>2026-05-08T10:02:50Z</time>
</trkpt>
<trkpt lat="45.56844125" lon="9.35293483">
<ele>146.8707</ele>
<time>2026-05-08T10:02:51Z</time>
</trkpt>
<trkpt lat="45.56848436" lon="9.35321493">
<ele>146.86542</ele>
<time>2026-05-08T10:02:52Z</time>
</trkpt>
<trkpt lat="45.56852083" lon="9.35345942">
<ele>146.86542</ele>
<time>2026-05-08T10:02:53Z</time>
</trkpt>
<trkpt lat="45.56855472" lon="9.35370553">
<ele>146.87598</ele>
<time>2026-05-08T10:02:54Z</time>
</trkpt>
<trkpt lat="45.56859416" lon="9.35394371">
<ele>146.90768</ele>
<time>2026-05-08T10:02:55Z</time>
</trkpt>
<trkpt lat="45.56863714" lon="9.3541892">
<ele>146.93939</ele>
<time>2026-05-08T10:02:56Z</time>
</trkpt>
<trkpt lat="45.56867149" lon="9.35444383">
<ele>146.99223</ele>
<time>2026-05-08T10:02:57Z</time>
</trkpt>
<trkpt lat="45.56871013" lon="9.35470302">
<ele>147.02396</ele>
<time>2026-05-08T10:02:58Z</time>
</trkpt>
<trkpt lat="45.56874717" lon="9.3549675">
<ele>147.05566</ele>
<time>2026-05-08T10:02:59Z</time>
</trkpt>
<trkpt lat="45.56877773" lon="9.3552128">
<ele>147.04509</ele>
<time>2026-05-08T10:03:00Z</time>
</trkpt>
<trkpt lat="45.56880597" lon="9.35546141">
<ele>147.06622</ele>
<time>2026-05-08T10:03:01Z</time>
</trkpt>
<trkpt lat="45.56883459" lon="9.35569766">
<ele>147.06622</ele>
<time>2026-05-08T10:03:02Z</time>
</trkpt>
<trkpt lat="45.56887047" lon="9.35594776">
<ele>147.04509</ele>
<time>2026-05-08T10:03:03Z</time>
</trkpt>
<trkpt lat="45.56890667" lon="9.35618534">
<ele>147.04509</ele>
<time>2026-05-08T10:03:04Z</time>
</trkpt>
<trkpt lat="45.56893729" lon="9.35643161">
<ele>147.02396</ele>
<time>2026-05-08T10:03:05Z</time>
</trkpt>
<trkpt lat="45.56897368" lon="9.3566661">
<ele>146.98695</ele>
<time>2026-05-08T10:03:06Z</time>
</trkpt>
<trkpt lat="45.56901171" lon="9.35691659">
<ele>147.02396</ele>
<time>2026-05-08T10:03:07Z</time>
</trkpt>
<trkpt lat="45.56904437" lon="9.35717033">
<ele>147.21948</ele>
<time>2026-05-08T10:03:08Z</time>
</trkpt>
<trkpt lat="45.56908271" lon="9.3574348">
<ele>147.37802</ele>
<time>2026-05-08T10:03:09Z</time>
</trkpt>
<trkpt lat="45.5691043" lon="9.35768346">
<ele>147.54184</ele>
<time>2026-05-08T10:03:10Z</time>
</trkpt>
<trkpt lat="45.56911696" lon="9.35792464">
<ele>147.64226</ele>
<time>2026-05-08T10:03:11Z</time>
</trkpt>
<trkpt lat="45.56913519" lon="9.35816958">
<ele>147.70038</ele>
<time>2026-05-08T10:03:12Z</time>
</trkpt>
<trkpt lat="45.56915219" lon="9.35841919">
<ele>147.7638</ele>
<time>2026-05-08T10:03:13Z</time>
</trkpt>
<trkpt lat="45.56917517" lon="9.35863164">
<ele>147.86421</ele>
<time>2026-05-08T10:03:14Z</time>
</trkpt>
<trkpt lat="45.5692131" lon="9.35889742">
<ele>147.97519</ele>
<time>2026-05-08T10:03:15Z</time>
</trkpt>
<trkpt lat="45.56924988" lon="9.35915765">
<ele>148.08087</ele>
<time>2026-05-08T10:03:16Z</time>
</trkpt>
<trkpt lat="45.56928814" lon="9.35939952">
<ele>148.16544</ele>
<time>2026-05-08T10:03:17Z</time>
</trkpt>
<trkpt lat="45.56932722" lon="9.35963625">
<ele>148.21298</ele>
<time>2026-05-08T10:03:18Z</time>
</trkpt>
<trkpt lat="45.56935823" lon="9.35988211">
<ele>148.28699</ele>
<time>2026-05-08T10:03:19Z</time>
</trkpt>
<trkpt lat="45.56939298" lon="9.36012022">
<ele>148.32925</ele>
<time>2026-05-08T10:03:20Z</time>
</trkpt>
<trkpt lat="45.56942242" lon="9.36033306">
<ele>148.39795</ele>
<time>2026-05-08T10:03:21Z</time>
</trkpt>
<trkpt lat="45.56945892" lon="9.36057653">
<ele>148.39795</ele>
<time>2026-05-08T10:03:22Z</time>
</trkpt>
<trkpt lat="45.56949071" lon="9.36080828">
<ele>148.38739</ele>
<time>2026-05-08T10:03:23Z</time>
</trkpt>
<trkpt lat="45.56952062" lon="9.36100383">
<ele>148.39795</ele>
<time>2026-05-08T10:03:24Z</time>
</trkpt>
<trkpt lat="45.56955104" lon="9.361213">
<ele>148.38739</ele>
<time>2026-05-08T10:03:25Z</time>
</trkpt>
<trkpt lat="45.56957257" lon="9.36137377">
<ele>148.3134</ele>
<time>2026-05-08T10:03:26Z</time>
</trkpt>
<trkpt lat="45.56959347" lon="9.36153874">
<ele>148.19185</ele>
<time>2026-05-08T10:03:27Z</time>
</trkpt>
<trkpt lat="45.56959682" lon="9.36169451">
<ele>148.08087</ele>
<time>2026-05-08T10:03:28Z</time>
</trkpt>
<trkpt lat="45.56958927" lon="9.36179161">
<ele>147.97519</ele>
<time>2026-05-08T10:03:29Z</time>
</trkpt>
<trkpt lat="45.56957337" lon="9.36187383">
<ele>147.88535</ele>
<time>2026-05-08T10:03:30Z</time>
</trkpt>
<trkpt lat="45.56955575" lon="9.36192352">
<ele>147.80608</ele>
<time>2026-05-08T10:03:31Z</time>
</trkpt>
<trkpt lat="45.56954593" lon="9.36195907">
<ele>147.7268</ele>
<time>2026-05-08T10:03:32Z</time>
</trkpt>
<trkpt lat="45.56953174" lon="9.36200264">
<ele>147.66339</ele>
<time>2026-05-08T10:03:33Z</time>
</trkpt>
<trkpt lat="45.56952093" lon="9.36202996">
<ele>147.61583</ele>
<time>2026-05-08T10:03:34Z</time>
</trkpt>
<trkpt lat="45.56951568" lon="9.36205866">
<ele>147.5894</ele>
<time>2026-05-08T10:03:35Z</time>
</trkpt>
<trkpt lat="45.5695078" lon="9.36208615">
<ele>147.57355</ele>
<time>2026-05-08T10:03:36Z</time>
</trkpt>
<trkpt lat="45.56949861" lon="9.36212461">
<ele>147.56827</ele>
<time>2026-05-08T10:03:37Z</time>
</trkpt>
<trkpt lat="45.56948832" lon="9.36216044">
<ele>147.5577</ele>
<time>2026-05-08T10:03:38Z</time>
</trkpt>
<trkpt lat="45.56946517" lon="9.36219633">
<ele>147.56827</ele>
<time>2026-05-08T10:03:39Z</time>
</trkpt>
<trkpt lat="45.56943809" lon="9.36221393">
<ele>147.57355</ele>
<time>2026-05-08T10:03:40Z</time>
</trkpt>
<trkpt lat="45.56940985" lon="9.36222068">
<ele>147.59998</ele>
<time>2026-05-08T10:03:41Z</time>
</trkpt>
<trkpt lat="45.5693769" lon="9.36223234">
<ele>147.80608</ele>
<time>2026-05-08T10:03:42Z</time>
</trkpt>
<trkpt lat="45.56934407" lon="9.36224395">
<ele>148.09145</ele>
<time>2026-05-08T10:03:43Z</time>
</trkpt>
<trkpt lat="45.56931947" lon="9.36225213">
<ele>148.33453</ele>
<time>2026-05-08T10:03:44Z</time>
</trkpt>
<trkpt lat="45.56929566" lon="9.36225748">
<ele>148.53535</ele>
<time>2026-05-08T10:03:45Z</time>
</trkpt>
<trkpt lat="45.56927695" lon="9.36226218">
<ele>148.70447</ele>
<time>2026-05-08T10:03:46Z</time>
</trkpt>
<trkpt lat="45.5692568" lon="9.36226759">
<ele>148.84715</ele>
<time>2026-05-08T10:03:47Z</time>
</trkpt>
<trkpt lat="45.56924712" lon="9.36226992">
<ele>149.08496</ele>
<time>2026-05-08T10:03:49Z</time>
</trkpt>
<trkpt lat="45.56924891" lon="9.36226746">
<ele>149.19066</ele>
<time>2026-05-08T10:03:50Z</time>
</trkpt>
<trkpt lat="45.5692504" lon="9.36226485">
<ele>149.29106</ele>
<time>2026-05-08T10:03:51Z</time>
</trkpt>
<trkpt lat="45.56924862" lon="9.36226454">
<ele>149.37033</ele>
<time>2026-05-08T10:03:52Z</time>
</trkpt>
<trkpt lat="45.56878682" lon="9.36213295">
<ele>148.68332</ele>
<time>2026-05-08T10:04:28Z</time>
</trkpt>
<trkpt lat="45.56874468" lon="9.36209055">
<ele>148.54063</ele>
<time>2026-05-08T10:04:29Z</time>
</trkpt>
<trkpt lat="45.56874072" lon="9.36208782">
<ele>148.39267</ele>
<time>2026-05-08T10:04:30Z</time>
</trkpt>
<trkpt lat="45.56874349" lon="9.36209243">
<ele>148.30284</ele>
<time>2026-05-08T10:04:31Z</time>
</trkpt>
<trkpt lat="45.56874126" lon="9.36209147">
<ele>148.2447</ele>
<time>2026-05-08T10:04:32Z</time>
</trkpt>
<trkpt lat="45.56874503" lon="9.36209014">
<ele>148.176</ele>
<time>2026-05-08T10:04:33Z</time>
</trkpt>
<trkpt lat="45.56874586" lon="9.36208784">
<ele>148.09145</ele>
<time>2026-05-08T10:04:34Z</time>
</trkpt>
<trkpt lat="45.56874647" lon="9.36208761">
<ele>148.01218</ele>
<time>2026-05-08T10:04:35Z</time>
</trkpt>
<trkpt lat="45.56853211" lon="9.36174286">
<ele>148.06502</ele>
<time>2026-05-08T10:04:43Z</time>
</trkpt>
<trkpt lat="45.56847465" lon="9.36169501">
<ele>148.12845</ele>
<time>2026-05-08T10:04:44Z</time>
</trkpt>
<trkpt lat="45.56841101" lon="9.36166627">
<ele>148.1443</ele>
<time>2026-05-08T10:04:45Z</time>
</trkpt>
<trkpt lat="45.56834309" lon="9.36165352">
<ele>148.1443</ele>
<time>2026-05-08T10:04:46Z</time>
</trkpt>
<trkpt lat="45.56827808" lon="9.36167449">
<ele>148.13373</ele>
<time>2026-05-08T10:04:47Z</time>
</trkpt>
<trkpt lat="45.56822989" lon="9.36173027">
<ele>148.08087</ele>
<time>2026-05-08T10:04:48Z</time>
</trkpt>
<trkpt lat="45.56819007" lon="9.36179571">
<ele>148.01746</ele>
<time>2026-05-08T10:04:49Z</time>
</trkpt>
<trkpt lat="45.56816289" lon="9.36187647">
<ele>147.94876</ele>
<time>2026-05-08T10:04:50Z</time>
</trkpt>
<trkpt lat="45.56814612" lon="9.36194569">
<ele>147.86949</ele>
<time>2026-05-08T10:04:51Z</time>
</trkpt>
<trkpt lat="45.56812488" lon="9.36203258">
<ele>147.79022</ele>
<time>2026-05-08T10:04:52Z</time>
</trkpt>
<trkpt lat="45.5681077" lon="9.36211916">
<ele>147.71623</ele>
<time>2026-05-08T10:04:53Z</time>
</trkpt>
<trkpt lat="45.56808864" lon="9.36219907">
<ele>147.64226</ele>
<time>2026-05-08T10:04:54Z</time>
</trkpt>
<trkpt lat="45.56805595" lon="9.36227176">
<ele>147.56827</ele>
<time>2026-05-08T10:04:55Z</time>
</trkpt>
<trkpt lat="45.56801934" lon="9.36231587">
<ele>147.45729</ele>
<time>2026-05-08T10:04:56Z</time>
</trkpt>
<trkpt lat="45.5679874" lon="9.3623561">
<ele>147.34631</ele>
<time>2026-05-08T10:04:57Z</time>
</trkpt>
<trkpt lat="45.56794717" lon="9.36236792">
<ele>147.20363</ele>
<time>2026-05-08T10:04:58Z</time>
</trkpt>
<trkpt lat="45.56790659" lon="9.36237176">
<ele>147.07152</ele>
<time>2026-05-08T10:04:59Z</time>
</trkpt>
<trkpt lat="45.56787011" lon="9.36237948">
<ele>146.92354</ele>
<time>2026-05-08T10:05:00Z</time>
</trkpt>
<trkpt lat="45.56782352" lon="9.36237602">
<ele>146.75972</ele>
<time>2026-05-08T10:05:01Z</time>
</trkpt>
<trkpt lat="45.56778676" lon="9.36235275">
<ele>146.58533</ele>
<time>2026-05-08T10:05:02Z</time>
</trkpt>
<trkpt lat="45.56775755" lon="9.36232293">
<ele>146.42679</ele>
<time>2026-05-08T10:05:03Z</time>
</trkpt>
<trkpt lat="45.5677363" lon="9.36227979">
<ele>146.27353</ele>
<time>2026-05-08T10:05:04Z</time>
</trkpt>
<trkpt lat="45.56772626" lon="9.36222803">
<ele>146.13084</ele>
<time>2026-05-08T10:05:05Z</time>
</trkpt>
<trkpt lat="45.56772459" lon="9.36218032">
<ele>145.99873</ele>
<time>2026-05-08T10:05:06Z</time>
</trkpt>
<trkpt lat="45.5677263" lon="9.36214164">
<ele>145.87718</ele>
<time>2026-05-08T10:05:07Z</time>
</trkpt>
<trkpt lat="45.56772604" lon="9.36211995">
<ele>145.75563</ele>
<time>2026-05-08T10:05:08Z</time>
</trkpt>
<trkpt lat="45.56772484" lon="9.36210726">
<ele>145.66052</ele>
<time>2026-05-08T10:05:09Z</time>
</trkpt>
<trkpt lat="45.5677247" lon="9.36209754">
<ele>145.57596</ele>
<time>2026-05-08T10:05:10Z</time>
</trkpt>
<trkpt lat="45.56772327" lon="9.36208538">
<ele>145.49669</ele>
<time>2026-05-08T10:05:11Z</time>
</trkpt>
<trkpt lat="45.56772117" lon="9.36206119">
<ele>145.43327</ele>
<time>2026-05-08T10:05:12Z</time>
</trkpt>
<trkpt lat="45.56771807" lon="9.36203473">
<ele>145.38043</ele>
<time>2026-05-08T10:05:13Z</time>
</trkpt>
<trkpt lat="45.5677133" lon="9.36199356">
<ele>145.33287</ele>
<time>2026-05-08T10:05:14Z</time>
</trkpt>
<trkpt lat="45.56771039" lon="9.36193217">
<ele>145.30116</ele>
<time>2026-05-08T10:05:15Z</time>
</trkpt>
<trkpt lat="45.56770666" lon="9.36188057">
<ele>145.22717</ele>
<time>2026-05-08T10:05:16Z</time>
</trkpt>
<trkpt lat="45.5677045" lon="9.36184418">
<ele>145.16904</ele>
<time>2026-05-08T10:05:17Z</time>
</trkpt>
<trkpt lat="45.56770326" lon="9.36183142">
<ele>145.07921</ele>
<time>2026-05-08T10:05:19Z</time>
</trkpt>
<trkpt lat="45.56770182" lon="9.36183728">
<ele>145.05806</ele>
<time>2026-05-08T10:05:20Z</time>
</trkpt>
<trkpt lat="45.56770336" lon="9.3618678">
<ele>145.05278</ele>
<time>2026-05-08T10:05:21Z</time>
</trkpt>
<trkpt lat="45.56770394" lon="9.36189553">
<ele>145.03693</ele>
<time>2026-05-08T10:05:22Z</time>
</trkpt>
<trkpt lat="45.56770364" lon="9.36191702">
<ele>145.03693</ele>
<time>2026-05-08T10:05:23Z</time>
</trkpt>
<trkpt lat="45.56770347" lon="9.36193055">
<ele>145.03165</ele>
<time>2026-05-08T10:05:24Z</time>
</trkpt>
<trkpt lat="45.56770269" lon="9.36193715">
<ele>145.03165</ele>
<time>2026-05-08T10:05:25Z</time>
</trkpt>
<trkpt lat="45.56770269" lon="9.36194336">
<ele>145.03693</ele>
<time>2026-05-08T10:05:26Z</time>
</trkpt>
<trkpt lat="45.5677027" lon="9.36194736">
<ele>145.0422</ele>
<time>2026-05-08T10:05:27Z</time>
</trkpt>
<trkpt lat="45.56770262" lon="9.36195119">
<ele>145.0422</ele>
<time>2026-05-08T10:05:28Z</time>
</trkpt>
<trkpt lat="45.56767966" lon="9.36194147">
<ele>145.05278</ele>
<time>2026-05-08T10:05:29Z</time>
</trkpt>
<trkpt lat="45.56764474" lon="9.36193842">
<ele>145.05806</ele>
<time>2026-05-08T10:05:30Z</time>
</trkpt>
<trkpt lat="45.56760662" lon="9.36192904">
<ele>145.07391</ele>
<time>2026-05-08T10:05:31Z</time>
</trkpt>
<trkpt lat="45.56757693" lon="9.36191712">
<ele>145.07921</ele>
<time>2026-05-08T10:05:32Z</time>
</trkpt>
<trkpt lat="45.56755423" lon="9.36190651">
<ele>145.09505</ele>
<time>2026-05-08T10:05:33Z</time>
</trkpt>
<trkpt lat="45.56753701" lon="9.3619">
<ele>145.09505</ele>
<time>2026-05-08T10:05:34Z</time>
</trkpt>
<trkpt lat="45.5675209" lon="9.36189056">
<ele>145.10562</ele>
<time>2026-05-08T10:05:35Z</time>
</trkpt>
<trkpt lat="45.56751141" lon="9.36188793">
<ele>145.12148</ele>
<time>2026-05-08T10:05:36Z</time>
</trkpt>
<trkpt lat="45.56750021" lon="9.36188914">
<ele>145.13205</ele>
<time>2026-05-08T10:05:37Z</time>
</trkpt>
<trkpt lat="45.56748347" lon="9.36190076">
<ele>145.14262</ele>
<time>2026-05-08T10:05:38Z</time>
</trkpt>
<trkpt lat="45.56746812" lon="9.36191936">
<ele>145.1479</ele>
<time>2026-05-08T10:05:39Z</time>
</trkpt>
<trkpt lat="45.56745987" lon="9.36193849">
<ele>145.1479</ele>
<time>2026-05-08T10:05:40Z</time>
</trkpt>
<trkpt lat="45.56745574" lon="9.36196103">
<ele>145.1479</ele>
<time>2026-05-08T10:05:41Z</time>
</trkpt>
<trkpt lat="45.56745553" lon="9.36198549">
<ele>145.13733</ele>
<time>2026-05-08T10:05:42Z</time>
</trkpt>
<trkpt lat="45.56745708" lon="9.36205942">
<ele>145.14262</ele>
<time>2026-05-08T10:05:43Z</time>
</trkpt>
<trkpt lat="45.56745898" lon="9.36212859">
<ele>145.13733</ele>
<time>2026-05-08T10:05:44Z</time>
</trkpt>
<trkpt lat="45.56746122" lon="9.362184">
<ele>145.13733</ele>
<time>2026-05-08T10:05:45Z</time>
</trkpt>
<trkpt lat="45.56746022" lon="9.36222597">
<ele>145.12148</ele>
<time>2026-05-08T10:05:46Z</time>
</trkpt>
<trkpt lat="45.56745403" lon="9.36226969">
<ele>145.1109</ele>
<time>2026-05-08T10:05:47Z</time>
</trkpt>
<trkpt lat="45.56744411" lon="9.36228837">
<ele>145.10562</ele>
<time>2026-05-08T10:05:48Z</time>
</trkpt>
<trkpt lat="45.56742853" lon="9.3622934">
<ele>145.09505</ele>
<time>2026-05-08T10:05:49Z</time>
</trkpt>
<trkpt lat="45.56740355" lon="9.36229662">
<ele>145.10034</ele>
<time>2026-05-08T10:05:50Z</time>
</trkpt>
<trkpt lat="45.56737521" lon="9.36230077">
<ele>145.10034</ele>
<time>2026-05-08T10:05:51Z</time>
</trkpt>
<trkpt lat="45.56734744" lon="9.36231455">
<ele>145.10034</ele>
<time>2026-05-08T10:05:52Z</time>
</trkpt>
<trkpt lat="45.56731846" lon="9.36232318">
<ele>145.08977</ele>
<time>2026-05-08T10:05:53Z</time>
</trkpt>
<trkpt lat="45.56729259" lon="9.36232733">
<ele>145.06863</ele>
<time>2026-05-08T10:05:54Z</time>
</trkpt>
<trkpt lat="45.56727436" lon="9.3623191">
<ele>145.0475</ele>
<time>2026-05-08T10:05:55Z</time>
</trkpt>
<trkpt lat="45.567259" lon="9.36230206">
<ele>145.00522</ele>
<time>2026-05-08T10:05:56Z</time>
</trkpt>
<trkpt lat="45.56724902" lon="9.36228153">
<ele>144.97879</ele>
<time>2026-05-08T10:05:57Z</time>
</trkpt>
<trkpt lat="45.5672478" lon="9.36226793">
<ele>144.95236</ele>
<time>2026-05-08T10:05:58Z</time>
</trkpt>
<trkpt lat="45.56724805" lon="9.36226273">
<ele>144.92595</ele>
<time>2026-05-08T10:05:59Z</time>
</trkpt>
<trkpt lat="45.56724867" lon="9.36226469">
<ele>144.90482</ele>
<time>2026-05-08T10:06:00Z</time>
</trkpt>
<trkpt lat="45.56724974" lon="9.36227093">
<ele>144.88367</ele>
<time>2026-05-08T10:06:01Z</time>
</trkpt>
<trkpt lat="45.56748009" lon="9.36193184">
<ele>149.07968</ele>
<time>2026-05-08T10:29:27Z</time>
</trkpt>
<trkpt lat="45.56749801" lon="9.36190653">
<ele>149.07968</ele>
<time>2026-05-08T10:29:29Z</time>
</trkpt>
<trkpt lat="45.5675077" lon="9.36189473">
<ele>149.07968</ele>
<time>2026-05-08T10:29:30Z</time>
</trkpt>
<trkpt lat="45.56751705" lon="9.36188492">
<ele>149.08496</ele>
<time>2026-05-08T10:29:31Z</time>
</trkpt>
<trkpt lat="45.56752785" lon="9.36187702">
<ele>149.10081</ele>
<time>2026-05-08T10:29:32Z</time>
</trkpt>
<trkpt lat="45.56754466" lon="9.36188112">
<ele>149.11667</ele>
<time>2026-05-08T10:29:33Z</time>
</trkpt>
<trkpt lat="45.56755411" lon="9.36188014">
<ele>149.1061</ele>
<time>2026-05-08T10:29:34Z</time>
</trkpt>
<trkpt lat="45.56755949" lon="9.36186354">
<ele>149.08496</ele>
<time>2026-05-08T10:29:35Z</time>
</trkpt>
<trkpt lat="45.56756524" lon="9.36184756">
<ele>149.07968</ele>
<time>2026-05-08T10:29:36Z</time>
</trkpt>
<trkpt lat="45.56757055" lon="9.36183263">
<ele>149.08496</ele>
<time>2026-05-08T10:29:37Z</time>
</trkpt>
<trkpt lat="45.56757615" lon="9.3618176">
<ele>149.09024</ele>
<time>2026-05-08T10:29:38Z</time>
</trkpt>
<trkpt lat="45.56758141" lon="9.36180943">
<ele>149.1061</ele>
<time>2026-05-08T10:29:39Z</time>
</trkpt>
<trkpt lat="45.56759088" lon="9.36180339">
<ele>149.11137</ele>
<time>2026-05-08T10:29:40Z</time>
</trkpt>
</trkseg>
</trk>
<exerciseinfo>
<exercisetype>11007</exercisetype>
<distance>240237.0</distance>
<elevationgain>1150.7355</elevationgain>
<avggradient>1.1385918206086867</avggradient>
<duration>10703472</duration>
<avgspeed>22.445763</avgspeed>
</exerciseinfo>
</gpx>
